Name,URL,Location,Score,Reviews,Main Categories,Average Response Time,On time Delivery Rate,Total Orders so far,Total Order Amount,Services,Quality Control,Certificates,Floor Space,Annual Export Revenue (USD),Production Lines,Total Annual Output (Units),Production Machines,Quality Control on All Lines,QA/QC Inspectors,Main Markets,Main Client Types,Customization Options,New Products Launched Last Year,R&D Engineers
"Zhongshan Hulang Lighting Electrical Co.,ltd",,"Guangdong, China ",4.8,34 reviews,≤2h,100.0%,180 orders,"US $1,400,000+",-1,,,21800,20000000,15,-1,180,Yes,8,"South America(20%), Southeast Asia(20%), Mid East(15%)",,"Retailer, Engineer, Wholesaler, Brand business, Manufacturer","light customization, sample processing, graphic processing, customized on demand",8,6
Shenzhen Fredlighting Technology Limited,,"Guangdong, China ",4.9,110 reviews,≤2h,99.1%,- orders,-1,-1,,,1800,1230000,4,-1,-1,Yes,4,"North America(26%), South America(16%), Northern Europe(16%)",,"Retailer, Engineer, Wholesaler, Brand business, For private use, Manufacturer","sample processing, graphic processing, customized on demand",10,6
"Zhongshan Lurong Lighting Co., Ltd",,"Guangdong, China ",-1,-1,≤3h,100.0%,- orders,-1,-1,,,2600,0,2,125000,10,Yes,1,Domestic Market(100%),,"Retailer, Wholesaler, Brand business, Manufacturer","sample processing, graphic processing, customized on demand, sample processing, graphic processing, customized on demand",60,1
"Zhongshan Anhang Lighting Co., Ltd.",,"Guangdong, China ",4.8,28 reviews,≤3h,100.0%,- orders,-1,-1,,,8000,7700000,12,105000000,75,Yes,6,"North America(22%), Southeast Asia(18%), Mid East(18%)",,other|Confidential,"customized on demand, graphic processing, sample processing, light customization, graphic processing, customized on demand, sample processing, light customization",20,5
"Shenzhen Etenda Lighting Co., Ltd.",,"Guangdong, China ",4.6,76 reviews,≤2h,98.9%,333 orders,"US $680,000+",-1,,,2338,1780000,1,92000,24,Yes,1,"South America(50%), Southeast Asia(20%), North America(10%)",,"Retailer, Engineer, Wholesaler, Brand business, For private use, Manufacturer","light customization, sample processing, graphic processing, customized on demand, sample processing, graphic processing, customized on demand",51,2
"Shenzhen Aike Ou Technology Co., Ltd.",,"Guangdong, China ",4.9,26 reviews,≤2h,95.4%,- orders,-1,-1,,,-1,-1,2,-1,7,Yes,1,"North America(30%), Western Europe(20%), Southeast Asia(10%)",,"Retailer, Engineer, Wholesaler, Brand business, For private use, Manufacturer","sample processing, graphic processing, customized on demand, sample processing, graphic processing, customized on demand",20,1
"Zhongshan Sunde Lighting Co., Ltd.",,"Guandong, China ",4.7,48 reviews,≤2h,100.0%,104 orders,"US $50,000+",-1,,,5550,3270000,5,1582000,87,Yes,5,"North America(45%), Eastern Europe(20%), Southeast Asia(20%)",,"Retailer, Engineer, Wholesaler, Brand business, For private use, Manufacturer","sample processing, graphic processing, customized on demand",50,4
"Xiamen Konshine Lighting Electron Co., Ltd.",,"Fujian, China ",4.8,29 reviews,≤1h,93.5%,195 orders,"US $80,000+",-1,,,4739,3000000,6,1730000,75,Yes,4,"North America(39%), Southeast Asia(36%), South America(25%)",,-1,"light customization, sample processing, graphic processing, customized on demand",5,10
"Shenzhen Ameri Technology Co., Ltd.",,"Guangdong, China ",4.9,45 reviews,≤2h,100.0%,- orders,-1,-1,,,1160,-1,-1,-1,-1,Yes,1,"North America(70%), Western Europe(10%), Eastern Europe(5%)",,"Retailer, Engineer, Wholesaler, Brand business, For private use, Manufacturer","sample processing, graphic processing, customized on demand",3,2
"Shenzhen Star Technology Co., Ltd.",,"Guangdong, China ",4.7,68 reviews,≤2h,98.0%,192 orders,"US $120,000+",-1,,,2380,1800000,5,-1,32,Yes,9,"North America(60%), Western Europe(20%), South America(10%)",,"Retailer, Engineer, Wholesaler, Brand business, For private use, Manufacturer","light customization, sample processing, graphic processing, customized on demand",80,6
"Zhongshan Lingdian Technology Co., Ltd.",,"Guangdong, China ",-1,-1,≤1h,100.0%,- orders,-1,-1,,,5000,-1,5,-1,10,Yes,2,"Domestic Market(35%), North America(30%), Eastern Europe(15%)",,"Retailer, Engineer, Wholesaler, Brand business, For private use, Manufacturer","sample processing, graphic processing, customized on demand, sample processing, graphic processing, customized on demand",60,2
"Shenzhen CL Lighting Technology Co., Ltd.",,"Guangdong, China ",4.5,34 reviews,≤3h,100.0%,150 orders,"US $250,000+",-1,,,9830,-1,20,-1,53,Yes,10,"North America(45%), Western Europe(25%), South America(5%)",,"Retailer, Engineer, Wholesaler, Brand business, For private use, Manufacturer","sample processing, graphic processing, customized on demand",30,25
"Guangdong Winwin Technology Co., Ltd.",,"Guangdong, China ",4.6,59 reviews,≤4h,99.0%,251 orders,"US $60,000+",-1,,,2500,-1,1,-1,17,Yes,4,"Domestic Market(35%), North America(25%), Eastern Europe(20%)",,"Retailer, Engineer, Brand business, Manufacturer","sample processing, graphic processing, customized on demand",50,3
"Zhongshan Tenailiang Lighting Technology Co., Ltd.",,"Guangdong, China ",4.3,50 reviews,≤2h,99.3%,- orders,-1,-1,,,8000,4254000,5,2400000,30,Yes,2,"Domestic Market(70%), Southeast Asia(10%), Africa(7%)",,"Retailer, Engineer, Wholesaler, Brand business","sample processing, graphic processing, customized on demand",130,8
"Shenzhen Etenda New Energy Technology Co., Ltd.",,"Guangdong, China ",4.8,19 reviews,≤3h,97.2%,- orders,-1,-1,,,2276,-1,1,91000,24,Yes,1,North America(100%),,"Retailer, Engineer, Wholesaler, Brand business, For private use, Manufacturer","light customization, sample processing, graphic processing, customized on demand, sample processing, graphic processing, customized on demand",80,1
"Shenzhen Ledora Lighting Co., Ltd.",,"Guangdong, China ",4.8,52 reviews,≤4h,97.6%,- orders,-1,-1,,,-1,9315682,-1,-1,-1,Yes,-1,"North America(30%), Southeast Asia(20%), Domestic Market(15%)",,"Retailer, Engineer, Wholesaler, Brand business, For private use, Manufacturer","sample processing, graphic processing, customized on demand",20,3
"Zhongshan Shuangyun Electrical Co., Ltd.",,"Guangdong, China ",4.6,24 reviews,≤3h,100.0%,- orders,-1,-1,,,4000,-1,4,-1,12,-1,2,"Africa(40%), Mid East(40%), Southeast Asia(20%)",,"Retailer, Engineer, Wholesaler, Brand business, For private use, Manufacturer","graphic processing, customized on demand",60,1
"Henan Hanyin Industrial Co., Ltd.",,"Henan, China ",5.0,10 reviews,≤2h,97.6%,- orders,-1,-1,,,855,-1,3,-1,15,Yes,1,"North America(60%), Western Europe(20%), Oceania(20%)",,"Retailer, Engineer, Wholesaler, Brand business, For private use, Manufacturer","sample processing, graphic processing, sample processing",103,1
"Zhongshan Millwall Lighting Technology Co., Ltd.",,"Guangdong, China ",5.0,5 reviews,≤2h,100.0%,23 orders,"US $370,000+",-1,,,4500,-1,4,-1,20,Yes,2,"Western Europe(28%), Africa(25%), North America(20%)",,"Retailer, Wholesaler, Brand business, Manufacturer","sample processing, graphic processing, customized on demand, sample processing, graphic processing, customized on demand",130,4
"Ningbo Xiesheng Lighting Industrial Co., Ltd.",,"Zhejiang, China ",4.7,38 reviews,≤3h,92.9%,198 orders,"US $60,000+",-1,,,18719,-1,-1,-1,-1,Yes,16,"Southern Europe(20%), North America(15%), South America(15%)",,"Retailer, Wholesaler, Brand business, For private use, Manufacturer","customized on demand, sample processing, graphic processing",20,10
"Zhongshan Sunlink Lighting Technology Co., Ltd.",,"Guangdong, China ",4.2,13 reviews,≤2h,96.0%,71 orders,"US $40,000+",-1,,,10000,-1,6,32480000,30,Yes,3,"Southeast Asia(27%), South America(23%), Africa(20%)",,-1,"light customization, sample processing",48,1
"Ganzhou Badu Technology Co., Ltd.",,"Jiangxi, China ",4.8,125 reviews,≤2h,99.6%,1009 orders,"US $550,000+",-1,,,3565,952279,2,-1,20,Yes,1,"Domestic Market(65%), North America(30%), South America(5%)",,"Retailer, Engineer, Wholesaler, Brand business, For private use, Manufacturer","no, sample processing, graphic processing, customized on demand",30,2
Adled Light Limited,,Hong Kong S.A.R. ,5.0,2 reviews,≤2h,100.0%,- orders,-1,-1,,,-1,1310000,-1,-1,-1,Yes,1,"Eastern Europe(23%), Southern Europe(12%), North America(11%)",,"Retailer, Engineer, Wholesaler, Brand business, For private use, Manufacturer","sample processing, graphic processing, customized on demand",20,1
"Zhongshan Shiyu Lighting Co., Ltd.",,"Guangdong, China ",4.8,17 reviews,≤2h,92.6%,38 orders,"US $20,000+",-1,,,800,-1,1,-1,5,Yes,1,"North America(60%), Mid East(30%), Western Europe(10%)",,"Retailer, Engineer, Wholesaler, Brand business, For private use, Manufacturer","sample processing, graphic processing, customized on demand",10,1
Zhongshan Leidu Lighting Electric Appliance Factory,,"Guangdong, China ",4.2,22 reviews,≤2h,97.6%,161 orders,"US $170,000+",-1,,,7500,-1,5,3000000,23,Yes,3,"Eastern Europe(30%), South America(13%), Western Europe(10%)",,"Retailer, Engineer, Wholesaler, Brand business, Manufacturer","light customization, sample processing, graphic processing, customized on demand",200,5
"Guangzhou Xingdian Lighting Technology Co., Ltd.",,"Guangdong, China ",4.8,114 reviews,≤2h,98.2%,- orders,-1,-1,,,6623,3895643,8,70000,-1,Yes,3,"North America(25%), South America(15%), Eastern Europe(10%)",,"Retailer, Engineer, Wholesaler, Brand business, For private use, Manufacturer","sample processing, graphic processing, customized on demand",15,5
"Shenzhen Huya Lighting Co., Limited",,"Guangdong, China ",4.7,5 reviews,≤3h,89.8%,91 orders,"US $300,000+",-1,,,1000,-1,2,1800000,3,Yes,1,"Western Europe(60%), North America(20%), Oceania(10%)",,"Retailer, Engineer, Wholesaler, Brand business","sample processing, graphic processing, customized on demand",12,1
Zhongshan Henglan Bihua Lighting Electric Appliance Factory,,"Guangdong, China ",4.6,11 reviews,≤2h,96.2%,37 orders,"US $30,000+",-1,,,4000,-1,8,6300000,58,Yes,1,"South America(25%), Mid East(20%), Southeast Asia(10%)",,"Engineer, Wholesaler, Brand business, Manufacturer","light customization, sample processing, graphic processing, customized on demand",5,1
Zhongshan Guzhen Luoao Lighting Factory,,"Guangdong, China ",4.6,39 reviews,≤3h,99.3%,239 orders,"US $240,000+",-1,,,4000,2358113,3,-1,20,Yes,2,"Domestic Market(30%), North America(10%), Eastern Europe(10%)",,"Retailer, Wholesaler, Brand business, For private use","sample processing, graphic processing, customized on demand",-1,5
"Zhongshan Iwork Lighting Co., Ltd.",,"Guangdong, China ",3.6,5 reviews,≤3h,97.4%,74 orders,"US $70,000+",-1,,,1800,-1,-1,-1,-1,Yes,3,"Mid East(22%), North America(15%), South America(10%)",,"Retailer, Engineer, Wholesaler, Brand business, Manufacturer","sample processing, graphic processing, customized on demand",20,3
"Shenzhen Joyinled Technology Co., Ltd.",,"Guangdong, China ",4.4,123 reviews,≤4h,97.6%,618 orders,"US $190,000+",-1,,,1060,-1,2,2000000,-1,Yes,2,"Western Europe(30%), Northern Europe(20%), Southern Europe(15%)",,"Retailer, Engineer, Wholesaler, Brand business, For private use, Manufacturer","light customization, customized on demand, sample processing, graphic processing, light customization, sample processing, graphic processing, customized on demand",45,3
"Shenzhen Bbier Lighting Co., Ltd.",,"Guangdong, China ",5.0,5 reviews,≤2h,92.9%,31 orders,"US $310,000+",-1,,,4080,3076923,4,-1,-1,Yes,2,"North America(50%), South America(10%), Eastern Europe(10%)",,"Retailer, Wholesaler, Brand business","sample processing, graphic processing, customized on demand",30,4
"Jiangmen Xinshili Photoelectric Co., Ltd.",,"Guangdong, China ",-1,-1,≤16h,100.0%,- orders,-1,-1,,,13400,-1,-1,1243000000,87,Yes,3,"Southeast Asia(45%), Eastern Europe(15%), Mid East(15%)",,"Retailer, Engineer, Wholesaler, Brand business, For private use, Manufacturer","light customization, sample processing, graphic processing",5,2
"Shenzhen Sresky Co., Ltd.",,"Guangdong, China ",4.7,7 reviews,≤3h,88.9%,- orders,-1,-1,,,13600,-1,10,-1,-1,Yes,14,"Africa(21%), North America(20%), South America(10%)",,"Retailer, Engineer, Wholesaler, Brand business, For private use, Manufacturer","light customization, sample processing, graphic processing, customized on demand",18,20
"Shenzhen Hiorange Lighting Co., Ltd.",,"Guangdong, China ",5.0,1 reviews,≤3h,100.0%,- orders,-1,-1,,,4620,-1,2,-1,12,Yes,5,"Western Europe(72%), Oceania(23%), Southeast Asia(3%)",,"Retailer, Engineer, Wholesaler, Brand business, For private use, Manufacturer","sample processing, graphic processing, customized on demand, sample processing, graphic processing, customized on demand",24,6
"Shandong Fandiluo Arts & Crafts Co., Ltd.",,"Shandong, China ",4.8,4 reviews,≤4h,100.0%,25 orders,"US $170,000+",-1,,,6800,-1,5,-1,16,Yes,3,"North America(20%), South America(10%), Southeast Asia(10%)",,"Retailer, Engineer, Wholesaler, Brand business, For private use, Manufacturer","light customization, customized on demand, sample processing, graphic processing",50,3
"MARS STAGE LIGHTING&AUDIO EQUIPMENT CO., LIMITED",,Hong Kong S.A.R. ,5.0,1 reviews,≤4h,88.9%,- orders,-1,-1,,,5400,4800000,8,1600000,-1,Yes,5,"Western Europe(20%), North America(15%), Southeast Asia(15%)",,"Retailer, Engineer, Wholesaler, Brand business, Manufacturer","sample processing, graphic processing, customized on demand, sample processing, graphic processing, customized on demand",15,6
"Ningbo Brightenlux Outdoor Products Co., Ltd.",,"Zhejiang, China ",4.8,37 reviews,≤3h,86.4%,155 orders,"US $670,000+",-1,,,7530,6104246,3,-1,103,Yes,6,"North America(40%), Western Europe(10%), South America(5%)",,"Retailer, Engineer, Wholesaler, Brand business","light customization, sample processing, graphic processing, customized on demand, light customization, sample processing, graphic processing, customized on demand",44,13
"Shenzhen Ranpo Lighting Technology Co., Ltd.",,"Guangdong, China ",4.8,70 reviews,≤7h,98.3%,449 orders,"US $180,000+",-1,,,570,-1,1,-1,1,No,1,"North America(30%), Oceania(20%), Western Europe(20%)",,"Retailer, Wholesaler, Brand business, For private use, Manufacturer","light customization, light customization, sample processing, graphic processing, customized on demand",35,1
"Zhongshan Kaijie Lighting Co., Ltd.",,"Guangdong, China ",4.7,54 reviews,≤2h,99.2%,256 orders,"US $570,000+",-1,,,6000,3000000,6,-1,19,Yes,6,"North America(25%), South America(25%), Eastern Europe(22%)",,"Retailer, Engineer, Wholesaler, Brand business, For private use, Manufacturer","sample processing, graphic processing, customized on demand",100,2
"Guangzhou Skydance Co., Ltd.",,"Guangdong, China ",4.9,25 reviews,≤6h,92.2%,- orders,-1,-1,,,-1,-1,-1,-1,30,Yes,10,"Domestic Market(41%), Western Europe(14%), Southern Europe(10%)",,"Retailer, Engineer, Wholesaler, Brand business, For private use, Manufacturer","sample processing, graphic processing, customized on demand",200,30
"Zhongshan Starlit Lighting Co., Ltd.",,"Guangdong, China ",-1,-1,≤4h,100.0%,2 orders,"US $2,000+",-1,,,3300,-1,6,-1,8,Yes,2,"Mid East(80%), Southeast Asia(5%), Africa(5%)",,"Retailer, Engineer, Wholesaler, Brand business","sample processing, graphic processing, customized on demand",8,2
"Zhongshan Keyun Electronics Co., Ltd.",,"Guangdong, China ",4.8,15 reviews,≤1h,100.0%,61 orders,"US $20,000+",-1,,,25000,-1,6,-1,77,Yes,20,"North America(10%), South America(10%), Eastern Europe(10%)",,"Retailer, Engineer, Wholesaler, Brand business, Manufacturer","graphic processing, light customization, customized on demand, sample processing",100,33
"Guangzhou Cheng Wen Photoelectric Technology Co., Ltd.",,"Guangdong, China ",4.6,53 reviews,≤4h,96.0%,- orders,-1,-1,,,7300,-1,18,198000,10,Yes,4,"North America(13%), Southeast Asia(13%), South America(12%)",,"Retailer, Engineer, Wholesaler, Brand business, For private use, Manufacturer","graphic processing, customized on demand, sample processing",15,7
"Zhongshan Yixin Lighting Co., Ltd.",,"Guangdong, China ",4.8,27 reviews,≤4h,100.0%,94 orders,"US $50,000+",-1,,,6000,2387078,5,200000,20,Yes,3,"Mid East(30%), Western Europe(30%), North America(20%)",,"Retailer, Engineer, Wholesaler, Brand business, For private use, Manufacturer","light customization, sample processing, graphic processing, customized on demand, light customization, sample processing, graphic processing, customized on demand",350,4
"Chuzhou Eastern Star International Trading Co., Ltd.",,"Anhui, China ",4.9,36 reviews,≤1h,100.0%,- orders,-1,-1,,,3190,5422598,8,6500000,24,Yes,8,"South America(10%), Eastern Europe(10%), Southeast Asia(10%)",,"Wholesaler, Brand business, Manufacturer","sample processing, graphic processing, customized on demand, light customization, sample processing, graphic processing, customized on demand",60,1
"Guangzhou Xingdian Lighting Technology Co., Ltd.",,"Guangdong, China ",4.7,49 reviews,≤2h,99.2%,- orders,-1,-1,,,6000,-1,12,160000,-1,Yes,5,"Western Europe(49%), Domestic Market(20%), Central America(10%)",,"Retailer, Engineer, Wholesaler, Brand business, Manufacturer","light customization, sample processing, graphic processing, customized on demand",15,6
"Jiangsu Fine Technology Co., Ltd.",,"Jiangsu, China ",5.0,4 reviews,≤7h,91.7%,26 orders,"US $10,000+",-1,,,4500,-1,-1,-1,-1,Yes,5,"North America(25%), Domestic Market(20%), Southeast Asia(10%)",,"Retailer, Engineer, Wholesaler, Brand business, For private use, Manufacturer","light customization, sample processing, graphic processing, customized on demand, light customization, sample processing, graphic processing, customized on demand",120,3
"Zhongshan Baojiang Lighting Technology Co., Ltd.",,"Guangdong, China ",4.8,9 reviews,≤2h,100.0%,- orders,-1,-1,,,2380,1600000,2,163000,3,Yes,4,"Western Europe(23%), Domestic Market(20%), North America(15%)",,"Retailer, Engineer, Wholesaler, Brand business, For private use, Manufacturer","sample processing, graphic processing, customized on demand, no",210,2
"Dongguan Yuanda Century Lighting Technology Co., Ltd.",,"Guangdong, China ",5.0,7 reviews,≤4h,100.0%,- orders,-1,-1,,,3300,-1,4,-1,15,Yes,8,"North America(50%), Western Europe(30%), Eastern Asia(10%)",,"Retailer, Engineer, Wholesaler, Brand business, For private use, Manufacturer","sample processing, graphic processing, customized on demand, sample processing, graphic processing, customized on demand",54,5
Shenzhen Smart LED Limited,,"Guangdong, China ",5.0,10 reviews,≤5h,80.8%,93 orders,"US $60,000+",-1,,,2528,-1,1,408000,2,Yes,2,"Mid East(20%), Eastern Europe(10%), Southeast Asia(10%)",,"Wholesaler, Manufacturer","customized on demand, graphic processing, sample processing, light customization, light customization, sample processing, graphic processing, customized on demand",95,3
"Zhongshan Dengxiaoniu Lighting Appliance Co., Ltd.",,"Guangdong, China ",4.8,16 reviews,≤2h,97.5%,87 orders,"US $170,000+",-1,,,2400,3000000,4,103000,18,Yes,2,"North America(40%), Mid East(20%), Western Europe(20%)",,"Retailer, Engineer, Wholesaler, Brand business, For private use, Manufacturer","light customization, sample processing, graphic processing, customized on demand",10000,4
"Zhejiang Intbright Technology Co., Ltd.",,"Zhejiang, China ",4.8,15 reviews,≤6h,89.3%,115 orders,"US $60,000+",-1,,,18972,5834116,3,-1,37,Yes,3,"North America(35%), Eastern Europe(18%), Western Europe(18%)",,"Retailer, Wholesaler, Brand business, For private use, Manufacturer","light customization, sample processing, graphic processing, customized on demand",-1,3
"Zhongshan Wingland Electrical Appliances Co., Ltd.",,"Guangdong, China ",4.8,19 reviews,≤2h,100.0%,154 orders,"US $160,000+",-1,,,1500,-1,1,-1,5,Yes,1,"North America(20%), Mid East(20%), Domestic Market(20%)",,"Retailer, Wholesaler, Brand business, For private use","sample processing, graphic processing, customized on demand, sample processing, graphic processing, customized on demand",140,1
"Guangdong Lavius Lighting Co., Ltd.",,"Guangdong Province, China ",-1,-1,≤3h,100.0%,8 orders,"US $20,000+",-1,,,5000,1014376,8,-1,50,Yes,3,"Mid East(45%), North America(38%), Domestic Market(5%)",,"Retailer, Wholesaler, Brand business, Manufacturer","sample processing, graphic processing, customized on demand, sample processing, graphic processing, customized on demand",10,3
"Shenzhen Yaopeng Wanshan Supply Chain Co., Ltd.",,"Guangdong, China ",4.8,69 reviews,≤3h,98.8%,202 orders,"US $1,300,000+",-1,,,2200,11711713507,15,225000,30,Yes,2,"North America(30%), Eastern Europe(15%), Western Europe(15%)",,"Retailer, Wholesaler, Brand business, For private use","customized on demand, graphic processing, sample processing, no",136,2
Shenzhen Lepulighting Technology Ltd.,,"Guangdong, China ",5.0,4 reviews,≤6h,81.0%,37 orders,"US $20,000+",-1,,,730,-1,2,364200,26,Yes,1,"Northern Europe(45%), Western Europe(20%), North America(10%)",,"Retailer, Engineer, Wholesaler, Brand business, For private use, Manufacturer","sample processing, graphic processing, customized on demand",55,2
"Shenzhen Redfarm Co., Ltd.",,"Guangdong, China ",4.9,61 reviews,≤2h,93.8%,130 orders,"US $620,000+",-1,,,1000,-1,3,-1,-1,Yes,1,"North America(64%), Western Europe(25%), Eastern Europe(5%)",,"Retailer, Engineer, Wholesaler, Brand business, For private use, Manufacturer","sample processing, graphic processing, customized on demand",5,2
"Foshan Field Smart Lighting Co., Ltd.",,"Guangdong, China ",5.0,2 reviews,≤4h,100.0%,26 orders,"US $10,000+",-1,,,50000,-1,12,-1,150,Yes,18,"North America(95%), South America(5%)",,"Retailer, Wholesaler, Brand business, For private use, Manufacturer","sample processing, graphic processing, customized on demand",100,20
"Guangzhou Felicity Solar Technology Co., Ltd.",,"Guangdong, China ",4.8,22 reviews,≤8h,100.0%,34 orders,"US $4,500,000+",-1,,,44483,136169535,4,660000,19,Yes,15,-1,,"Retailer, Engineer, Wholesaler, Brand business, For private use, Manufacturer","sample processing, graphic processing, customized on demand",11,82
"Zhongshan Sanliang Lighting Co., Ltd.",,"Guangdong, China ",5.0,11 reviews,≤7h,100.0%,102 orders,"US $70,000+",-1,,,1450,-1,-1,64000,-1,Yes,1,"North America(50%), South America(10%), Eastern Europe(5%)",,"Retailer, Engineer, Wholesaler, Brand business, For private use, Manufacturer","light customization, sample processing, graphic processing, customized on demand, no",200,1
"Yancheng Jingxin Glassware Co., Ltd.",,"Jiangsu, China ",4.0,12 reviews,≤8h,90.7%,77 orders,"US $220,000+",-1,,,4267,363280,1,-1,13,Yes,4,"North America(25%), Domestic Market(20%), Northern Europe(10%)",,"Retailer, Engineer, Wholesaler, Brand business, For private use, Manufacturer","sample processing, graphic processing, customized on demand",400,2
"Zhejiang Bozhou Marine Electric Technology Co., Ltd.",,"Zhejiang, China ",4.9,17 reviews,≤7h,100.0%,60 orders,"US $90,000+",-1,,,5320,-1,-1,-1,-1,Yes,4,"Domestic Market(50%), Southeast Asia(20%), North America(10%)",,"Retailer, Engineer, Wholesaler, Brand business, For private use, Manufacturer","sample processing, graphic processing, customized on demand",15,12
"Shenzhen Weite Shijia Technology Co., Ltd.",,"Guangdong, China ",4.9,10 reviews,≤5h,93.5%,57 orders,"US $390,000+",-1,,,12331,25373135,4,-1,50,Yes,11,"Domestic Market(45%), Eastern Asia(20%), Western Europe(20%)",,"Retailer, Wholesaler, Brand business, For private use, Manufacturer","sample processing, graphic processing, customized on demand",-1,14
Zhongshan Sunshine Lighting Technology Ltd,,"Guangdong, China ",5.0,6 reviews,≤2h,100.0%,- orders,-1,-1,,,1800,-1,4,-1,5,Yes,2,"North America(50%), Southeast Asia(30%), Eastern Europe(20%)",,"Retailer, Engineer, Wholesaler, Brand business, For private use, Manufacturer","sample processing, graphic processing, customized on demand",300,1
Zhongshan Tyson Lighting Factory,,"Guangdong, China ",4.5,29 reviews,≤3h,100.0%,91 orders,"US $120,000+",-1,,,6000,-1,-1,500000,-1,Yes,4,"North America(20%), Eastern Europe(10%), Oceania(10%)",,"Retailer, Engineer, Wholesaler, For private use, Brand business","light customization, sample processing, graphic processing, customized on demand, sample processing, graphic processing, customized on demand",120,6
"Linhai Greenwood Lighting Co., Ltd.",,"Zhejiang, China ",4.7,55 reviews,≤8h,94.8%,208 orders,"US $170,000+",-1,,,2000,1142800,-1,-1,-1,Yes,1,"Eastern Europe(30%), North America(20%), South America(10%)",,"Retailer, Engineer, Wholesaler, Brand business, For private use, Manufacturer","sample processing, graphic processing, customized on demand",-1,1
BUCKINGHAM INDUSTRIAL CORPORATION,,"Taiwan, China ",4.8,13 reviews,≤7h,100.0%,27 orders,"US $20,000+",-1,,,24871,-1,-1,-1,-1,Yes,12,"North America(53%), Western Europe(38%), Oceania(5%)",,"Retailer, Engineer, Wholesaler, Brand business, For private use, Manufacturer","customized on demand, sample processing, sample processing, graphic processing, customized on demand",120,15
"Ningbo Mengting Outdoor Implement Co., Ltd.",,"Zhejiang, China ",5.0,2 reviews,≤4h,100.0%,33 orders,"US $30,000+",-1,,,2800,3655416,2,1800000,6,Yes,3,"North America(30%), Western Europe(30%), Eastern Europe(10%)",,"Retailer, Engineer, Wholesaler, Brand business, Manufacturer","sample processing, customized on demand, graphic processing",40,1
"Shenzhen Moonlight Co., Ltd.",,"Guangdong, China ",4.3,34 reviews,≤1h,99.3%,276 orders,"US $250,000+",-1,,,-1,-1,-1,-1,-1,Yes,-1,-1,,"Retailer, Wholesaler, Brand business, Manufacturer",-1,-1,-1
"Zhongshan Hanmei Lighting Electric Appliance Co., Ltd.",,"Guangdong, China ",4.7,12 reviews,≤2h,91.2%,- orders,-1,-1,,,3600,5000000,4,600000,20,Yes,3,"Domestic Market(16%), North America(15%), Eastern Europe(15%)",,"Retailer, Engineer, Wholesaler, Brand business, For private use, Manufacturer","sample processing, graphic processing, customized on demand",120,2
Shenzhen Jianbiao Digital Trade Ltd.,,"Guangdong, China ",4.8,49 reviews,≤3h,96.1%,247 orders,"US $280,000+",-1,,,3198,3471631,4,-1,18,Yes,3,"Western Europe(40%), Northern Europe(20%), North America(13%)",,"Retailer, Engineer, Wholesaler, Brand business, For private use, Manufacturer","sample processing, graphic processing, customized on demand, sample processing, graphic processing, customized on demand",170,7
Guangzhou Nansha Jingchang Ceramics & Lamps Fty,,"Guangdong, China ",5.0,1 reviews,≤7h,100.0%,14 orders,"US $240,000+",-1,,,4231,1500000,-1,-1,-1,Yes,3,"Western Europe(18%), Domestic Market(18%), Mid East(17%)",,"Retailer, Engineer, Wholesaler, Brand business, For private use, Manufacturer","sample processing, graphic processing, customized on demand",-1,3
"Hangzhou Kanlong Import & Export Co., Ltd.",,"Zhejiang, China ",4.3,17 reviews,≤3h,100.0%,- orders,-1,-1,,,3196,26018608,2,-1,10,Yes,6,"Western Europe(50%), Northern Europe(25%), North America(10%)",,"Retailer, Wholesaler, Brand business, For private use, Manufacturer","sample processing, graphic processing, customized on demand, sample processing, graphic processing, customized on demand",820,5
"Dongguan Yihao Lighting Co., Ltd",,"Guangdong, China ",4.8,14 reviews,≤2h,98.6%,- orders,-1,-1,,,1325,-1,1,-1,30,Yes,1,"Southeast Asia(37%), Eastern Europe(26%), North America(20%)",,"Retailer, Engineer, Wholesaler, Brand business, For private use, Manufacturer","no, sample processing, graphic processing, customized on demand",30,2
"Zhejiang Sorbo Technology Co., Ltd.",,"Zhejiang, China ",4.9,20 reviews,≤2h,100.0%,87 orders,"US $90,000+",-1,,,21379,8988224,-1,-1,-1,Yes,36,"North America(20%), Western Europe(13%), South America(10%)",,"Retailer, Engineer, Wholesaler, Brand business, For private use, Manufacturer","sample processing, graphic processing, customized on demand",50,24
"Zhongshan Showsun Lighting Co., Ltd.",,"Guangdong, China ",4.9,14 reviews,≤3h,94.5%,78 orders,"US $630,000+",-1,,,2840,1040000,-1,-1,-1,Yes,1,"North America(35%), Eastern Europe(15%), Southeast Asia(5%)",,"Retailer, Engineer, Wholesaler, Brand business, For private use, Manufacturer","light customization, sample processing, graphic processing, customized on demand",-1,4
"Guangdong Alpha Lighting Co., Ltd.",,"Guangdong, China ",5.0,4 reviews,≤4h,100.0%,76 orders,"US $1,300,000+",-1,,,8000,3288702,6,-1,24,Yes,6,"Northern Europe(17%), Western Europe(15%), Eastern Europe(10%)",,"Retailer, Engineer, Wholesaler, Brand business, For private use, Manufacturer","light customization, sample processing, graphic processing, customized on demand",600,10
"Zhongshan Yaotingxuan Lighting Technology Co., Ltd.",,"Guangdong, China ",3.9,4 reviews,≤2h,93.8%,79 orders,"US $170,000+",-1,,,2180,7040000,2,19700,6,Yes,2,"North America(30%), Western Europe(18%), Domestic Market(12%)",,-1,"light customization, sample processing, graphic processing, customized on demand",100,3
"Shanghai Millenium Industrial Co., Ltd.",,"Shanghai, China ",-1,-1,≤19h,0.0%,- orders,-1,-1,,,10209,-1,-1,-1,-1,Yes,3,"North America(40%), Eastern Europe(20%), Western Europe(20%)",,"Retailer, Engineer, Wholesaler, Brand business, For private use, Manufacturer","light customization, sample processing, graphic processing, customized on demand, sample processing, graphic processing, customized on demand, light customization",-1,2
"Shenzhen Power Solution Ind Co., Ltd.",,"Guangdong, China ",5.0,1 reviews,≤9h,88.2%,- orders,-1,-1,,,2600,8248208,2,-1,20,Yes,5,"Africa(60%), Domestic Market(20%), Southeast Asia(10%)",,"Retailer, Engineer, Wholesaler, Brand business, For private use, Manufacturer","sample processing, graphic processing, customized on demand",3,7
"Qingdao Super Far Imp & Exp Co., Ltd.",,"Shandong, China ",4.9,43 reviews,≤2h,98.7%,390 orders,"US $110,000+",-1,,,1098,1176723,2,-1,4,Yes,3,"North America(50%), Eastern Europe(10%), Domestic Market(10%)",,"Retailer, Wholesaler, Brand business, For private use","light customization, sample processing, graphic processing, customized on demand, light customization, sample processing, graphic processing, customized on demand",400,7
"Xuchang Jinbang Hair Products Co., Ltd.",,"Henan, China ",4.7,387 reviews,≤2h,100.0%,- orders,-1,-1,,,1800,-1,1,180000,7,Yes,2,"North America(50%), Western Europe(20%), South America(10%)",,"Retailer, Wholesaler, Brand business, For private use","sample processing, graphic processing, customized on demand",221,2
"Luohe Charming Beauty Trading Co., Ltd.",,"Henan, China ",4.8,623 reviews,≤2h,99.0%,- orders,-1,-1,,,1970,-1,1,-1,7,Yes,2,"North America(40%), Eastern Europe(15%), Africa(10%)",,"Retailer, Wholesaler, Brand business, For private use","no, sample processing, graphic processing, customized on demand",215,2
"Xuchang Tioupi Trading Co., Ltd.",,"Henan, China ",4.8,109 reviews,≤2h,100.0%,- orders,-1,-1,,,10540,-1,3,30,30,Yes,5,"North America(50%), Africa(20%), Eastern Europe(5%)",,"Retailer, Wholesaler, For private use","light customization, sample processing, customized on demand, sample processing, light customization, graphic processing, customized on demand",50,3
"Jiangxi Ruilix Medical Technology Group Co., Ltd.",,"Jiangxi, China ",4.6,19 reviews,≤1h,99.0%,- orders,-1,-1,,,1300,-1,1,-1,3,Yes,3,Domestic Market(100%),,"Retailer, Engineer, Wholesaler, Brand business, For private use, Manufacturer","sample processing, graphic processing, customized on demand",4,1
"Guangzhou Meixiusi Cosmetics Co., Ltd.",,"Guangdong, China ",4.6,102 reviews,≤4h,97.1%,665 orders,"US $210,000+",-1,,,4200,-1,4,-1,10,Yes,2,"Southeast Asia(45%), North America(30%), Africa(10%)",,"Retailer, Engineer, Wholesaler, Brand business, For private use, Manufacturer","customized on demand, graphic processing, sample processing, light customization, sample processing, graphic processing, customized on demand",360,5
"Qingdao Daily Eyelash Co., Ltd.",,"Shandong, China ",4.9,68 reviews,≤2h,100.0%,- orders,-1,-1,,,2098,-1,1,63000000,2,Yes,5,"North America(70%), Western Europe(30%)",,"Retailer, Engineer, Wholesaler, Brand business, Manufacturer","light customization, sample processing, graphic processing, customized on demand, light customization, sample processing, graphic processing, customized on demand",500,4
"Qingdao Haiyi Hair Products Co., Ltd.",,"Shandong, China ",4.8,304 reviews,≤3h,100.0%,1548 orders,"US $2,100,000+",-1,,,12400,33078650,7,-1,85,Yes,31,"North America(55%), Domestic Market(6%), South America(5%)",,"Retailer, Engineer, Wholesaler, Brand business, For private use, Manufacturer","sample processing, graphic processing, customized on demand, sample processing, graphic processing, customized on demand",520,21
"Xuchang Aiyiting Crafts Co., Ltd.",,"Henan, China ",4.7,130 reviews,≤2h,100.0%,627 orders,"US $320,000+",-1,,,2180,-1,1,-1,32,Yes,1,"North America(70%), Eastern Europe(15%), Africa(5%)",,"Retailer, Wholesaler, Brand business, For private use","sample processing, graphic processing, customized on demand",-1,0
"Guangdong YaoYong Biotechnology Co., Ltd.",,"Guangdong, China ",4.7,195 reviews,≤2h,100.0%,797 orders,"US $50,000+",-1,,,60000,-1,10,-1,300,Yes,8,Domestic Market(100%),,"Retailer, Engineer, Wholesaler, Brand business, For private use, Manufacturer","light customization, customized on demand, sample processing, graphic processing",1000,3
"Zhejiang Keer Cosmetics Co., Ltd.",,"Zhejiang, China ",4.6,120 reviews,≤2h,98.6%,- orders,-1,-1,,,12828,1040000,11,-1,63,Yes,2,"Domestic Market(80%), Southeast Asia(5%), Africa(5%)",,-1,"light customization, sample processing, graphic processing, customized on demand",190,0
"Yuzhou Shengtongmao Hair Products Co., Ltd.",,"Henan, China ",4.6,94 reviews,≤3h,100.0%,- orders,-1,-1,,,1200,-1,-1,-1,-1,Yes,2,"North America(50%), Domestic Market(50%)",,"Retailer, Engineer, Wholesaler, Brand business, For private use, Manufacturer",-1,-1,0
"Xuchang Jian'an Area Usexy Trading Co., Ltd.",,"Henan, China ",4.8,432 reviews,≤2h,99.0%,1372 orders,"US $510,000+",-1,,,1370,-1,5,-1,37,No,5,"North America(70%), Western Europe(14%), Eastern Europe(5%)",,"Retailer, Engineer, Wholesaler, Brand business, For private use, Manufacturer","no, sample processing, graphic processing, customized on demand",-1,1
"Qingdao Fadvan Cosmetics Co., Ltd.",,"Shandong, China ",4.7,464 reviews,≤2h,100.0%,- orders,-1,-1,,,1620,1552276,1,4500000,3,Yes,6,"North America(55%), Western Europe(20%), Eastern Europe(5%)",,"Retailer, Wholesaler, Brand business, For private use","light customization, sample processing, graphic processing, customized on demand, light customization, sample processing, graphic processing, customized on demand",30,6
"Xuchang Yimeishun Hair Products Co., Ltd.",,"Henan, China ",4.9,1061 reviews,≤1h,99.7%,- orders,-1,-1,,,1600,-1,-1,-1,-1,Yes,2,"North America(50%), Eastern Europe(10%), Western Europe(10%)",,"Retailer, Wholesaler, Brand business, For private use","customized on demand, graphic processing, sample processing",-1,2
"Changsha Yuanmei Beauty Products Co., Ltd.",,"Hunan, China ",4.9,34 reviews,≤2h,97.8%,109 orders,"US $100,000+",-1,,,8211,-1,1,4400000,30,Yes,2,"Mid East(86%), Domestic Market(4%), North America(3%)",,"Retailer, Wholesaler, Brand business","light customization, sample processing, graphic processing, customized on demand",10,1
"Qingdao Weimeihui Hair Products Co., Ltd.",,"Shandong, China ",4.8,140 reviews,≤3h,100.0%,- orders,-1,-1,,,929,-1,3,49000,32,Yes,6,"North America(60%), Northern Europe(20%), South America(10%)",,"Retailer, Wholesaler, Brand business",-1,-1,-1
"Guangzhou Oubo Cosmetics Co., Ltd.",,"Guangdong, China ",4.5,222 reviews,≤8h,100.0%,691 orders,"US $150,000+",-1,,,17140,-1,14,-1,119,Yes,15,"Domestic Market(30%), Eastern Europe(25%), Southeast Asia(12%)",,"Retailer, Wholesaler, Brand business, For private use, Manufacturer","light customization, customized on demand, sample processing, graphic processing",520,5
"Henan Moon Hair Products Co., Ltd.",,"Henan, China ",4.6,263 reviews,≤2h,99.1%,1258 orders,"US $380,000+",-1,,,789,3321346,-1,-1,-1,Yes,5,"North America(85%), Africa(9%), Western Europe(6%)",,"Retailer, Engineer, Wholesaler, Brand business, For private use, Manufacturer","sample processing, graphic processing, customized on demand, sample processing, graphic processing, customized on demand",35,4
"Henan Banghong Industry And Trade Co., Ltd.",,"Henan, China ",4.5,51 reviews,≤2h,98.3%,- orders,-1,-1,,,21731,25506043,-1,-1,-1,Yes,3,"North America(81%), Western Europe(11%), Africa(8%)",,"Retailer, Engineer, Wholesaler, Brand business, For private use, Manufacturer","sample processing, graphic processing, customized on demand, sample processing, graphic processing, customized on demand",13,3
"Xuchang Zhuoruisi Industry And Trade Co., Ltd.",,"Henan, China ",4.8,41 reviews,≤2h,100.0%,192 orders,"US $80,000+",-1,,,21000,-1,-1,-1,-1,Yes,12,"North America(50%), Africa(20%), Western Europe(15%)",,"Retailer, Wholesaler, Brand business, For private use","sample processing, graphic processing, customized on demand",-1,9
"Xuchang Alice Hair Products Co., Ltd.",,"Henan, China ",4.8,204 reviews,≤2h,100.0%,460 orders,"US $520,000+",-1,,,3000,-1,2,900000,71,Yes,2,"North America(47%), Africa(12%), Eastern Asia(10%)",,"Retailer, Wholesaler, Brand business, For private use","sample processing, graphic processing, customized on demand",90,2
"Xuchang Alice Hair Products Co., Ltd.",,"Henan, China ",4.9,516 reviews,≤2h,99.8%,961 orders,"US $890,000+",-1,,,3000,-1,2,900000,71,Yes,2,"North America(47%), Africa(12%), Eastern Asia(10%)",,"Retailer, Wholesaler, Brand business, For private use","light customization, graphic processing, sample processing, customized on demand",90,2
"Shanghai Hexuanshu Industrial Co., Ltd.",,"Shanghai, China ",4.4,87 reviews,≤7h,99.4%,312 orders,"US $40,000+",-1,,,13950,-1,9,-1,200,Yes,26,"North America(30%), Eastern Europe(20%), Mid East(10%)",,"Retailer, Wholesaler, Brand business, Manufacturer","light customization, customized on demand, sample processing, graphic processing, light customization, customized on demand, sample processing, graphic processing",7700,25
"Guangzhou Yimeitang Biotechnology Co., Ltd.",,"Guangdong, China ",4.4,31 reviews,≤6h,100.0%,144 orders,"US $130,000+",-1,,,7050,-1,5,1200,20,Yes,5,"North America(40%), Southeast Asia(15%), Oceania(15%)",,"Retailer, Engineer, Wholesaler, Brand business, For private use, Manufacturer","light customization, sample processing, graphic processing, customized on demand",20,7
"Yuzhou Mushang Hair Products Co., Ltd.",,"Henan, China ",4.9,303 reviews,≤2h,100.0%,- orders,-1,-1,,,1425,-1,24,-1,24,Yes,6,"North America(58%), Africa(22%), South America(7%)",,"Retailer, Engineer, Wholesaler, Brand business, For private use, Manufacturer",-1,-1,-1
"Guangzhou Jiaxuan Trading Co., Ltd.",,"Guangdong, China ",4.5,10 reviews,≤2h,100.0%,167 orders,"US $50,000+",-1,,,4370,-1,1,-1,125,Yes,5,"North America(70%), Western Europe(20%), Africa(10%)",,"Retailer, Engineer, Wholesaler, Brand business, For private use","light customization, customized on demand, sample processing, graphic processing, no",-1,2
"Xuchang Capelli Hair Products Co., Ltd.",,"Henan, China ",4.6,172 reviews,≤2h,100.0%,842 orders,"US $570,000+",-1,,,13700,12273000,1,-1,37,Yes,5,"North America(50%), Africa(22%), Western Europe(15%)",,"Retailer, Wholesaler, For private use","customized on demand, sample processing, graphic processing, light customization",40,5
"Guangzhou Yimei Hair Products Co., Ltd.",,"Guangdong, China ",4.8,495 reviews,≤3h,100.0%,1013 orders,"US $300,000+",-1,,,10403,-1,2,-1,109,Yes,10,"North America(85%), Western Europe(7%), Northern Europe(2%)",,"Retailer, Wholesaler, For private use, Manufacturer","graphic processing, sample processing, graphic processing, customized on demand",83,3
"Xuchang Royce Hair Products Co., Ltd.",,"Henan, China ",4.8,234 reviews,≤3h,96.8%,769 orders,"US $250,000+",-1,,,15173,-1,1,-1,58,Yes,10,"North America(55%), Africa(20%), South America(10%)",,"Retailer, Wholesaler, For private use","no, light customization, sample processing, graphic processing, customized on demand",158,2
"Yiwu Qianmei Hair Products Co., Ltd.",,"Zhejiang, China ",4.7,36 reviews,≤5h,98.0%,- orders,-1,-1,,,1150,-1,7,-1,28,Yes,1,"Africa(30%), North America(20%), South America(20%)",,"Retailer, Wholesaler, Brand business, For private use","sample processing, customized on demand",60,2
"Xuchang Dianpin Hair Products Co., Ltd.",,"Henan, China ",4.5,49 reviews,≤2h,99.1%,- orders,-1,-1,,,1889,-1,-1,-1,-1,Yes,2,"North America(35%), Africa(20%), Western Europe(20%)",,"Retailer, Wholesaler, Brand business, For private use","graphic processing, customized on demand, sample processing",30,1
"Qingdao Hilash Beauty Technology Co., Ltd.",,"Shandong, China ",4.8,19 reviews,≤2h,100.0%,- orders,-1,-1,,,1550,-1,2,-1,10,Yes,10,"North America(50%), Central America(7%), Mid East(6%)",,"Retailer, Brand business, For private use","sample processing, graphic processing, customized on demand",500,8
"Henan Ruimei Hair Products Co., Ltd.",,"Henan, China ",4.6,167 reviews,≤10h,100.0%,910 orders,"US $250,000+",-1,,,117300,-1,-1,-1,-1,Yes,20,"North America(40%), Western Europe(25%), Africa(20%)",,"Retailer, Wholesaler, Brand business","sample processing, graphic processing, customized on demand",100,30
"Xuchang Jian'an Area Taimeite Hair Co., Ltd.",,"Henan, China ",4.8,171 reviews,≤2h,99.4%,- orders,-1,-1,,,1552,1423635,5,-1,38,Yes,14,"North America(70%), Africa(6%), South Asia(4%)",,"Retailer, Wholesaler, Brand business, For private use","sample processing, graphic processing, customized on demand, sample processing, graphic processing, customized on demand",-1,2
"Changge Ruili Hair Jewelry Co., Ltd.",,"Henan, China ",4.8,296 reviews,≤3h,100.0%,- orders,-1,-1,,,10150,-1,13,-1,200,Yes,4,"Domestic Market(55%), North America(30%), Africa(10%)",,"Retailer, Engineer, Wholesaler, Brand business, For private use, Manufacturer",customized on demand,40,6
"Guangzhou Biting Cosmetics Co., Ltd.",,"Guangdong, China ",4.7,38 reviews,≤2h,99.0%,190 orders,"US $50,000+",-1,,,5370,-1,4,35000000,48,Yes,10,"North America(50%), Southeast Asia(15%), Eastern Europe(10%)",,-1,"customized on demand, light customization, sample processing, graphic processing, customized on demand",126,8
"Guangzhou Gediya Network Technology Co., Ltd.",,"Guangdong, China ",4.8,301 reviews,≤2h,100.0%,- orders,-1,-1,,,5207,-1,6,-1,22,Yes,5,"North America(70%), Africa(15%), Eastern Europe(10%)",,"Retailer, Wholesaler, Brand business, For private use, Manufacturer","sample processing, graphic processing, customized on demand",-1,2
"Shantou Testonl Cosmetics Co., Ltd.",,"Guangdong, China ",4.9,4 reviews,≤3h,100.0%,76 orders,"US $20,000+",-1,,,13030,-1,-1,-1,-1,Yes,2,"Domestic Market(50%), Mid East(30%), Southeast Asia(13%)",,"Retailer, Wholesaler, Brand business, For private use","sample processing, graphic processing, customized on demand",100,7
"Ningbo Bomei Packing Co., Ltd.",,"Zhejiang, China ",4.8,86 reviews,≤2h,99.4%,- orders,-1,-1,,,12348,-1,7,-1,-1,Yes,3,"Domestic Market(50%), South America(9%), North America(8%)",,"Retailer, Wholesaler, Brand business, For private use, Manufacturer","sample processing, graphic processing, customized on demand",35,2
"Shantou Mingfang Cosmetics Co., Ltd.",,"Guangdong, China ",4.7,100 reviews,≤6h,95.5%,222 orders,"US $30,000+",-1,,,3600,-1,5,-1,42,Yes,2,"Domestic Market(73%), North America(8%), Southeast Asia(3%)",,"Retailer, Engineer, Wholesaler, Brand business, For private use, Manufacturer","light customization, sample processing, graphic processing, customized on demand",40,2
"Xuchang Answer Hair Jewellery Co., Ltd.",,"Henan, China ",4.5,116 reviews,≤6h,100.0%,535 orders,"US $130,000+",-1,,,3500,-1,1,-1,12,Yes,2,"North America(50%), Eastern Europe(15%), Domestic Market(10%)",,"Retailer, Wholesaler, Brand business, For private use",no,-1,0
"Guangdong Miaolian Cosmetics Co., Ltd.",,"Gaungdong, China ",4.5,14 reviews,≤8h,100.0%,- orders,-1,-1,,,43522,780000,7,20000000,37,Yes,7,"North America(25%), Southeast Asia(25%), South America(9%)",,"Retailer, Engineer, Wholesaler, Brand business, For private use, Manufacturer","light customization, sample processing, graphic processing, customized on demand",200,6
"Guangzhou Mei Continued Pharmaceutical Biotechnology Co., Ltd.",,"Guangdong, China ",4.7,61 reviews,≤2h,99.1%,- orders,-1,-1,,,10700,-1,3,10800000,32,Yes,6,"Domestic Market(60%), North America(15%), South America(5%)",,-1,"light customization, sample processing, graphic processing, customized on demand",380,7
"Xuchang Jian'an Area Taimeite Hair Co., Ltd.",,"Henan, China ",4.8,568 reviews,≤2h,99.9%,2276 orders,"US $790,000+",-1,,,1552,1423635,5,-1,38,Yes,14,"North America(70%), Africa(6%), South Asia(4%)",,"Retailer, Wholesaler, Brand business, For private use","sample processing, graphic processing, customized on demand, light customization, sample processing, graphic processing, customized on demand",-1,2
"Xuchang Meizhiyuan Hair Products Co., Ltd.",,"Henan, China ",4.8,341 reviews,≤3h,100.0%,- orders,-1,-1,,,-1,-1,1,-1,67,Yes,8,"North America(65%), Africa(28%), Western Europe(4%)",,"Retailer, Engineer, Wholesaler, Brand business, For private use, Manufacturer","light customization, sample processing, graphic processing, customized on demand",250,4
"GuangDong Handsome Bio-Technology Co.,Ltd.",,"Guangdong, China ",4.9,5 reviews,≤3h,100.0%,- orders,-1,-1,,,8558,-1,20,-1,25,Yes,5,"South America(30%), Southeast Asia(20%), North America(10%)",,"Retailer, Wholesaler, Brand business, For private use","sample processing, graphic processing, customized on demand",100,8
"Xuchang Meidaili Hair Products Co., Ltd.",,"Henan, China ",4.8,41 reviews,≤3h,100.0%,329 orders,"US $180,000+",-1,,,1888,6344627,1,-1,40,Yes,3,"North America(60%), Western Europe(25%), Africa(15%)",,"Retailer, Wholesaler, Brand business, For private use","light customization, sample processing, graphic processing, customized on demand",16,2
"Xuchang Meijia Hair Products Co., Ltd.",,"Henan, China ",4.4,48 reviews,≤2h,99.6%,- orders,-1,-1,,,2878,2028188,-1,-1,-1,Yes,10,"North America(60%), Western Europe(20%), Africa(10%)",,"Retailer, Wholesaler, For private use","light customization, sample processing, graphic processing, customized on demand",-1,15
"Xuchang Huashuo Hair Products Co., Ltd.",,"Henan, China ",4.8,211 reviews,≤4h,99.0%,- orders,-1,-1,,,6590,-1,5,-1,61,Yes,9,"North America(80%), Africa(9%), Western Europe(6%)",,"Retailer, Wholesaler, Brand business, For private use","sample processing, customized on demand",60,10
"Xuchang Tiancheng Industry Trade Co.,ltd",,"Henan, China ",4.9,613 reviews,≤2h,100.0%,1022 orders,"US $330,000+",-1,,,21997,-1,5,-1,11,Yes,4,"North America(70%), Western Europe(18%), Africa(12%)",,"Retailer, Engineer, Wholesaler, Brand business, For private use, Manufacturer","sample processing, graphic processing, customized on demand",30,4
"Lianyungang Chuangcheng Plastic Technology Co., Ltd.",,"Jiangsu, China ",4.3,57 reviews,≤2h,99.6%,- orders,-1,-1,,,11110,-1,-1,-1,18,Yes,2,"North America(18%), Eastern Europe(10%), Africa(10%)",,"Retailer, Wholesaler, Brand business, For private use","light customization, sample processing, graphic processing, customized on demand",-1,2
"Henan Ruimei Hair Products Co., Ltd.",,"Henan, China ",4.7,114 reviews,≤6h,97.8%,634 orders,"US $220,000+",-1,,,117300,-1,-1,-1,-1,Yes,20,"North America(40%), Western Europe(25%), Africa(20%)",,"Retailer, Engineer, Wholesaler, Brand business, For private use, Manufacturer","sample processing, graphic processing, customized on demand",100,30
"Guangzhou Guocui Biological Technology Co., Ltd",,"Guang Dong, China ",4.4,120 reviews,≤3h,97.5%,- orders,-1,-1,,,5000,1060000,10,-1,20,Yes,5,"North America(35%), Western Europe(15%), Central America(10%)",,"Retailer, Engineer, Wholesaler, Brand business, For private use, Manufacturer","light customization, sample processing, graphic processing, customized on demand",-1,4
"Xuchang Modern Show Hair Products Co., Ltd.",,"Henan, China ",4.8,167 reviews,≤3h,97.7%,- orders,-1,-1,,,7290,3554758,6,-1,55,Yes,3,"North America(65%), Eastern Europe(8%), Africa(8%)",,-1,"light customization, sample processing, graphic processing, customized on demand",40,4
"Guangdong Aopei Cosmetics Co., Ltd.",,"Guangdong, China ",4.7,128 reviews,≤11h,100.0%,422 orders,"US $150,000+",-1,,,8900,-1,5,600000000,108,Yes,8,"South America(20%), North America(10%), Eastern Europe(10%)",,"Retailer, Engineer, Wholesaler, Brand business, For private use, Manufacturer","light customization, sample processing, graphic processing, customized on demand, light customization, sample processing, graphic processing, customized on demand",1000,4
"Guangzhou Magic Hair Products Co., Ltd.",,"Guangdong, China ",4.3,23 reviews,≤12h,100.0%,- orders,-1,-1,,,10396,1200000,1,30,10,Yes,5,"North America(38%), Western Europe(25%), Africa(20%)",,"Retailer, Engineer, Wholesaler, Brand business, For private use, Manufacturer","no, light customization, sample processing, graphic processing, customized on demand",20,2
"Xuchang Bridger Arts & Crafts Co., Ltd.",,"Henan, China ",4.8,59 reviews,≤2h,100.0%,- orders,-1,-1,,,1400,-1,3,-1,23,Yes,2,"Domestic Market(48%), North America(32%), Western Europe(11%)",,"Retailer, Engineer, Wholesaler, Brand business, For private use, Manufacturer","sample processing, graphic processing, customized on demand",50,2
"Guangzhou Jiajie Cosmetics Co., Ltd.",,"Guangdong, China ",4.7,21 reviews,≤9h,100.0%,- orders,-1,-1,,,11439,-1,11,30000000,14,Yes,5,"North America(55%), Southeast Asia(20%), Mid East(10%)",,"Retailer, Wholesaler, Brand business, For private use","sample processing, graphic processing, customized on demand, sample processing, graphic processing, customized on demand",500,3
"Guangzhou OUBO Cosmetic Co., Ltd.",,"Guangdong, China ",4.7,40 reviews,≤8h,100.0%,184 orders,"US $20,000+",-1,,,50000,-1,-1,1144000000,83,Yes,5,"Domestic Market(30%), Eastern Europe(25%), Southeast Asia(12%)",,"Retailer, Wholesaler, Brand business, For private use","light customization, sample processing, graphic processing, customized on demand",420,5
"Guangzhou Magic Hair Products Co., Ltd.",,"Guangdong, China ",4.5,76 reviews,≤8h,99.4%,- orders,-1,-1,,,10396,1200000,1,30,10,Yes,5,"North America(38%), Western Europe(25%), Africa(20%)",,"Retailer, Engineer, Wholesaler, Brand business, For private use, Manufacturer","no, light customization, sample processing, graphic processing, customized on demand",20,2
"Xingfu Biotechnology (Guangdong) Co., Ltd.",,"Guangdong, China ",4.5,15 reviews,≤6h,100.0%,220 orders,"US $120,000+",-1,,,38000,-1,100,23000000,50,Yes,25,"Southeast Asia(30%), South America(20%), North America(10%)",,"Retailer, Engineer, Wholesaler, Brand business, For private use, Manufacturer","sample processing, graphic processing, customized on demand",3000,4
Yiwu Huanyin Crafts Factory,,"Zhejiang Province, China ",4.6,25 reviews,≤12h,97.1%,- orders,-1,-1,,,4100,-1,-1,-1,-1,Yes,4,"North America(70%), Southeast Asia(30%)",,"Retailer, Engineer, Wholesaler, Brand business, For private use, Manufacturer","graphic processing, customized on demand, sample processing",700,8
"Langfang Xingsi International Trade Co., Ltd.",,"Hebei, China ",4.7,27 reviews,≤4h,97.8%,208 orders,"US $80,000+",-1,,,1480,-1,1,252035,10,Yes,3,"Mid East(40%), Africa(30%), North America(10%)",,"Retailer, Engineer, Wholesaler, Brand business, For private use, Manufacturer","sample processing, graphic processing, customized on demand, customized on demand, graphic processing, sample processing",15,3
"Bazhou Bowang Home Furnishings Co., Ltd.",,"Hebei, China ",4.7,9 reviews,≤3h,100.0%,- orders,-1,-1,,,8500,-1,2,-1,12,Yes,1,"Domestic Market(50%), Mid East(20%), North America(10%)",,"Retailer, Engineer, Wholesaler, Brand business, For private use, Manufacturer","sample processing, graphic processing, customized on demand",5,1
"Langfang Jindu Household Products Co., Ltd.",,"Hebei, China ",4.6,85 reviews,≤3h,100.0%,251 orders,"US $1,100,000+",-1,,,8000,-1,6,-1,20,Yes,4,"Mid East(45%), Africa(25%), Southeast Asia(15%)",,"Retailer, Engineer, Wholesaler, Brand business, For private use, Manufacturer","light customization, sample processing, graphic processing, customized on demand",-1,3
"Cixi Keqi Electrical Appliance Co., Ltd.",,"Zhejiang, China ",4.6,3 reviews,≤1h,100.0%,- orders,-1,-1,,,20000,-1,-1,-1,-1,Yes,2,"Domestic Market(50%), North America(20%), South America(5%)",,-1,no,-1,0
"Moyu Technology Co., Ltd. Zhuhai",,"Guangdong, China ",4.7,80 reviews,≤2h,99.4%,312 orders,"US $1,600,000+",-1,,,594,1350864,1,-1,9,Yes,1,"North America(50%), Southeast Asia(20%), Africa(20%)",,"Retailer, Engineer, Wholesaler, Brand business, For private use","sample processing, graphic processing, customized on demand",5,1
"Ningbo Zuorui Electrical Appliance Co.,ltd",,"Zhejiang, China ",5.0,1 reviews,≤4h,100.0%,- orders,-1,-1,,,45200,-1,13,-1,110,Yes,21,"Northern Europe(40%), Western Europe(30%), Eastern Europe(20%)",,"Retailer, Engineer, Wholesaler, Brand business, For private use, Manufacturer","sample processing, graphic processing, customized on demand, sample processing, graphic processing, customized on demand",13,9
"Langfang Debao Trade Co., Ltd.",,"Hebei, China ",4.4,9 reviews,≤4h,100.0%,15 orders,"US $170,000+",-1,,,2610,-1,-1,-1,-1,Yes,5,"Mid East(40%), Africa(40%), Southeast Asia(20%)",,"Retailer, Engineer, Wholesaler, Brand business, For private use, Manufacturer","no, sample processing, graphic processing, customized on demand",-1,2
"Yiwu Wanshi Electric Co., Ltd.",,"Zhejiang, China ",4.5,81 reviews,≤2h,98.5%,275 orders,"US $50,000+",-1,,,2778,-1,5,-1,17,Yes,5,"North America(30%), Southeast Asia(20%), South America(10%)",,"Retailer, Wholesaler, Brand business, Manufacturer","sample processing, graphic processing, customized on demand, sample processing, graphic processing, customized on demand",40,3
"Zhongshan Huapo Electric Appliance Co., Ltd.",,"Guangdong, China ",4.6,59 reviews,≤4h,100.0%,185 orders,"US $100,000+",-1,,,6200,-1,5,-1,80,Yes,2,"North America(60%), Southeast Asia(20%), Domestic Market(20%)",,"Retailer, Wholesaler, Brand business, Manufacturer","sample processing, graphic processing, customized on demand",30,2
Ningbo Ningshing Trading Group Inc.,,"Zhejiang, China ",4.7,76 reviews,≤2h,100.0%,404 orders,"US $1,300,000+",-1,,,32232,12456621,-1,-1,-1,Yes,3,"South Asia(18%), Southeast Asia(15%), Eastern Asia(15%)",,"Retailer, Engineer, Wholesaler, Brand business, For private use, Manufacturer","sample processing, graphic processing, sample processing, graphic processing, customized on demand",142,9
"Jiangsu Lianzun Trading Co., Ltd.",,"Jiangsu, China ",4.4,109 reviews,≤3h,96.8%,- orders,-1,-1,,,5160,4130000,6,-1,20,Yes,2,"North America(20%), South America(20%), Africa(10%)",,"Retailer, Brand business","sample processing, graphic processing, customized on demand",-1,3
"Poseidon Intelligent Technology Co., Ltd. Zhuhai",,"Guangdong, China ",4.8,10 reviews,≤3h,100.0%,- orders,-1,-1,,,4225,-1,2,-1,30,Yes,2,"North America(22%), Western Europe(20%), Domestic Market(19%)",,"Retailer, Wholesaler, Brand business, For private use, Manufacturer","sample processing, graphic processing, customized on demand, sample processing, graphic processing, customized on demand",10,10
"Ganzhou Chaohua Technology Co., Ltd.",,"Jiangxi, China ",4.4,212 reviews,≤2h,100.0%,- orders,-1,-1,,,16587,-1,-1,-1,-1,Yes,9,"Southeast Asia(11%), North America(10%), South America(10%)",,"Retailer, Engineer, Wholesaler, Brand business, For private use, Manufacturer","light customization, sample processing, graphic processing, customized on demand",15,3
"Shenzhen Yuwoxin Technology Co., Ltd.",,"Guangdong, China ",4.6,359 reviews,≤3h,99.2%,- orders,-1,-1,,,850,-1,52,-1,52,Yes,2,"North America(45%), Eastern Europe(30%), South America(8%)",,"Retailer, Engineer, Wholesaler, Brand business, For private use","light customization, sample processing, graphic processing, customized on demand, sample processing, graphic processing, customized on demand",35,2
"Shenzhen Bozhida Technology Co., Ltd.",,"Guangdong, China ",4.9,24 reviews,≤4h,100.0%,- orders,-1,-1,,,-1,-1,-1,-1,-1,-1,-1,-1,,-1,-1,-1,-1
"Bazhou Tiansa Electronic Technology Co., Ltd.",,"Hebei, China ",4.4,40 reviews,≤2h,98.5%,123 orders,"US $30,000+",-1,,,8000,-1,-1,-1,16,Yes,3,"Domestic Market(65%), Africa(15%), Mid East(15%)",,"Retailer, Engineer, Wholesaler, Brand business, For private use, Manufacturer","sample processing, graphic processing, customized on demand",75,2
"Ningbo Haishu Garron Houseware Co., Ltd.",,"Zhejiang, China ",4.8,21 reviews,≤2h,99.1%,200 orders,"US $30,000+",-1,,,11362,-1,11,-1,27,Yes,6,"North America(40%), Eastern Europe(20%), Southeast Asia(20%)",,"Retailer, Engineer, Wholesaler, Brand business, Manufacturer","no, sample processing, graphic processing, customized on demand",30,16
"Guangdong Yousdas Electric Appliances Co., Ltd.",,"Guangdong, China ",4.0,11 reviews,≤5h,100.0%,55 orders,"US $1,700,000+",-1,,,19800,-1,6,-1,170,Yes,8,"Southeast Asia(35%), South America(20%), Domestic Market(20%)",,"Retailer, Engineer, Wholesaler, Brand business, For private use, Manufacturer","sample processing, graphic processing, customized on demand",8,8
"Puremind Technology Co., Ltd. Zhuhai",,"Guangdong, China ",4.8,32 reviews,≤3h,100.0%,- orders,-1,-1,,,3625,2325672,3,-1,5,Yes,0,"North America(22%), Western Europe(20%), Domestic Market(19%)",,"Retailer, Engineer, Wholesaler, Brand business, For private use, Manufacturer","sample processing, graphic processing, customized on demand",7,8
"Shenzhen Leadingplus Electronic Co., Ltd.",,"Guangdong, China ",4.5,87 reviews,≤4h,98.9%,398 orders,"US $340,000+",-1,,,2100,1287000,2,-1,10,Yes,4,"North America(29%), South America(20%), Western Europe(13%)",,"Retailer, Engineer, Wholesaler, Brand business, For private use, Manufacturer","light customization, sample processing, graphic processing, customized on demand",20,2
"Guangdong Sutai Electrical Appliance Co., Ltd.",,"Guangdong, China ",4.7,58 reviews,≤3h,95.0%,- orders,-1,-1,,,15145,-1,5,7000000,150,Yes,7,"South America(10%), Eastern Europe(10%), Mid East(10%)",,"Retailer, Wholesaler, Brand business, For private use, Manufacturer","sample processing, graphic processing, customized on demand, sample processing, graphic processing, customized on demand",4,5
"Dongguan Yipin Technology Co., Ltd.",,"Guangdong, China ",4.6,79 reviews,≤1h,94.5%,- orders,-1,-1,,,2400,-1,5,4000000,22,Yes,3,"North America(20%), Eastern Europe(15%), Southeast Asia(15%)",,"Retailer, Engineer, Wholesaler, Brand business, Manufacturer","sample processing, graphic processing, customized on demand, sample processing, graphic processing, customized on demand",50,3
"Shenzhen Weitao Technology Co., Ltd.",,"Guangdong, China ",4.6,60 reviews,≤2h,100.0%,277 orders,"US $80,000+",-1,,,2900,-1,-1,-1,-1,Yes,3,"Eastern Asia(40%), North America(35%), Eastern Europe(10%)",,"Retailer, Engineer, Wholesaler, Brand business, For private use, Manufacturer","sample processing, graphic processing, customized on demand",20,2
"Zhongshan Jieweishi Electric Appliance Co., Ltd.",,"Guangdong, China ",4.6,398 reviews,≤5h,99.7%,- orders,-1,-1,,,4500,10000000,5,3750000,61,Yes,8,"Domestic Market(50%), Southeast Asia(32%), Africa(12%)",,"Retailer, Wholesaler, Brand business, For private use, Manufacturer","light customization, sample processing, graphic processing, customized on demand, customized on demand, graphic processing, sample processing",22,4
"Feilong Home Electrical Group Co., Ltd.",,"Zhejiang, China ",5.0,3 reviews,≤4h,100.0%,34 orders,"US $4,600,000+",-1,,,59120,-1,12,-1,93,Yes,64,"Africa(30%), Mid East(30%), Southeast Asia(20%)",,"Retailer, Engineer, Wholesaler, Brand business, For private use","light customization, sample processing, graphic processing, customized on demand, light customization, sample processing, graphic processing, customized on demand",-1,8
"Changzhou Peijieer Electronic Technology Co., Ltd.",,"Jiangsu, China ",4.8,23 reviews,≤3h,96.4%,68 orders,"US $230,000+",-1,,,2000,-1,6,-1,12,Yes,2,"Western Europe(30%), North America(21%), Domestic Market(12%)",,"Retailer, Engineer, Wholesaler, Brand business, For private use, Manufacturer","sample processing, graphic processing, customized on demand, sample processing, graphic processing, customized on demand",5,3
"Zhongshan Polans Electric Appliance Co., Ltd.",,"Guangdong, China ",5.0,3 reviews,≤6h,100.0%,- orders,-1,-1,,,8000,-1,2,1600000,4,Yes,4,"Eastern Europe(40%), Mid East(30%), Southeast Asia(12%)",,"Retailer, Engineer, Wholesaler, Brand business","sample processing, graphic processing, customized on demand, sample processing, graphic processing, customized on demand",30,3
"Zhongshan Canxin Electrical Appliances Co., Ltd.",,"Guangdong, China ",5.0,8 reviews,≤4h,100.0%,28 orders,"US $180,000+",-1,,,12000,1383200,9,-1,300,Yes,6,"Eastern Europe(30%), Western Europe(20%), Northern Europe(20%)",,"Retailer, Wholesaler, Brand business, For private use, Manufacturer","sample processing, graphic processing, customized on demand",10,6
"Wenzhou Like Electric Appliance Co., Ltd.",,"Zhejiang, China ",4.8,45 reviews,≤3h,100.0%,164 orders,"US $80,000+",-1,,,10440,5000000,-1,-1,-1,Yes,8,"North America(50%), Oceania(20%), Eastern Asia(15%)",,"Retailer, Engineer, Wholesaler, Brand business, For private use, Manufacturer","sample processing, graphic processing, customized on demand",5,2
"Wesdermo Technology International Co., Ltd",,"Jiangsu, China ",4.8,28 reviews,≤2h,100.0%,- orders,-1,-1,,,1300,-1,3,-1,-1,Yes,5,"North America(24%), Western Europe(13%), Eastern Europe(10%)",,"Retailer, Wholesaler, For private use, Manufacturer","sample processing, graphic processing, customized on demand",2,2
"Guangdong Ice Energy Technology Co., Ltd.",,"Guangdong, China ",4.8,19 reviews,≤3h,98.2%,112 orders,"US $980,000+",-1,,,27500,-1,6,4032000,30,Yes,8,"Domestic Market(40%), North America(20%), Mid East(10%)",,"Retailer, Engineer, Wholesaler, Brand business, For private use, Manufacturer","light customization, sample processing, graphic processing, customized on demand, sample processing, graphic processing, customized on demand",50,12
"Shenzhen Weizhisheng Network Technology Co., Ltd.",,"Guangdong, China ",4.7,47 reviews,≤2h,100.0%,92 orders,"US $360,000+",-1,,,2482,-1,1,600000,6,Yes,4,"North America(18%), Domestic Market(11%), Western Europe(10%)",,"Retailer, Wholesaler, Brand business, For private use","sample processing, graphic processing, customized on demand, no",10,2
"Shenzhen Xiaohongbao Technology Co., Ltd.",,"Guangdong, China ",4.7,102 reviews,≤4h,97.8%,423 orders,"US $790,000+",-1,,,1600,2500000,4,8000000,32,Yes,4,"Eastern Europe(28%), Mid East(18%), North America(13%)",,"Retailer, Engineer, Wholesaler, Brand business, For private use, Manufacturer","light customization, sample processing, graphic processing, customized on demand",30,4
Welling Electrical Appliances Factory,,"Guangdong, China ",-1,-1,≤4h,100.0%,12 orders,"US $470,000+",-1,,,4654,2000000,2,-1,4,Yes,6,"North America(20%), Africa(15%), Mid East(15%)",,"Retailer, Engineer, Wholesaler, Brand business, For private use, Manufacturer","sample processing, graphic processing, customized on demand",150,3
"Dongyi Yangshan Mechanical Equipment Co., Ltd.",,"Guangdong, China ",4.7,71 reviews,≤3h,99.4%,368 orders,"US $1,000,000+",-1,,,3500,-1,1,-1,-1,Yes,2,"Domestic Market(34%), North America(15%), Eastern Europe(9%)",,"Retailer, Engineer, Wholesaler, Brand business, For private use, Manufacturer","sample processing, graphic processing, customized on demand, sample processing, graphic processing, customized on demand",3,6
"Guangzhou KooFex Appliances Co., Ltd.",,"Guangdong, China ",4.9,47 reviews,≤2h,99.2%,241 orders,"US $1,500,000+",-1,,,1310,-1,3,-1,10,Yes,3,"Western Europe(23%), Mid East(20%), North America(15%)",,"Retailer, Wholesaler, Brand business, For private use","no, sample processing, graphic processing, customized on demand",8,2
"Guangdong Creative Electric Appliance Co., Ltd.",,"Guangdong, China ",5.0,3 reviews,≤4h,100.0%,13 orders,"US $20,000+",-1,,,43000,4800000,6,850000,185,Yes,20,"Domestic Market(72%), Eastern Europe(17%), Mid East(11%)",,"Retailer, Engineer, Wholesaler, Brand business, Manufacturer","light customization, sample processing, graphic processing, customized on demand",128,25
"Changzhou Fenfei Technology Co., Ltd.",,"Jiangsu, China ",4.8,21 reviews,≤2h,100.0%,118 orders,"US $390,000+",-1,,,2492,-1,3,-1,13,Yes,1,"North America(30%), Western Europe(20%), South America(8%)",,"Retailer, Engineer, Wholesaler, Brand business, For private use, Manufacturer","sample processing, graphic processing, customized on demand",30,1
"Hangzhou Songjing Electric Co., Ltd.",,"Zhejiang, China ",-1,-1,≤9h,0.0%,- orders,-1,-1,,,113951,-1,10,-1,99,Yes,74,"Domestic Market(60%), North America(10%), Eastern Europe(10%)",,"Retailer, Engineer, Wholesaler, Brand business, For private use, Manufacturer","sample processing, graphic processing, customized on demand, sample processing, graphic processing, customized on demand",60,55
"Jereh C-Create Technology Co., Ltd.",,"Guangdong, China ",5.0,31 reviews,≤3h,96.4%,67 orders,"US $80,000+",-1,,,7400,-1,-1,500000,-1,Yes,6,"Mid East(20%), Western Europe(15%), Eastern Asia(13%)",,"Retailer, Engineer, Wholesaler, Brand business, For private use, Manufacturer","sample processing, graphic processing, customized on demand, sample processing, graphic processing, customized on demand",10,60
"Vestar International Industry Co., Ltd.",,"Shandong, China ",5.0,1 reviews,≤2h,100.0%,5 orders,"US $90,000+",-1,,,1000,-1,4,500000,1,Yes,1,"Northern Europe(13%), South America(12%), Central America(12%)",,-1,"light customization, sample processing, graphic processing, customized on demand",50,1
"Tianjin Ninghe Shunjia Metal Products Co., Ltd.",,"Tianjin, China ",5.0,1 reviews,≤16h,100.0%,- orders,-1,-1,,,17207,1940000,3,-1,40,Yes,3,"Domestic Market(43%), North America(40%), Mid East(10%)",,"Retailer, Engineer, Wholesaler, Brand business, For private use, Manufacturer",no,0,0
"Dongguan Shengming Industrial Co., Ltd.",,"Guangdong, China ",4.7,25 reviews,≤4h,97.0%,165 orders,"US $860,000+",-1,,,2550,9480000,5,2546000,380,Yes,33,"North America(45%), Domestic Market(21%), Western Europe(12%)",,"Retailer, Engineer, Wholesaler, Brand business, For private use","light customization, sample processing, graphic processing, customized on demand, sample processing, graphic processing, customized on demand",61,16
"Cixi Painuo Electrical Appliance Co., Ltd.",,"Zhejiang, China ",5.0,1 reviews,≤11h,100.0%,- orders,-1,-1,,,18000,8500000,2,1080000,50,Yes,8,"Western Europe(50%), Eastern Europe(50%)",,"Retailer, Engineer, Wholesaler, Brand business, For private use","light customization, sample processing, graphic processing, customized on demand",10,2
"Nanjing TC Tech Co.,Ltd.",,"Jiangsu, China ",4.7,21 reviews,≤2h,100.0%,- orders,-1,-1,,,1533,-1,-1,-1,-1,Yes,1,"North America(40%), Eastern Europe(10%), Western Europe(10%)",,"Retailer, Engineer, Wholesaler, Brand business, For private use, Manufacturer","light customization, sample processing, graphic processing, customized on demand, light customization, sample processing, graphic processing, customized on demand",60,2
X.J. Group Limited,,"Guangdong, China ",-1,-1,≤9h,100.0%,- orders,-1,-1,,,27700,58000000,22,-1,163,Yes,58,"North America(60%), South America(20%), Western Europe(5%)",,"Retailer, Engineer, Wholesaler, Brand business, For private use, Manufacturer","sample processing, graphic processing, customized on demand",100,33
"Guangzhou Minggao Daily Products Co., Ltd.",,"Guangdong, China ",4.1,120 reviews,≤10h,91.7%,- orders,-1,-1,,,530,-1,3,-1,8,Yes,1,"Eastern Asia(40%), North America(30%), Western Europe(15%)",,"Retailer, Engineer, Wholesaler, Brand business, For private use, Manufacturer","sample processing, graphic processing, customized on demand",60,1
"Foshan Shunde Jnod Electrical Appliance Co., Ltd.",,"Guangdong, China ",4.8,16 reviews,≤3h,100.0%,37 orders,"US $950,000+",-1,,,7000,13098600,5,310000,30,Yes,7,"North America(25%), Eastern Europe(25%), Western Europe(25%)",,"Retailer, Engineer, Wholesaler, Brand business, For private use, Manufacturer","sample processing, graphic processing, customized on demand",25,18
"Redorigen (ningbo) International Trade Co., Ltd.",,"Zhejiang, China ",4.4,11 reviews,≤4h,92.7%,81 orders,"US $690,000+",-1,,,3800,-1,-1,-1,-1,Yes,2,"North America(50%), South America(10%), Oceania(10%)",,"Retailer, Engineer, Wholesaler, Brand business, Manufacturer","light customization, sample processing, graphic processing, customized on demand",-1,1
"Ningbo Whicepart Electric Co., Ltd.",,"Zhejiang, China ",5.0,1 reviews,≤11h,100.0%,- orders,-1,-1,,,2276,3792536,2,-1,4,Yes,3,"Eastern Europe(30%), South America(15%), North America(10%)",,"Retailer, Engineer, Wholesaler, Brand business, Manufacturer","customized on demand, light customization, sample processing, graphic processing",10,3
"Shenzhen Calux Purification Tech Co., Ltd.",,"Guangdong, China ",4.8,7 reviews,≤3h,100.0%,141 orders,"US $940,000+",-1,,,20000,-1,16,-1,30,Yes,8,"Domestic Market(45%), North America(20%), Western Europe(13%)",,"Retailer, Engineer, Wholesaler, Brand business, For private use, Manufacturer","light customization, customized on demand, sample processing, graphic processing",10,8
"Henan Hairongxun New Energy Co., Ltd.",,"Henan, China ",4.6,20 reviews,≤2h,100.0%,- orders,-1,-1,,,1500,-1,3,-1,15,Yes,1,-1,,"Wholesaler, For private use","sample processing, graphic processing",-1,1
"Shenzhen WLY Electronics Co., Ltd.",,"Guangdong, China ",5.0,24 reviews,≤2h,98.1%,- orders,-1,-1,,,15112,-1,4,350000,24,Yes,8,"Western Europe(52%), Southeast Asia(18%), North America(8%)",,"Wholesaler, Brand business, Manufacturer","light customization, sample processing, graphic processing, sample processing, graphic processing, customized on demand",50,4
"Dongguan Fuyue Electronics Co., Ltd.",,"Guangdong, China ",4.7,78 reviews,≤2h,99.0%,362 orders,"US $490,000+",-1,,,1600,1500000,2,-1,5,Yes,1,"North America(22%), Eastern Europe(20%), Domestic Market(20%)",,"Retailer, Wholesaler, Brand business, For private use, Manufacturer","no, sample processing, graphic processing, customized on demand",30,1
"Shandong Amiba Intelligent Technology Co., Ltd.",,"Shandong, China ",4.5,8 reviews,≤2h,100.0%,- orders,-1,-1,,,1484,5000000,5,-1,6,Yes,8,"North America(20%), Eastern Europe(20%), Northern Europe(20%)",,-1,-1,-1,2
"Haining Fadi Solar Energy Co., Ltd.",,"Zhejiang, China ",3.9,7 reviews,≤3h,100.0%,36 orders,"US $40,000+",-1,,,920,7114280,1,32000,55,Yes,2,"Africa(34%), Western Europe(32%), South America(10%)",,"Retailer, Engineer, Wholesaler, Brand business, For private use","customized on demand, sample processing, graphic processing",10,2
"Liaocheng Jiangbei Tianneng Battery Factory Co., Ltd.",,"Shandong, China ",4.6,7 reviews,≤3h,94.7%,56 orders,"US $20,000+",-1,,,13200,1200000,5,950000,98,Yes,4,"Domestic Market(40%), North America(10%), South America(10%)",,-1,-1,-1,0
"Keheng New Energy Technology (shenzhen)  Co., Ltd.",,"Guangdong, China ",4.5,49 reviews,≤2h,98.6%,- orders,-1,-1,,,2610,8050000,2,1091000,5,Yes,2,"North America(30%), South America(10%), Eastern Europe(10%)",,"Retailer, Engineer, Wholesaler, Brand business, For private use, Manufacturer","sample processing, graphic processing, customized on demand, sample processing, graphic processing, customized on demand",111,7
"Shenzhen Fengshou New Energy Technology Co., Ltd.",,"Guangdong, China ",4.4,27 reviews,≤1h,96.2%,- orders,-1,-1,,,1380,5000000,15,1900000,51,Yes,4,"Western Europe(35%), North America(30%), Africa(25%)",,"Retailer, Engineer, Wholesaler, Brand business, For private use, Manufacturer","sample processing, graphic processing, customized on demand",35,8
"Yuyao Johnson Eletek Co., Ltd.",,"Zhejiang, China ",4.5,22 reviews,≤3h,79.5%,76 orders,"US $20,000+",-1,,,8530,5074074,5,-1,30,Yes,5,"Northern Europe(30%), North America(20%), South America(20%)",,"Retailer, Engineer, Wholesaler, Brand business, For private use, Manufacturer","light customization, sample processing, graphic processing, customized on demand, sample processing, graphic processing, customized on demand",5,3
"Dongguan Zhiyuantong New Energy Co., Ltd.",,"Guangdong, China ",4.5,20 reviews,≤3h,100.0%,- orders,-1,-1,,,2000,-1,1,-1,7,Yes,1,"North America(22%), South America(20%), Western Europe(11%)",,"Retailer, Brand business, Manufacturer",no,-1,0
"Yichun Hertz Energy Storage Co., Ltd.",,"Jiangxi, China ",4.7,3 reviews,≤2h,100.0%,- orders,-1,-1,,,2300,-1,3,1165,3,Yes,3,-1,,"Retailer, Brand business","customized on demand, sample processing, graphic processing",20,9
"Yichun Dawnstars Manufacture And Trade Co., Ltd.",,"Jiangxi, China ",5.0,3 reviews,≤2h,100.0%,- orders,-1,-1,,,2400,-1,-1,-1,-1,Yes,4,"North America(30%), Northern Europe(20%), South America(12%)",,"Retailer, Engineer, Wholesaler, Brand business, For private use, Manufacturer","customized on demand, graphic processing, sample processing, sample processing, graphic processing, customized on demand",50,9
"Yiwu Chuangneng Battery Co., Ltd.",,"Zhejiang, China ",4.7,16 reviews,≤2h,97.5%,- orders,-1,-1,,,2800,-1,6,1065000000,6,Yes,1,"Domestic Market(50%), Africa(25%), Eastern Europe(10%)",,"Retailer, Wholesaler, Brand business, For private use","light customization, sample processing, graphic processing, customized on demand, graphic processing, sample processing, customized on demand",70,2
"Shandong Yixin Information Technology Co., Ltd.",,"Shandong, China ",4.5,32 reviews,≤5h,93.3%,- orders,-1,-1,,,5000,-1,4,-1,120,Yes,1,"North America(20%), Domestic Market(20%), Western Europe(18%)",,"Retailer, Engineer, Wholesaler, Brand business, For private use, Manufacturer","sample processing, graphic processing, customized on demand",10,1
"Shenzhen Hysincere Battery Co., Ltd.",,"Guangdong, China ",4.8,45 reviews,≤5h,88.5%,102 orders,"US $680,000+",-1,,,5500,1532735,4,3000000,17,Yes,4,"Domestic Market(35%), North America(20%), South America(20%)",,"Retailer, Engineer, Wholesaler, Brand business, For private use, Manufacturer","light customization, sample processing, graphic processing, customized on demand, customized on demand, graphic processing, sample processing, light customization",40,10
"Shenzhen Delong Energy Technology Co., Ltd.",,"Guangdong, China ",5.0,29 reviews,≤2h,100.0%,- orders,-1,-1,,,6346,26209952,6,2820000,20,Yes,5,"North America(15%), Eastern Europe(15%), Africa(10%)",,"Retailer, Wholesaler, Brand business, Manufacturer","light customization, customized on demand, sample processing, graphic processing, light customization, sample processing, graphic processing, customized on demand",70,10
"Foshan Top One Power Technology Co., Ltd.",,"Guangdong, China ",5.0,9 reviews,≤4h,88.0%,- orders,-1,-1,,,4500,2600000,-1,130000,-1,Yes,5,"North America(18%), Mid East(18%), Southern Europe(12%)",,"Retailer, Engineer, Wholesaler, Brand business, For private use, Manufacturer","light customization, sample processing, graphic processing, customized on demand",5,6
"Guangdong Shengli High-Tech Energy Technology Co., Ltd.",,"Guangdong, China ",4.9,19 reviews,≤3h,100.0%,81 orders,"US $60,000+",-1,,,38800,-1,28,-1,861,Yes,19,"Domestic Market(80%), Southeast Asia(10%), Mid East(5%)",,"Retailer, Wholesaler, Brand business","sample processing, graphic processing, customized on demand, sample processing, graphic processing, customized on demand",98,18
"Nanjing Jntimuya New Energy Technology Co., Ltd.",,"Jiangsu, China ",5.0,9 reviews,≤4h,81.2%,- orders,-1,-1,,,244,-1,-1,-1,-1,Yes,1,"North America(30%), Southeast Asia(20%), Eastern Europe(15%)",,"Retailer, Engineer, Wholesaler, Brand business, For private use, Manufacturer","sample processing, graphic processing, customized on demand",-1,-1
"Guangdong Chuangxinjia New Energy Technology Co., Ltd.",,"Guangdong, China ",4.7,10 reviews,≤3h,98.9%,- orders,-1,-1,,,18000,-1,10,-1,-1,Yes,10,"North America(25%), South America(25%), Western Europe(15%)",,"Retailer, Engineer, Wholesaler, Brand business, For private use, Manufacturer","sample processing, graphic processing, customized on demand, sample processing, graphic processing, customized on demand",30,30
"Jiangsu Gso New Energy Technology Co., Ltd.",,"Jiangsu, China ",4.8,46 reviews,≤1h,95.5%,214 orders,"US $2,200,000+",-1,,,26893,3320000,-1,-1,-1,Yes,3,"Western Europe(33%), Southeast Asia(20%), Mid East(17%)",,"Retailer, Engineer, Wholesaler, Brand business, For private use, Manufacturer","sample processing, graphic processing, customized on demand, sample processing, graphic processing, customized on demand",90,18
"Greensun Solar Energy Tech Co., Limited",,"Anhui, China ",4.8,127 reviews,≤3h,100.0%,- orders,-1,-1,,,2900,4260000,-1,-1,-1,Yes,3,"North America(13%), South America(10%), Africa(10%)",,"Retailer, Wholesaler, Brand business, Manufacturer","sample processing, graphic processing, customized on demand, sample processing, graphic processing, customized on demand",21,3
"Foshan Snat Energy Electrical Technology Co., Ltd.",,"Guangdong, China ",4.3,8 reviews,≤3h,100.0%,38 orders,"US $70,000+",-1,,,16500,11050000,4,360000,20,Yes,2,"Africa(25%), Mid East(18%), Domestic Market(15%)",,"Retailer, Engineer, Wholesaler, Brand business, For private use, Manufacturer","light customization, sample processing, graphic processing, customized on demand",2,6
"Guangzhou WHC Solar Technology Co., Ltd.",,"Guangdong, China ",4.6,28 reviews,≤2h,100.0%,135 orders,"US $3,000,000+",-1,,,2782,-1,4,-1,31,Yes,10,"Africa(80%), Mid East(12%), Southeast Asia(8%)",,"Retailer, Engineer, Wholesaler, Brand business, For private use, Manufacturer","sample processing, graphic processing, customized on demand, light customization, customized on demand, light customization, sample processing, graphic processing",104,14
"Amso Solar Technology Co., Ltd.",,"Jiangsu, China ",4.9,12 reviews,≤3h,98.2%,99 orders,"US $490,000+",-1,,,6200,8760000,2,1600,21,Yes,8,"Mid East(16%), Southeast Asia(15%), Northern Europe(15%)",,"Retailer, Engineer, Wholesaler, Brand business, For private use, Manufacturer",customized on demand,72,1
"Shenzhen Victpower Technology Co., Ltd.",,"Guangdong, China ",4.4,21 reviews,≤7h,88.6%,60 orders,"US $490,000+",-1,,,17408,1800000,17,-1,56,Yes,18,"Domestic Market(30%), North America(15%), Southeast Asia(15%)",,"Retailer, Engineer, Wholesaler, Brand business, For private use, Manufacturer","sample processing, graphic processing, customized on demand, sample processing, graphic processing, customized on demand",120,7
"General Electronics Technology Co.,Ltd.",,"Guangdong, China ",4.9,172 reviews,≤2h,100.0%,- orders,-1,-1,,,1150,5090000,-1,-1,-1,Yes,3,"North America(40%), Southeast Asia(20%), Western Europe(20%)",,"Retailer, Engineer, Wholesaler, Brand business, For private use, Manufacturer","sample processing, graphic processing, customized on demand, sample processing, graphic processing, customized on demand",4,1
"Shenzhen Blackcell Technology Co., Ltd.",,"Guangdong, China ",4.7,163 reviews,≤2h,87.7%,631 orders,"US $1,000,000+",-1,,,6180,-1,7,32000000,87,Yes,10,"Western Europe(50%), North America(20%), Oceania(20%)",,"Retailer, Engineer, Wholesaler, Brand business, For private use, Manufacturer","no, light customization, sample processing, graphic processing, customized on demand",50,2
"Sunevo Solar Co., Ltd.",,"Anhui Province, China ",4.7,14 reviews,≤2h,100.0%,- orders,-1,-1,,,10800,3000000,1,-1,16,Yes,8,"North America(10%), Southeast Asia(10%), Africa(10%)",,"Retailer, Wholesaler, Brand business, Manufacturer","sample processing, graphic processing, customized on demand, sample processing, graphic processing, customized on demand",160,22
"Enerlution Energy Technology Co., Ltd",,"Anhui, China ",-1,-1,≤2h,100.0%,- orders,-1,-1,,,6613,4000000,1,-1,10,Yes,10,"Western Europe(40%), Eastern Europe(30%), North America(10%)",,"Retailer, Wholesaler, Brand business, Manufacturer","sample processing, graphic processing, customized on demand, sample processing, graphic processing, customized on demand",170,40
"Shenzhen Jiesaiyuan Electricity Co., Ltd.",,"Guangdong, China ",4.9,17 reviews,≤3h,95.7%,- orders,-1,-1,,,500,4741945,2,-1,21,Yes,2,"North America(15%), Southeast Asia(15%), Mid East(15%)",,"Retailer, Engineer, Wholesaler, Brand business, For private use, Manufacturer","sample processing, graphic processing, customized on demand, sample processing, graphic processing, customized on demand",20,2
"Yichun Enten Science And Technology Co., Ltd.",,"Jiangxi, China ",4.3,24 reviews,≤3h,97.9%,93 orders,"US $860,000+",-1,,,2200,3050364,-1,-1,-1,Yes,3,"North America(30%), Northern Europe(20%), Southeast Asia(12%)",,"Retailer, Engineer, Wholesaler, Brand business, For private use, Manufacturer","light customization, sample processing, graphic processing, customized on demand, sample processing, graphic processing, customized on demand",50,4
"Tianneng Battery Group Co., Ltd.",,"Zhejiang, China ",-1,-1,≤4h,100.0%,- orders,-1,-1,,,73361,-1,4,-1,21,Yes,26,Domestic Market(100%),,"Retailer, Engineer, Wholesaler, Brand business, For private use, Manufacturer","sample processing, graphic processing, customized on demand, no",5,11
"Shenzhen Ctechi Technology Co., Ltd.",,"Guangdong, China ",5.0,14 reviews,≤2h,97.1%,70 orders,"US $840,000+",-1,,,4705,16063683,-1,-1,-1,Yes,13,"North America(20%), Western Europe(20%), Domestic Market(14%)",,"Retailer, Engineer, Wholesaler, Brand business, Manufacturer","sample processing, graphic processing, customized on demand, sample processing, graphic processing, customized on demand",50,15
"Shenzhen Soec Energy Co., Ltd.",,"Guangdong, China ",4.7,60 reviews,≤2h,97.2%,224 orders,"US $240,000+",-1,,,3500,-1,3,1000000,8,Yes,5,"Western Europe(30%), Southern Europe(30%), Oceania(10%)",,"Retailer, Engineer, Wholesaler, Brand business, For private use, Manufacturer","no, sample processing, graphic processing, customized on demand",6,1
"Shenzhen Gsl Energy Co., Ltd.",,"Guangdong, China ",5.0,16 reviews,≤1h,100.0%,- orders,-1,-1,,,10486,15600000,2,-1,-1,Yes,10,"North America(25%), South America(20%), Eastern Europe(15%)",,"Retailer, Engineer, Wholesaler, Brand business, Manufacturer","light customization, sample processing, graphic processing, customized on demand, customized on demand, graphic processing, sample processing",130,8
"Sunevo Solar Co., Ltd.",,"Anhui, China ",5.0,73 reviews,≤2h,100.0%,- orders,-1,-1,,,5534,6260000,2,-1,30,Yes,4,"North America(20%), Southeast Asia(15%), South America(10%)",,"Retailer, Engineer, Wholesaler, Brand business, For private use, Manufacturer","sample processing, graphic processing, customized on demand, sample processing, graphic processing, customized on demand",10,3
"Shenzhen Topway New Energy Co., Ltd.",,"Guangdong, China ",4.7,191 reviews,≤2h,98.9%,- orders,-1,-1,,,1100,-1,1,-1,2,Yes,2,"Eastern Europe(30%), North America(25%), Mid East(10%)",,"Retailer, Engineer, Wholesaler, Brand business, For private use, Manufacturer","sample processing, graphic processing, customized on demand, sample processing, graphic processing, customized on demand",-1,3
"TTN New Energy Technology (Wenzhou) Co., Ltd.",,"Zhejiang, China ",4.7,58 reviews,≤3h,97.6%,260 orders,"US $1,800,000+",-1,,,30122,15274747,40,-1,45,Yes,17,"Western Europe(18%), North America(16%), South America(12%)",,"Retailer, Engineer, Wholesaler, Brand business, For private use, Manufacturer","sample processing, graphic processing, customized on demand, sample processing, graphic processing, customized on demand",50,12
"Bluesun Outdoor Energy Co., Ltd.",,"Anhui, China ",4.9,34 reviews,≤3h,100.0%,70 orders,"US $830,000+",-1,,,4160,7618637,5,-1,6,Yes,7,"Eastern Asia(20%), North America(15%), Eastern Europe(10%)",,"Retailer, Engineer, Wholesaler, Brand business, For private use, Manufacturer","light customization, sample processing, graphic processing, customized on demand, graphic processing, customized on demand, sample processing, light customization",8,14
"Shenzhen Kerui Power Storage Co., Ltd.",,"Guangdong, China ",4.7,41 reviews,≤4h,87.4%,126 orders,"US $340,000+",-1,,,20050,-1,10,360000,62,Yes,20,"Eastern Europe(45%), Western Europe(20%), North America(15%)",,"Retailer, Wholesaler, Brand business, For private use","customized on demand, graphic processing, sample processing, light customization, sample processing, graphic processing, customized on demand",3,12
"Guangdong One Energy Technology Co., Ltd.",,"Guangdong, China ",4.9,4 reviews,≤2h,100.0%,- orders,-1,-1,,,1942,-1,4,-1,25,Yes,5,"Domestic Market(26%), North America(15%), South America(14%)",,"Retailer, Engineer, Wholesaler, Brand business, For private use, Manufacturer","sample processing, graphic processing, customized on demand",90,6
"Pingdingshan Sinoshine Energy Co., Ltd.",,"Henan, China ",4.2,4 reviews,≤6h,100.0%,- orders,-1,-1,,,3750,-1,1,700,16,Yes,3,"Western Europe(60%), Domestic Market(20%), North America(10%)",,"Retailer, Engineer, Wholesaler, Brand business, For private use","sample processing, graphic processing",11,4
"Shenzhen Yabo Power Technology Co., Ltd.",,"Guangdong, China ",4.8,32 reviews,≤3h,99.3%,- orders,-1,-1,,,4000,15600000,4,17400000,14,Yes,4,"North America(55%), Northern Europe(25%), Africa(10%)",,"Retailer, Engineer, Wholesaler, Brand business, For private use, Manufacturer","light customization, sample processing, graphic processing, customized on demand",210,10
"SunArk Power Co., Ltd.",,"Anhui, China ",5.0,8 reviews,≤3h,100.0%,- orders,-1,-1,,,14800,-1,4,-1,13,Yes,21,"Eastern Europe(30%), Southeast Asia(20%), Africa(20%)",,"Retailer, Wholesaler, Brand business, Manufacturer","sample processing, graphic processing, customized on demand, sample processing, graphic processing, customized on demand",180,14
"Shenzhen Lithtech Energy Co., Ltd.",,"Guangdong, China ",4.8,41 reviews,≤2h,97.0%,163 orders,"US $610,000+",-1,,,4945,6764902,2,-1,-1,Yes,3,"North America(46%), Eastern Europe(12%), Western Europe(7%)",,"Retailer, Engineer, Wholesaler, Brand business, For private use, Manufacturer","sample processing, graphic processing, sample processing, graphic processing, customized on demand",60,16
"Guangdong Cerrnss New Energy Technology Co., Ltd.",,"Guangdong, China ",4.7,19 reviews,≤2h,92.0%,39 orders,"US $110,000+",-1,,,2500,-1,2,-1,10,Yes,2,"Eastern Europe(35%), North America(25%), Domestic Market(20%)",,"Retailer, Engineer, Wholesaler, Brand business, For private use, Manufacturer","sample processing, graphic processing, customized on demand",35,2
"Lipower New Energy Technology Co., Ltd.",,"Guangdong, China ",4.9,23 reviews,≤3h,100.0%,- orders,-1,-1,,,3000,-1,2,-1,56,Yes,6,"Western Europe(30%), North America(15%), South America(15%)",,"Retailer, Engineer, Wholesaler, Brand business, For private use, Manufacturer","sample processing, graphic processing, customized on demand, sample processing, graphic processing, customized on demand",25,8
"Shenzhen Sinorise Information & Technology Co., Ltd.",,"Guangdong, China ",4.2,12 reviews,≤4h,95.2%,- orders,-1,-1,,,3218,-1,-1,-1,-1,Yes,4,"North America(30%), Western Europe(30%), Eastern Europe(10%)",,"Retailer, Engineer, Wholesaler, Brand business, For private use, Manufacturer","sample processing, graphic processing, customized on demand, sample processing, graphic processing, customized on demand",125,8
Shenzhen Qishou Technology Limited,,"Guangdong, China ",4.9,457 reviews,≤3h,99.9%,1532 orders,"US $2,200,000+",-1,,,2046,1960000,1,-1,2,Yes,2,"Western Europe(30%), North America(20%), Oceania(20%)",,"Retailer, Engineer, Wholesaler, Brand business, For private use, Manufacturer","no, sample processing, graphic processing, customized on demand",50,1
"Shenzhen Zhongtong Battery Co., Ltd.",,"Guangdong, China ",4.8,103 reviews,≤3h,100.0%,- orders,-1,-1,,,2218,-1,-1,-1,-1,Yes,3,"North America(30%), Eastern Europe(15%), Western Europe(15%)",,"Retailer, Engineer, Wholesaler, Brand business, For private use, Manufacturer","light customization, sample processing, graphic processing, customized on demand",-1,10
"Tianjin Xianzhong New Energy Technology Co., Ltd.",,"Tianjin, China ",4.9,9 reviews,≤3h,100.0%,40 orders,"US $10,000+",-1,,,5910,-1,7,-1,73,Yes,9,"North America(26%), South America(10%), Eastern Europe(10%)",,"Retailer, Engineer, Wholesaler, Brand business, For private use, Manufacturer","sample processing, graphic processing, customized on demand",15,15
"Shenzhen Yunji New Energy Technology Co., Ltd.",,"Guangdong, China ",4.8,3 reviews,≤8h,88.2%,- orders,-1,-1,,,10700,9152035,4,-1,14,Yes,11,"North America(35%), Western Europe(25%), Eastern Asia(13%)",,"Retailer, Engineer, Wholesaler, Brand business, For private use, Manufacturer","sample processing, graphic processing, customized on demand, sample processing, graphic processing, customized on demand",25,8
"NINGBO DEYE ESS TECHNOLOGY Co.,Ltd",,"Zhejiang, China ",-1,-1,≤10h,100.0%,- orders,-1,-1,,,32857,-1,4,-1,-1,Yes,9,"Domestic Market(90%), North America(4%), Africa(2%)",,"Retailer, Engineer, Wholesaler, Brand business, For private use, Manufacturer","sample processing, graphic processing, customized on demand",6,8
"Dongguan Improve Battery Co., Ltd.",,"Guangdong, China ",4.7,10 reviews,≤5h,100.0%,41 orders,"US $360,000+",-1,,,4000,-1,4,-1,35,Yes,4,"North America(25%), Western Europe(25%), Eastern Europe(15%)",,"Retailer, Engineer, Wholesaler, Brand business, For private use, Manufacturer","sample processing, graphic processing, customized on demand",135,8
"Zhongshan Gaocheng Lighting Technology Co., Ltd.",,"Guangdong, China ",4.9,8 reviews,≤2h,84.6%,35 orders,"US $210,000+",-1,,,6000,-1,3,200000,46,Yes,5,"Southeast Asia(30%), Africa(20%), Domestic Market(10%)",,"Retailer, Engineer, Wholesaler, Brand business, For private use, Manufacturer","sample processing, graphic processing, customized on demand, sample processing, graphic processing, customized on demand",4,2
"Hefei Baufar Power Technique Co., Ltd.",,"Anhui, China ",5.0,1 reviews,≤5h,100.0%,- orders,-1,-1,,,4456,2400000,3,-1,90,Yes,2,"Domestic Market(60%), Mid East(9%), North America(8%)",,"Engineer, Wholesaler, For private use, Manufacturer",no,11,10
HK GMCELL TECHNOLOGY LIMITED,,Hong Kong S.A.R. ,-1,-1,≤4h,100.0%,- orders,-1,-1,,,1290,0,2,-1,3,Yes,2,"North America(29%), South America(15%), South Asia(15%)",,"Retailer, Wholesaler, Brand business","no, no",-1,0
"Amosolar Co., Ltd.",,"Anhui, China ",5.0,25 reviews,≤2h,100.0%,21 orders,"US $1,100,000+",-1,,,5034,3000000,-1,-1,30,Yes,-1,"South America(20%), Africa(20%), Western Europe(16%)",,"Retailer, Engineer, Wholesaler, Brand business, For private use, Manufacturer","sample processing, graphic processing, customized on demand",10,-1
"Zhejiang Universal Machinery Co., Ltd.",,"Zhejiang, China ",5.0,1 reviews,≤3h,100.0%,15 orders,"US $370,000+",-1,,,30650,24289373,-1,-1,-1,Yes,11,"Southeast Asia(47%), South Asia(10%), Africa(9%)",,"Retailer, Engineer, Wholesaler, Brand business, For private use, Manufacturer","light customization, sample processing, graphic processing, customized on demand",10,9
"Sunwe Power Co., Ltd.",,"Jiangsu, China ",5.0,4 reviews,≤6h,60.0%,25 orders,"US $70,000+",-1,,,5672,-1,2,-1,2,Yes,2,"Southeast Asia(30%), Western Europe(30%), South America(10%)",,"Retailer, Engineer, Wholesaler, Brand business, For private use, Manufacturer","graphic processing, sample processing, customized on demand, sample processing, graphic processing, customized on demand",-1,3
"Guangzhou Yumo Technology Co., Ltd.",,"Guangdong, China ",5.0,6 reviews,≤1h,100.0%,- orders,-1,-1,,,1050,-1,3,-1,-1,Yes,2,"Southeast Asia(50%), North America(25%), South America(25%)",,"Retailer, Engineer, Wholesaler, Brand business, For private use, Manufacturer","sample processing, graphic processing, sample processing, graphic processing, customized on demand",240,5
"Guangzhou Jinjie Network Technology Co., Ltd",,"Guangdong, China ",4.9,11 reviews,≤2h,96.3%,- orders,-1,-1,,,600,-1,2,-1,10,Yes,4,"Africa(30%), Southeast Asia(30%), North America(20%)",,"Retailer, Engineer, Wholesaler, Brand business, For private use, Manufacturer","sample processing, graphic processing, customized on demand, sample processing, graphic processing, customized on demand",20,3
"Dongguan Bingman Electronic Technology Co., Ltd.",,"Guangdong, China ",4.8,79 reviews,≤2h,98.3%,- orders,-1,-1,,,6800,1398554,4,-1,60,Yes,4,"North America(25%), Domestic Market(20%), Eastern Europe(15%)",,"Retailer, Wholesaler, Brand business, For private use, Manufacturer","light customization, sample processing, graphic processing, customized on demand",90,3
Guangzhou Panyu Zhongtuo Electronics Factory,,"Guangdong, China ",4.6,59 reviews,≤4h,98.8%,162 orders,"US $170,000+",-1,,,6000,-1,3,402275,49,Yes,4,"Africa(40%), South America(10%), Southeast Asia(10%)",,"Retailer, Engineer, Wholesaler, Brand business, For private use, Manufacturer","light customization, sample processing, graphic processing, customized on demand, no",13,6
"Shenzhen Yss Technology Co., Ltd.",,"Guangdong, China ",4.7,62 reviews,≤3h,100.0%,- orders,-1,-1,,,4200,-1,3,500000,31,Yes,2,"Domestic Market(25%), Mid East(20%), North America(5%)",,"Retailer, Wholesaler, Brand business, Manufacturer","sample processing, graphic processing",10,3
"Guangzhou Yitai Electronics Co., Ltd.",,"Guangdong, China ",4.4,45 reviews,≤3h,98.3%,- orders,-1,-1,,,5400,2256476,-1,-1,-1,Yes,2,"Africa(30%), Southeast Asia(20%), Mid East(15%)",,"Retailer, Engineer, Wholesaler, Brand business, For private use, Manufacturer","sample processing, graphic processing, customized on demand, sample processing, graphic processing, customized on demand",-1,5
"Shenzhen W&F Technology Co., Ltd.",,"Guangdong, China ",4.6,148 reviews,≤5h,100.0%,559 orders,"US $390,000+",-1,,,850,-1,-1,-1,-1,Yes,1,"Africa(18%), Southeast Asia(15%), Mid East(13%)",,"Retailer, Engineer, Wholesaler, Brand business, For private use, Manufacturer","sample processing, graphic processing, customized on demand",-1,0
"Guangzhou City Hong Xian Electronics Co., Ltd.",,"Guangdong, China ",4.5,41 reviews,≤3h,100.0%,- orders,-1,-1,,,5400,2256476,-1,-1,-1,Yes,2,"Africa(30%), Southeast Asia(20%), Mid East(15%)",,"Retailer, Engineer, Wholesaler, Brand business, For private use, Manufacturer","sample processing, graphic processing, customized on demand, sample processing, customized on demand, graphic processing",-1,5
"Shenzhen Tianxiaowei Electronic Co., Ltd.",,"Guangdong, China ",4.7,98 reviews,≤6h,99.2%,288 orders,"US $320,000+",-1,,,1800,1700000,-1,-1,-1,Yes,4,"North America(30%), Western Europe(20%), Southern Europe(20%)",,"Retailer, Engineer, Wholesaler, Brand business, For private use, Manufacturer","light customization, sample processing, graphic processing, customized on demand",75,5
"Shenzhen Great Asia Electronic Co., Ltd.",,"Guangdong, China ",4.7,295 reviews,≤3h,99.5%,752 orders,"US $3,100,000+",-1,,,2033,5000000,3,-1,15,Yes,5,"Western Europe(27%), North America(20%), Southeast Asia(10%)",,"Retailer, Engineer, Wholesaler, Brand business, For private use, Manufacturer","sample processing, graphic processing, customized on demand, sample processing, graphic processing, customized on demand",125,9
"Shenzhen Hopestar Sci-Tech Co., Ltd.",,"Guangdong, China ",4.9,49 reviews,≤4h,100.0%,169 orders,"US $1,800,000+",-1,,,4600,9198800,-1,-1,-1,Yes,6,"North America(25%), Eastern Europe(16%), Western Europe(15%)",,-1,"sample processing, graphic processing, customized on demand, light customization, sample processing, graphic processing, customized on demand",180,6
"Shenzhen Junuo Electronics Co., Ltd.",,"Guangdong, China ",4.8,69 reviews,≤3h,96.8%,231 orders,"US $570,000+",-1,,,11670,27274786,-1,-1,-1,Yes,21,"Eastern Europe(28%), South America(20%), North America(10%)",,"Retailer, Engineer, Wholesaler, Brand business, Manufacturer","light customization, sample processing, graphic processing, customized on demand",60,8
"Guangzhou Bolei Electronic Technology Co., Ltd.",,"Guangdong, China ",4.6,140 reviews,≤3h,99.1%,- orders,-1,-1,,,5030,5320000,6,-1,-1,Yes,2,"Eastern Europe(30%), Southeast Asia(15%), Africa(15%)",,"Retailer, Engineer, Wholesaler, Brand business, For private use, Manufacturer","sample processing, graphic processing, customized on demand, sample processing, graphic processing, customized on demand",20,2
"Guangzhou Yuexiang Electronic Technology Co., Ltd.",,"Guangdong, China ",5.0,6 reviews,≤4h,100.0%,11 orders,"US $10,000+",-1,,,3000,6000000,5,-1,-1,Yes,4,"North America(20%), South America(20%), Southeast Asia(20%)",,"Retailer, Engineer, Wholesaler, Brand business, For private use, Manufacturer","sample processing, graphic processing, customized on demand",50,4
"Shenzhen Xinbolong Technology Co., Ltd.",,"Guangdong, China ",4.4,446 reviews,≤3h,95.5%,- orders,-1,-1,,,600,-1,-1,-1,-1,Yes,2,"Domestic Market(30%), North America(12%), Eastern Asia(12%)",,"Retailer, Engineer, Wholesaler, Brand business, For private use","sample processing, graphic processing, customized on demand",8,2
"Shenzhen Abeloe Technology Co., Ltd.",,"Guangdong, China ",4.8,46 reviews,≤4h,98.3%,105 orders,"US $130,000+",-1,,,3225,2130000,3,-1,-1,Yes,2,"Western Europe(12%), North America(10%), Eastern Europe(10%)",,"Retailer, Engineer, Wholesaler, Brand business, For private use, Manufacturer","sample processing, graphic processing, customized on demand, sample processing, graphic processing, customized on demand",30,7
Shenzhen South Digital Limited,,"Guangdong, China ",4.5,114 reviews,≤5h,99.2%,353 orders,"US $1,000,000+",-1,,,62000,27025829,33,-1,325,Yes,75,"North America(22%), South America(20%), Eastern Europe(20%)",,"Retailer, Engineer, Wholesaler, Brand business, For private use, Manufacturer","sample processing, graphic processing, customized on demand, sample processing, graphic processing, customized on demand",60,70
"Guangzhou Doolike Electronic Technology Co., Ltd.",,"Guangdong, China ",4.8,33 reviews,≤6h,100.0%,126 orders,"US $50,000+",-1,,,3024,-1,3,-1,4,Yes,3,"North America(30%), Western Europe(30%), South America(10%)",,"Retailer, Engineer, Wholesaler, Brand business, For private use, Manufacturer","sample processing, graphic processing, customized on demand",10,2
"Shenzhen Great Asia Electronic Co., Ltd.",,"Guangdong Province, China ",4.5,172 reviews,≤3h,98.0%,251 orders,"US $1,100,000+",-1,,,2313,-1,6,-1,10,Yes,10,"North America(20%), South America(20%), Domestic Market(20%)",,"Retailer, Engineer, Wholesaler, Brand business, For private use, Manufacturer","sample processing, graphic processing, customized on demand, sample processing, graphic processing, customized on demand",76,7
"Shenzhen Poofect Technology Co., Ltd.",,"Guangdong, China ",4.4,1058 reviews,≤5h,94.6%,- orders,-1,-1,,,1600,-1,2,-1,-1,Yes,2,"South America(35%), North America(20%), Eastern Europe(10%)",,"Retailer, Wholesaler, Brand business, For private use","light customization, sample processing, graphic processing, customized on demand",40,2
"Shenzhen Shuole Technology Co., Ltd.",,"Guangdong, China ",4.7,124 reviews,≤2h,100.0%,270 orders,"US $100,000+",-1,,,1579,-1,3,-1,7,Yes,5,"Domestic Market(20%), Southeast Asia(12%), Northern Europe(11%)",,"Retailer, Wholesaler, Brand business, For private use, Manufacturer","light customization, graphic processing, customized on demand, graphic processing, customized on demand",34,3
"Shenzhen Kingstar Mould Co., Ltd.",,"Guangdong, China ",4.0,10 reviews,≤7h,93.3%,45 orders,"US $8,000+",-1,,,2100,-1,-1,-1,-1,Yes,5,"North America(35%), Southern Europe(30%), Domestic Market(20%)",,"Retailer, Wholesaler, Brand business","light customization, customized on demand, sample processing, graphic processing, sample processing, customized on demand, graphic processing",20,5
"Shenzhen Fengshou New Energy Technology Co., Ltd.",,"Guangdong, China ",4.4,27 reviews,≤1h,96.2%,- orders,-1,-1,,,1380,5000000,15,1900000,51,Yes,4,"Western Europe(35%), North America(30%), Africa(25%)",,"Retailer, Engineer, Wholesaler, Brand business, For private use, Manufacturer","sample processing, graphic processing, customized on demand",35,8
"Shenzhen Ept Electronic Technology Co., Ltd.",,"Guangdong, China ",4.8,89 reviews,≤4h,93.1%,200 orders,"US $740,000+",-1,,,2070,3000000,-1,-1,-1,Yes,4,"North America(25%), Western Europe(15%), South America(10%)",,"Retailer, Engineer, Wholesaler, Brand business, For private use, Manufacturer","sample processing, graphic processing, customized on demand, sample processing, graphic processing, customized on demand",55,3
"Shenzhen W&F Technology Co., Ltd.",,"Guagndong, China ",4.7,289 reviews,≤7h,99.8%,1786 orders,"US $870,000+",-1,,,850,-1,-1,-1,-1,Yes,1,"Africa(18%), Southeast Asia(15%), Mid East(13%)",,"Retailer, Engineer, Brand business, For private use, Manufacturer","sample processing, graphic processing, customized on demand",-1,0
Shenzhen Topleo Technology Limited,,"Guangdong, China ",4.7,357 reviews,≤2h,99.5%,879 orders,"US $1,700,000+",-1,,,1400,-1,2,-1,10,Yes,9,"South America(22%), Eastern Europe(20%), North America(11%)",,"Retailer, Wholesaler, Brand business","light customization, sample processing, graphic processing, customized on demand, no",50,5
"Guangzhou Luxun Technology Co., Ltd.",,"Guangdong, China ",4.5,189 reviews,≤2h,100.0%,- orders,-1,-1,,,3200,-1,16,2400000,43,Yes,4,"North America(20%), Southeast Asia(16%), Western Europe(15%)",,"Retailer, Engineer, Wholesaler, Brand business, For private use, Manufacturer","sample processing, graphic processing, customized on demand, sample processing, graphic processing, customized on demand",56,8
"Jinhua Huayue Trading Co., Ltd.",,"Zhejiang, China ",4.0,80 reviews,≤9h,100.0%,187 orders,"US $10,000+",-1,,,3651,4000000,6,-1,12,Yes,5,"North America(34%), Central America(26%), South America(8%)",,"Retailer, Engineer, Wholesaler, Brand business, For private use, Manufacturer","sample processing, graphic processing, customized on demand, sample processing, graphic processing, customized on demand",240,12
"Shenzhen Jx Robot Technology Co., Ltd.",,"Guangdong, China ",4.8,125 reviews,≤1h,100.0%,- orders,-1,-1,,,1980,1936236,5,77351,35,Yes,9,"South Asia(36%), Domestic Market(21%), Southeast Asia(16%)",,"Retailer, Wholesaler, other|Distributor/super market, Brand business","sample processing, graphic processing, customized on demand",2,10
"Shenzhen Xinyi Electronic Digital Co., Ltd.",,"Guangdong, China ",4.5,98 reviews,≤1h,99.7%,- orders,-1,-1,,,740,-1,2,-1,25,Yes,1,"Africa(25%), Domestic Market(25%), Southeast Asia(15%)",,"Retailer, Wholesaler, Brand business","sample processing, graphic processing, customized on demand",10,2
"Guangdong Waigaa Electronics Co., Ltd.",,"Guangdong, China ",5.0,8 reviews,≤7h,100.0%,- orders,-1,-1,,,6532,11764303,4,-1,-1,Yes,4,"North America(30%), Southeast Asia(20%), Africa(20%)",,"Retailer, Engineer, Wholesaler, Brand business, For private use, Manufacturer","sample processing, graphic processing, customized on demand, sample processing, graphic processing, customized on demand",60,4
"Dongguan Wansheng Electronic Technology Co., Ltd.",,"Guangdong, China ",4.7,239 reviews,≤4h,98.9%,- orders,-1,-1,,,2100,-1,-1,-1,24,Yes,3,"North America(15%), South America(15%), Eastern Europe(10%)",,"Retailer, Engineer, Wholesaler, Brand business, For private use, Manufacturer","sample processing, graphic processing, customized on demand, no",20,1
"Shenzhen Jidimei Technology Co., Ltd.",,"Guangdong, China ",3.7,214 reviews,≤3h,97.8%,- orders,-1,-1,,,1600,-1,-1,-1,-1,Yes,2,"North America(50%), Eastern Asia(20%), Western Europe(10%)",,"Retailer, Engineer, Wholesaler, Brand business, For private use, Manufacturer","light customization, sample processing, graphic processing, customized on demand, light customization, sample processing, graphic processing, customized on demand",5,2
"Guangdong Chuangxinjia New Energy Technology Co., Ltd.",,"Guangdong, China ",4.7,10 reviews,≤3h,98.9%,- orders,-1,-1,,,18000,-1,10,-1,-1,Yes,10,"North America(25%), South America(25%), Western Europe(15%)",,"Retailer, Engineer, Wholesaler, Brand business, For private use, Manufacturer","sample processing, graphic processing, customized on demand, sample processing, graphic processing, customized on demand",30,30
"Di Xiang Industrial (shenzhen) Co., Ltd.",,"Guangdong, China ",4.6,75 reviews,≤3h,99.2%,- orders,-1,-1,,,1200,-1,2,600000,3,Yes,3,"Eastern Asia(60%), South America(20%), Eastern Europe(20%)",,"Retailer, Brand business",no,-1,0
"Trulyway Electronic Development Co., Ltd.",,"Guanddong, China ",4.4,124 reviews,≤5h,100.0%,252 orders,"US $90,000+",-1,,,2250,1286120,5,-1,35,Yes,12,"North America(31%), Domestic Market(30%), Western Europe(28%)",,"Retailer, Wholesaler, Brand business","light customization, graphic processing, customized on demand, sample processing",25,8
"Guangzhou Wanteng Electronics Co., Ltd.",,"Guangdong, China ",3.6,4 reviews,≤7h,100.0%,4 orders,"US $20,000+",-1,,,8830,-1,6,-1,30,Yes,1,"Southeast Asia(40%), Africa(25%), South America(15%)",,"Retailer, Wholesaler, Brand business, For private use, Manufacturer","light customization, sample processing, graphic processing, customized on demand",250,3
"Shaoxing Ruitu Photographic Equipment Co., Ltd.",,"Zhejiang, China ",4.7,166 reviews,≤7h,99.4%,- orders,-1,-1,,,3224,-1,3,-1,13,Yes,2,"Domestic Market(70%), North America(10%), South America(10%)",,"Retailer, Engineer, Wholesaler, Brand business, For private use, Manufacturer","light customization, sample processing, graphic processing, customized on demand",-1,3
"Shenzhen Oufei'er Technology Co.,ltd",,"Gunagdong, China ",4.4,198 reviews,≤2h,96.8%,760 orders,"US $100,000+",-1,,,3871,-1,3,-1,74,Yes,4,"North America(40%), Western Europe(20%), Eastern Asia(10%)",,"Retailer, Engineer, Wholesaler, Brand business, For private use, Manufacturer","sample processing, graphic processing, sample processing, graphic processing, customized on demand",12,1
"Dongguan Qifeng Electronic Technology Co., Ltd.",,"Guangdong, China ",4.7,174 reviews,≤2h,93.9%,- orders,-1,-1,,,8200,-1,3,-1,12,Yes,8,"Southeast Asia(40%), Domestic Market(30%), South America(15%)",,-1,"light customization, customized on demand, sample processing, graphic processing, sample processing, graphic processing, customized on demand",10,3
"Shenzhen Huaxi Electronic Technology Co., Ltd.",,"Guangdong, China ",4.7,57 reviews,≤2h,98.8%,- orders,-1,-1,,,750,-1,3,-1,-1,Yes,3,-1,,"Retailer, Engineer, Wholesaler, Brand business, For private use, Manufacturer","sample processing, graphic processing, customized on demand",10,2
"Shenzhen Lingchuang Electronic Technology Co., Ltd.",,"Guangdong, China ",4.4,15 reviews,≤9h,96.9%,- orders,-1,-1,,,2400,-1,2,-1,4,Yes,5,"North America(45%), South America(15%), Eastern Europe(5%)",,"Retailer, Engineer, Wholesaler, Brand business, For private use, Manufacturer","sample processing, graphic processing, customized on demand",5,2
"Guangzhou LKG Electronic Technology Co., Ltd.",,"Guangdong, China ",4.8,119 reviews,≤3h,97.2%,- orders,-1,-1,,,4860,-1,2,-1,71,Yes,15,"Eastern Europe(25%), North America(22%), Domestic Market(18%)",,"Retailer, Wholesaler, Brand business, Manufacturer","sample processing, graphic processing, customized on demand, sample processing, graphic processing, customized on demand",405,3
"Shenzhen Haoyu Technology Co., Ltd.",,"Guangdong, China ",4.7,483 reviews,≤5h,99.4%,- orders,-1,-1,,,950,-1,1,-1,5,Yes,2,"South America(20%), Southeast Asia(20%), Mid East(20%)",,-1,"sample processing, graphic processing, customized on demand, sample processing, graphic processing, customized on demand",20,4
"Shenzhen Elinksmart Technology Co., Ltd.",,"Guangdong, China ",4.9,770 reviews,≤3h,100.0%,- orders,-1,-1,,,52321,12633225,4,4297500,69,Yes,20,"Mid East(55%), South America(22%), Africa(15%)",,"Retailer, Engineer, Wholesaler, Brand business, Manufacturer","light customization, sample processing, graphic processing, customized on demand, light customization, sample processing, graphic processing, customized on demand",56,15
"FOSHAN VOTEN MEDICAL TECHNOLOGY CO.,LTD",,"GUANGDONG, China ",4.6,38 reviews,≤3h,93.9%,195 orders,"US $650,000+",-1,,,6000,-1,4,-1,25,Yes,2,"Domestic Market(40%), South America(15%), Mid East(10%)",,"Retailer, Engineer, Wholesaler, Brand business, For private use, Manufacturer","light customization, sample processing, customized on demand, graphic processing",5,2
"Shenzhen AOJ Medical Technology Co., Ltd.",,"Guangdong, China ",4.8,69 reviews,≤3h,100.0%,185 orders,"US $1,300,000+",-1,,,4237,13421752,10,-1,30,Yes,21,"North America(70%), Western Europe(6%), South America(5%)",,"Retailer, Engineer, Wholesaler, Brand business, For private use, Manufacturer","light customization, sample processing, graphic processing, customized on demand",18,41
"Shandong Yulite Medical Equipment Co., Ltd.",,"Shandong, China ",5.0,2 reviews,≤1h,100.0%,- orders,-1,-1,,,5000,-1,-1,-1,-1,Yes,4,"North America(21%), South America(10%), Eastern Europe(10%)",,"Retailer, Engineer, Wholesaler, Brand business, For private use, Manufacturer","sample processing, graphic processing, customized on demand",5,3
"Henan Hengchun Industrial Co., Ltd.",,"Henan, China ",4.7,17 reviews,≤2h,99.1%,- orders,-1,-1,,,5545,-1,-1,-1,-1,Yes,3,"Domestic Market(60%), North America(40%)",,"Retailer, Wholesaler, For private use","sample processing, customized on demand, graphic processing",-1,2
"Shijiazhuang Aosuo International Trade Co., Ltd.",,"Hebei, China ",4.9,125 reviews,≤2h,97.5%,400 orders,"US $320,000+",-1,,,-1,-1,1,-1,11,Yes,1,"Eastern Asia(20%), South America(19%), Africa(18%)",,"Retailer, Engineer, Wholesaler, Brand business, For private use, Manufacturer","sample processing, graphic processing, customized on demand",-1,2
"Shandong Xingyu Gloves Co., Ltd.",,"Shandong, China ",4.8,31 reviews,≤2h,95.6%,179 orders,"US $440,000+",-1,,,400000,167199585,-1,-1,-1,Yes,37,"Domestic Market(50%), North America(15%), South America(5%)",,"Retailer, Engineer, Wholesaler, Brand business, Manufacturer","sample processing, graphic processing, customized on demand",90,66
"Hebei Pin Ang International Trade Co., Ltd.",,"Hebei, China ",4.6,96 reviews,≤2h,99.2%,557 orders,"US $280,000+",-1,,,1515,-1,2,100000,-1,Yes,3,"South America(30%), Southeast Asia(25%), Africa(15%)",,"Retailer, Wholesaler, Brand business, For private use","light customization, sample processing, graphic processing, customized on demand, light customization, sample processing, graphic processing, customized on demand",-1,3
"Xiantao Dingcheng Nonwoven Products Co., Ltd.",,"Hubei, China ",4.7,13 reviews,≤1h,100.0%,127 orders,"US $110,000+",-1,,,101079,2400000,7,-1,585,Yes,32,"Domestic Market(85%), Western Europe(3%), North America(1%)",,"Retailer, Wholesaler, Brand business, For private use, Manufacturer","sample processing, graphic processing, customized on demand",420,10
"Foshan I-Do Medical Technology Co., Ltd.",,"Guangdong, China ",4.7,15 reviews,≤3h,93.3%,69 orders,"US $80,000+",-1,,,-1,-1,-1,-1,-1,Yes,1,"Domestic Market(20%), South America(15%), North America(11%)",,"Retailer, Engineer, Wholesaler, Brand business, Manufacturer","sample processing, graphic processing, customized on demand, sample processing, graphic processing, customized on demand",30,2
"Wuhan Jinguang Medical Technology Co., Ltd.",,"Hubei, China ",4.6,81 reviews,≤4h,93.5%,- orders,-1,-1,,,25563,-1,12,19292000,600,Yes,8,"Domestic Market(48%), North America(10%), Mid East(10%)",,"Retailer, Wholesaler, For private use, Brand business, Manufacturer",light customization,23,6
"Medease Life Co., Ltd.",,"Jiangsu, China ",4.8,12 reviews,≤3h,100.0%,50 orders,"US $30,000+",-1,,,2600,4200000,1,5000000,14,Yes,3,"North America(30%), Domestic Market(30%), South America(20%)",,"Retailer, Wholesaler, Brand business, For private use, Manufacturer","no, no",-1,0
"Contec Medical Systems Co., Ltd.",,"Hebei, China ",4.9,70 reviews,≤4h,100.0%,245 orders,"US $1,400,000+",-1,,,67450,43080000,20,-1,32,Yes,27,"Domestic Market(30%), North America(18%), Western Europe(15%)",,"Retailer, Engineer, Wholesaler, Brand business, For private use, Manufacturer","sample processing, graphic processing, customized on demand",35,582
"Wuhan Jinguang Medical Technology Co., Ltd. Sales Branch",,"Hubei, China ",4.6,52 reviews,≤3h,91.8%,231 orders,"US $120,000+",-1,,,25563,-1,20,-1,600,Yes,8,"Domestic Market(48%), North America(10%), Mid East(10%)",,"Retailer, Wholesaler, Brand business, For private use, Manufacturer","sample processing, graphic processing, customized on demand",23,6
"Hengshui Xinlei Medical Equipment Technology Co., Ltd.",,"Hebei, China ",4.6,80 reviews,≤2h,100.0%,312 orders,"US $660,000+",-1,,,1316,-1,2,110000,35,Yes,1,"Domestic Market(20%), Africa(15%), Eastern Asia(15%)",,"Retailer, Engineer, Wholesaler, Brand business, For private use, Manufacturer","light customization, sample processing, customized on demand, graphic processing, light customization, customized on demand, sample processing",-1,1
Guangzhou Sunnymed Limited,,"Guangdong, China ",4.8,48 reviews,≤2h,86.8%,- orders,-1,-1,,,10130,-1,8,-1,60,Yes,4,"Southeast Asia(30%), South America(15%), Africa(15%)",,"Retailer, Engineer, Wholesaler, Brand business, For private use, Manufacturer","sample processing, graphic processing, customized on demand, sample processing, graphic processing, customized on demand",55,4
"ZOGEAR Medical Co., Ltd.",,"Jiangsu, China ",4.8,5 reviews,≤6h,96.9%,- orders,-1,-1,,,5500,-1,4,-1,20,Yes,5,-1,,"Retailer, Engineer, Wholesaler, Brand business, For private use, Manufacturer","light customization, sample processing, customized on demand, graphic processing",8,2
"Guangzhou Hua Kai Electronic Technology Co., Ltd.",,"Guangdong, China ",4.8,22 reviews,≤6h,98.9%,155 orders,"US $50,000+",-1,,,2600,-1,2,145000,12,Yes,3,"Domestic Market(31%), North America(19%), South America(11%)",,"Retailer, Wholesaler, For private use, Manufacturer","light customization, sample processing, graphic processing, customized on demand",15,6
"Anhui JM Healthcare Products Co., Ltd.",,"Anhui, China ",4.9,10 reviews,≤1h,100.0%,69 orders,"US $20,000+",-1,,,4818,-1,19,-1,19,Yes,3,"Domestic Market(70%), North America(12%), Oceania(10%)",,"Retailer, Wholesaler, Brand business, Manufacturer","sample processing, graphic processing, customized on demand",75,3
"Anqing Jiaxin Medical Technology Co., Ltd.",,"Anhui, China ",4.9,7 reviews,≤2h,100.0%,56 orders,"US $1,300,000+",-1,,,31000,8058645,4,-1,295,Yes,14,"Domestic Market(45%), Southeast Asia(25%), North America(5%)",,"Retailer, Engineer, Wholesaler","light customization, sample processing, graphic processing, customized on demand",-1,4
"Guangdong All In One Medical Supplies Import And Export Co., Ltd.",,"Guangdong, China ",4.9,11 reviews,≤5h,95.7%,- orders,-1,-1,,,17960,-1,-1,-1,68,Yes,6,"Southeast Asia(50%), South America(20%), Mid East(20%)",,"Retailer, Engineer, Wholesaler, Brand business, For private use, Manufacturer","light customization, sample processing, graphic processing, customized on demand, light customization, sample processing, graphic processing, customized on demand",15,4
"Hochey Medical Co., Ltd.",,"Anhui, China ",4.0,20 reviews,≤3h,95.9%,89 orders,"US $280,000+",-1,,,700,4954259,-1,-1,-1,Yes,1,"Africa(20%), North America(10%), South America(10%)",,"Retailer, Engineer, Wholesaler, Brand business, For private use, Manufacturer","light customization, sample processing, graphic processing, customized on demand, sample processing, graphic processing, customized on demand",-1,0
"Amsino Medical (Shanghai) Co., Ltd.",,"Shanghai, China ",4.9,8 reviews,≤5h,100.0%,19 orders,"US $720,000+",-1,,,11342,-1,5,-1,76,Yes,18,"North America(70%), Western Europe(10%), Domestic Market(10%)",,-1,"graphic processing, customized on demand, sample processing, light customization",31,30
"Jinyulong Medical Technology (hubei) Co., Ltd.",,"Hubei, China ",5.0,4 reviews,≤1h,93.8%,- orders,-1,-1,,,50000,-1,2,-1,314,Yes,3,"South America(40%), North America(20%), Southeast Asia(20%)",,"Retailer, Engineer, Wholesaler, Brand business, For private use, Manufacturer","light customization, sample processing, graphic processing, customized on demand",50,1
"Jiangsu Mcare Medical Co., Ltd.",,"Jiangsu, China ",4.8,28 reviews,≤2h,98.5%,130 orders,"US $90,000+",-1,,,3200,-1,3,-1,40,Yes,2,"North America(50%), South America(30%), Southeast Asia(10%)",,"Retailer, Wholesaler, Brand business","sample processing, graphic processing",36,2
"Jinan Hengsheng New Building Materials Co., Ltd.",,"Shandong, China ",-1,-1,≤3h,90.9%,20 orders,"US $10,000+",-1,,,12994,-1,4,12753000,17,Yes,2,"Domestic Market(50%), South America(22%), Southeast Asia(10%)",,-1,"light customization, sample processing, graphic processing, customized on demand",60,4
Sunny Medical Equipment Limited,,"Guangdong, China ",4.7,49 reviews,≤3h,93.6%,- orders,-1,-1,,,11112,-1,8,-1,23,Yes,6,"South America(30%), Eastern Europe(20%), Southeast Asia(20%)",,"Retailer, Engineer, Wholesaler, Brand business, For private use, Manufacturer","light customization, customized on demand, sample processing, graphic processing, sample processing, graphic processing, customized on demand",60,8
"Shenzhen Finicare Co., Ltd.",,"Guangdong, China ",4.9,57 reviews,≤2h,98.3%,232 orders,"US $640,000+",-1,,,2900,6883370,6,-1,46,Yes,15,"North America(50%), Oceania(12%), Eastern Europe(10%)",,"Retailer, Engineer, Wholesaler, Brand business, For private use, Manufacturer","sample processing, graphic processing, customized on demand",10,11
"ZOGEAR Medical Co., Ltd.",,"Shanghai, China ",4.3,14 reviews,≤7h,98.1%,93 orders,"US $50,000+",-1,,,5500,-1,4,-1,20,Yes,5,"Mid East(25%), North America(20%), South America(20%)",,"Retailer, Engineer, Wholesaler, Brand business, Manufacturer","light customization, sample processing, customized on demand, graphic processing",8,2
"Shijiazhuang Guanqun Biological Technology Co., Ltd.",,"Hebei, China ",4.3,20 reviews,≤1h,100.0%,122 orders,"US $50,000+",-1,,,38200,732891,20,2147483647,-1,Yes,10,"North America(20%), South America(17%), Western Europe(16%)",,"Retailer, Engineer, Wholesaler, Brand business, For private use, Manufacturer","light customization, sample processing, graphic processing, customized on demand, sample processing, graphic processing, customized on demand",30,5
"Foshan Gladent Medical Instrument Co., Ltd.",,"Guangdong, China ",5.0,9 reviews,≤5h,100.0%,- orders,-1,-1,,,4000,9000000,4,10000,50,Yes,3,"Domestic Market(25%), North America(15%), South America(15%)",,"Retailer, Engineer, Wholesaler, Brand business, For private use, Manufacturer","light customization, sample processing, graphic processing, customized on demand, sample processing, light customization, graphic processing, customized on demand",5,4
"Guangzhou Yueshen Medical Equipment Co., Ltd.",,"Guangdong, China ",4.9,19 reviews,≤7h,96.2%,95 orders,"US $370,000+",-1,,,3000,12865405,-1,-1,-1,Yes,11,"Africa(50%), Southeast Asia(10%), Mid East(10%)",,"Retailer, Engineer, Wholesaler, Brand business, For private use, Manufacturer","light customization, sample processing, graphic processing, customized on demand, sample processing, graphic processing, customized on demand",50,4
"Lianyungang Baishun Medical Treatment Articles Co., Ltd.",,"Jiangsu, China ",-1,-1,≤4h,50.0%,8 orders,"US $6,000+",-1,,,20000,-1,-1,-1,35,Yes,4,"Domestic Market(50%), Africa(20%), Mid East(10%)",,"Retailer, Wholesaler, Brand business, For private use, Manufacturer","light customization, sample processing, customized on demand",2,1
"Foshan Vimel Dental Equipment Co., Ltd.",,"Guangdong, China ",4.7,167 reviews,≤3h,99.1%,- orders,-1,-1,,,1000,3200000,3,189800,15,Yes,4,"Domestic Market(62%), North America(5%), Central America(5%)",,"Retailer, Engineer, Wholesaler, Brand business, For private use, Manufacturer","light customization, customized on demand, sample processing, graphic processing, sample processing, customized on demand, graphic processing",150,3
"Shanghai Senwo Industry Co., Ltd.",,"Shanghai, China ",5.0,11 reviews,≤3h,90.3%,151 orders,"US $120,000+",-1,,,3635,1991503,10,800000,93,Yes,5,"North America(25%), Western Europe(17%), Eastern Asia(10%)",,"Retailer, Engineer, Wholesaler, Brand business, For private use, Manufacturer","light customization, sample processing, graphic processing, customized on demand",60,4
"Contec Medical Systems Co., Ltd.",,"Hebei, China ",4.7,45 reviews,≤3h,98.7%,185 orders,"US $1,900,000+",-1,,,67450,109926938,20,-1,32,Yes,27,"Domestic Market(30%), North America(18%), Western Europe(15%)",,"Retailer, Engineer, Wholesaler, Brand business, For private use, Manufacturer","sample processing, graphic processing, customized on demand",35,335
"Hebei Jiede Medical Equipment Co., Ltd.",,"Hebei, China ",4.8,6 reviews,≤2h,100.0%,26 orders,"US $80,000+",-1,,,20000,2301621,2,200000,9,Yes,3,"Domestic Market(35%), South America(16%), Eastern Europe(15%)",,"Wholesaler, For private use, Manufacturer","light customization, sample processing, customized on demand",-1,2
"Foshan Vimel Dental Equipment Co., Ltd.",,"Guangdong, China ",4.7,103 reviews,≤2h,99.6%,595 orders,"US $400,000+",-1,,,1000,3200000,3,190000,15,Yes,4,"Domestic Market(62%), North America(5%), Central America(5%)",,"Retailer, Engineer, Wholesaler, Brand business, For private use, Manufacturer","sample processing, graphic processing, customized on demand, sample processing, graphic processing, customized on demand",150,3
Icen Technology Company Limited,,"Guangdong, China ",4.7,13 reviews,≤5h,100.0%,- orders,-1,-1,,,2203,1100000,1,-1,6,Yes,3,"Africa(30%), Southeast Asia(25%), South America(10%)",,"Retailer, Engineer, Wholesaler, Brand business, For private use, Manufacturer","sample processing, graphic processing, customized on demand, sample processing, graphic processing, customized on demand",162,4
"Hangzhou Kangsheng Medical Equipment Co., Ltd.",,"Zhejiang, China ",4.9,6 reviews,≤8h,100.0%,- orders,-1,-1,,,3163,-1,4,4860000,19,Yes,4,"Domestic Market(60%), South America(10%), Mid East(10%)",,-1,"sample processing, graphic processing",15,10
"Shanghai Hua En Industrial Co., Ltd.",,"Shanghai, China ",4.6,12 reviews,≤6h,94.1%,43 orders,"US $200,000+",-1,,,660,-1,1,-1,-1,Yes,3,"Western Europe(38%), North America(35%), Mid East(15%)",,-1,"sample processing, graphic processing",50,1
"Zhejiang Huafu Medical Equipment Co., Ltd.",,"Zhejiang, China ",3.7,6 reviews,≤6h,92.3%,52 orders,"US $390,000+",-1,,,12826,-1,-1,66000000,58,Yes,5,"Domestic Market(30%), Eastern Europe(10%), Mid East(10%)",,"Retailer, Engineer, Wholesaler, Brand business, For private use, Manufacturer","light customization, sample processing, graphic processing, customized on demand",15,1
"Lannx Biotech (shenzhen) Co., Ltd.",,"Guangdong, China ",4.7,64 reviews,≤2h,97.5%,222 orders,"US $270,000+",-1,,,1580,2080000,-1,-1,76,Yes,1,"North America(22%), South America(20%), Africa(16%)",,"Retailer, Engineer, Wholesaler, Brand business, For private use, Manufacturer","no, light customization, sample processing, graphic processing, customized on demand",10,6
"Jiangsu Yizheng Carepro Medical Instruments Co., Ltd.",,"Jiangsu, China ",4.6,3 reviews,≤7h,100.0%,54 orders,"US $420,000+",-1,,,11226,4450000,5,-1,17,Yes,3,"North America(30%), Oceania(10%), Eastern Asia(10%)",,"Retailer, Engineer, Wholesaler, Brand business, For private use, Manufacturer","sample processing, graphic processing, customized on demand, sample processing, graphic processing, customized on demand",-1,3
"Ningbo Chinmed Technology Co., Ltd.",,"Zhejiang, China ",-1,-1,≤11h,100.0%,- orders,-1,-1,,,9365,-1,2,-1,20,Yes,6,"North America(30%), Eastern Europe(15%), South America(10%)",,"Retailer, Engineer, Wholesaler, Brand business, For private use, Manufacturer","sample processing, graphic processing, customized on demand",20,3
"Wuhan Pakcare Bio-Technology Co., Ltd.",,"Hubei, China ",5.0,2 reviews,≤3h,84.0%,38 orders,"US $1,000,000+",-1,,,11000,-1,16,-1,157,Yes,12,"North America(49%), Eastern Europe(15%), Western Europe(15%)",,"Retailer, Wholesaler","light customization, sample processing, graphic processing, customized on demand",200,12
Beijing Jinwei Kangda Medical Instrument Ltd.,,"Beijing, China ",4.8,36 reviews,≤3h,98.9%,193 orders,"US $180,000+",-1,,,18755,-1,5,-1,73,Yes,8,"North America(50%), Domestic Market(10%), Mid East(6%)",,"Retailer, Wholesaler, Brand business","sample processing, graphic processing, customized on demand, sample processing, graphic processing, customized on demand",160,4
"Shanghai Koolcare Technology Co., Ltd.",,"Shanghai, China ",-1,-1,≤4h,100.0%,- orders,-1,-1,,,7159,6273854,-1,-1,37,Yes,1,"North America(55%), Western Europe(40%), Southern Europe(2%)",,"Retailer, Wholesaler, Brand business, Manufacturer","light customization, customized on demand, sample processing, graphic processing, light customization, sample processing, graphic processing, customized on demand",5,5
"Anping Guardian Medical Equipment Co., Ltd.",,"Hebei, China ",4.9,31 reviews,≤2h,79.4%,- orders,-1,-1,,,13004,12880000,2,-1,34,Yes,11,"Western Europe(50%), Eastern Europe(20%), Northern Europe(10%)",,"Retailer, Engineer, Wholesaler, Brand business, For private use, Manufacturer","sample processing, graphic processing, customized on demand, sample processing, graphic processing, customized on demand",280,14
"Shanghai Huifeng Medical Instrument Co., Ltd.",,"Shanghai, China ",4.9,37 reviews,≤5h,88.5%,55 orders,"US $200,000+",-1,,,7198,-1,-1,-1,-1,Yes,2,-1,,"Retailer, Wholesaler, Brand business, Manufacturer","light customization, customized on demand, sample processing, graphic processing",5,3
"Shenzhen Fitconn Technology Co., Ltd.",,"Guangdong, China ",4.6,51 reviews,≤3h,92.8%,272 orders,"US $1,700,000+",-1,,,6966,8200000,5,-1,20,Yes,6,"Southeast Asia(20%), Mid East(15%), South America(10%)",,"Retailer, Engineer, Wholesaler, Brand business, For private use, Manufacturer","sample processing, graphic processing, customized on demand",-1,-1
"Farmasino Co., Ltd.",,"Jiangsu, China ",5.0,3 reviews,≤12h,100.0%,- orders,-1,-1,,,15133,110307116,-1,-1,-1,Yes,12,"Africa(20%), Mid East(20%), Oceania(15%)",,"Retailer, Engineer, Wholesaler, Brand business, Manufacturer","customized on demand, light customization, sample processing, graphic processing, customized on demand, light customization",6,44
"Hubei Wanli Protective Products Co., Ltd.",,"Hubei, China ",5.0,5 reviews,≤5h,100.0%,33 orders,"US $20,000+",-1,,,76708,41752835,10,-1,328,Yes,10,"Domestic Market(30%), Western Europe(15%), Northern Europe(10%)",,"Retailer, Engineer, Wholesaler, Brand business, For private use, Manufacturer","light customization, customized on demand, sample processing, graphic processing",50,4
"Tianjin Health Sci-Tech Co., Ltd.",,"Tianjin, China ",4.8,9 reviews,≤2h,100.0%,40 orders,"US $30,000+",-1,,,1036,-1,4,-1,8,Yes,2,"North America(20%), South America(18%), Domestic Market(15%)",,"Retailer, Engineer, Wholesaler, Brand business, For private use, Manufacturer","light customization, sample processing, graphic processing, customized on demand",10,3
"LUOYANG DAZI PLASTIC INDUSTRY CO., LTD.",,"Henan, China ",5.0,1 reviews,≤2h,100.0%,20 orders,"US $3,000+",-1,,,53436,-1,12,-1,280,Yes,10,"Domestic Market(95%), South America(2%), Southeast Asia(2%)",,"Retailer, Engineer, Wholesaler, Brand business, For private use, Manufacturer","sample processing, graphic processing, customized on demand, no",20,6
"Zhuji Daxin Chemical Fiber Co., Ltd.",,"Zhejiang, China ",5.0,2 reviews,≤1h,100.0%,- orders,-1,-1,,,28000,-1,-1,-1,-1,Yes,4,-1,,"Retailer, Engineer, Wholesaler, Brand business, For private use, Manufacturer","sample processing, graphic processing, customized on demand",-1,1
Guangzhou Hengxin Thread Factory,,"Guangdong, China ",4.9,30 reviews,≤2h,100.0%,60 orders,"US $70,000+",-1,,,20600,-1,1,7900,165,Yes,10,"Domestic Market(76%), South America(9%), Eastern Europe(6%)",,-1,"light customization, sample processing, graphic processing, customized on demand",50,5
"Zhejiang Jiahe Textile Co., Ltd.",,"Zhejiang, China ",4.3,2 reviews,≤5h,100.0%,10 orders,"US $20,000+",-1,,,5500,700000,2,1450000,69,Yes,2,"Domestic Market(44%), North America(14%), South America(14%)",,"Retailer, Engineer, Wholesaler, Brand business, Manufacturer",no,30,0
"Ningbo MH Industry Co., Ltd.",,"Zhejaing, China ",5.0,3 reviews,≤2h,100.0%,21 orders,"US $440,000+",-1,,,26926,352600000,19,-1,-1,Yes,5,"Africa(31%), South America(17%), Mid East(15%)",,"Retailer, Wholesaler, Brand business, For private use, Manufacturer","sample processing, graphic processing, customized on demand, sample processing, graphic processing, customized on demand",-1,20
"Weifang Jielong Textile Co., Ltd.",,"Shandong, China ",4.7,16 reviews,≤3h,100.0%,71 orders,"US $1,100,000+",-1,,,12748,6148796,2,-1,13,Yes,5,"South America(20%), Africa(20%), South Asia(20%)",,"Retailer, Engineer, Wholesaler, Brand business, For private use, Manufacturer","light customization, sample processing, graphic processing, customized on demand, no",20,10
"Guangdong Mengli Textile Technology Co., Ltd.",,"Guangdong, China ",4.9,14 reviews,≤1h,100.0%,- orders,-1,-1,,,4700,-1,10,-1,50,Yes,4,"Southeast Asia(20%), Africa(20%), North America(15%)",,"Retailer, Engineer, Wholesaler, Brand business, For private use, Manufacturer","sample processing, customized on demand, graphic processing",800,3
"Jiangsu Ptk New Material Technology Co., Ltd.",,"Jiangsu, China ",4.8,3 reviews,≤1h,92.3%,- orders,-1,-1,,,2370,-1,2,51,15,Yes,1,"Domestic Market(90%), Eastern Asia(10%)",,"Engineer, Wholesaler, Brand business, Manufacturer","light customization, sample processing, graphic processing",40,1
"Hebei Xingye Import & Export Co., Ltd.",,"Hebei, China ",4.9,10 reviews,≤2h,97.3%,72 orders,"US $1,400,000+",-1,,,30464,-1,3,20000000,280,Yes,2,"South America(30%), Africa(30%), Southeast Asia(10%)",,"Retailer, Engineer, Wholesaler, Brand business, For private use, Manufacturer","light customization, sample processing, graphic processing, customized on demand, light customization, sample processing, customized on demand, graphic processing",-1,3
"Changyi Baiyi Textile Co., Ltd.",,"Shandong, China ",5.0,5 reviews,≤2h,100.0%,- orders,-1,-1,,,2310,9365433,-1,2950000,32,Yes,3,"Eastern Europe(25%), South Asia(18%), Africa(15%)",,"For private use, Manufacturer","sample processing, graphic processing, customized on demand",25,5
"Jiangsu Boyue Chemical Fiber Co., Ltd.",,"Jiangsu, China ",5.0,1 reviews,≤2h,100.0%,- orders,-1,-1,,,11384,-1,7,22010,144,Yes,5,"Domestic Market(80%), Mid East(15%), Southeast Asia(5%)",,-1,"light customization, sample processing, graphic processing, customized on demand",-1,1
"Zhejiang Raylon Textile Technology Co.,Ltd.",,"Zhejiang, China ",-1,-1,≤3h,100.0%,- orders,-1,-1,,,27880,-1,-1,-1,-1,Yes,7,"Domestic Market(30%), North America(10%), South America(10%)",,"Retailer, Engineer, Wholesaler, Brand business, Manufacturer","sample processing, graphic processing, customized on demand",-1,10
"Guangzhou Lvju Waterproof Canvas Co., Ltd.",,"Guangdong, China ",4.7,49 reviews,≤3h,96.9%,241 orders,"US $330,000+",-1,,,8350,581505,10,-1,16,Yes,2,"Southeast Asia(20%), Africa(15%), North America(10%)",,"Retailer, Engineer, Wholesaler, Brand business, For private use, Manufacturer","sample processing, graphic processing, customized on demand, sample processing, graphic processing, customized on demand",150,4
"Zhangjiagang City Shazhou Textile Printing And Dyeing Imp. & Exp. Co., Ltd.",,"Jiangsu, China ",-1,-1,≤21h,100.0%,1 orders,"US $3,000+",-1,,,72869,-1,10,-1,-1,Yes,8,"Africa(50%), Mid East(30%), Northern Europe(10%)",,"Retailer, Wholesaler, Brand business, Manufacturer","sample processing, graphic processing, customized on demand, sample processing, graphic processing, customized on demand",3500,15
"Fujian Yorgreat Textile Co., Ltd.",,"Fujian, China ",-1,-1,≤3h,100.0%,6 orders,US $100+,-1,,,2000,10238555,1,-1,36,Yes,1,"North America(40%), South Asia(39%), Western Europe(20%)",,"Retailer, Engineer, Wholesaler, Brand business, For private use, Manufacturer","sample processing, graphic processing, customized on demand, sample processing, graphic processing, customized on demand",15,1
"Shaoxing Suerte Textile Co., Ltd.",,"Zhejiang, China ",5.0,2 reviews,≤3h,97.6%,94 orders,"US $50,000+",-1,,,2572,-1,-1,-1,18,Yes,2,"Mid East(35%), Southeast Asia(34%), North America(20%)",,"Retailer, Wholesaler, Brand business, For private use, Manufacturer","no, no",0,0
"Zhejiang Tangber Trade Co., Ltd.",,"Zhejiang, China ",5.0,3 reviews,≤4h,100.0%,24 orders,"US $260,000+",-1,,,2598,10080000,1,-1,99,Yes,5,"Southeast Asia(20%), North America(15%), Mid East(13%)",,"Retailer, Wholesaler, Brand business, For private use, Manufacturer",no,250,0
"Foshan City Nanhai Zhongyu Textile Co., Ltd.",,"Guangdong, China ",-1,-1,≤1h,100.0%,- orders,-1,-1,,,70832,4215544,35,23100000,249,Yes,22,"Domestic Market(62%), Southeast Asia(20%), Northern Europe(7%)",,"Retailer, Engineer, Wholesaler, Brand business, For private use, Manufacturer","sample processing, graphic processing, customized on demand, sample processing, graphic processing, customized on demand",300,17
"Shantou Liangsheng Textile Co., Limited",,"Guangong, China ",4.9,37 reviews,≤3h,100.0%,76 orders,"US $20,000+",-1,,,3953,1400000,4,6970000,20,Yes,8,"Domestic Market(63%), Eastern Europe(12%), South America(6%)",,"Retailer, Wholesaler, Manufacturer","light customization, customized on demand, sample processing, graphic processing, no",560,4
"Hebei Niuyuan Technology Co.,Ltd",,"Hebei, China ",4.8,2 reviews,≤3h,100.0%,- orders,-1,-1,,,20230,4200000,8,-1,287,Yes,5,"Africa(20%), South America(10%), Southeast Asia(10%)",,"Retailer, Engineer, Wholesaler, Brand business, For private use, Manufacturer","sample processing, graphic processing, customized on demand, sample processing, graphic processing, customized on demand",55,9
"Zhejiang Sparkle Textile Co., Ltd.",,"Zhejiang, China ",4.7,46 reviews,≤8h,97.3%,161 orders,"US $310,000+",-1,,,2252,4065140,30,-1,30,Yes,3,"Mid East(46%), Africa(12%), South Asia(7%)",,"Retailer, Wholesaler, Brand business, Manufacturer","sample processing, graphic processing, customized on demand",50,2
"Ruzhou Yunfan Textile Import Export Trade Co., Ltd.",,"Henan, China ",4.6,37 reviews,≤2h,100.0%,196 orders,"US $270,000+",-1,,,1540,-1,1,-1,9,Yes,2,"North America(58%), South America(5%), Eastern Europe(5%)",,"Retailer, Engineer, Wholesaler, Brand business, For private use, Manufacturer","sample processing, graphic processing, customized on demand, no",30,1
"Zhejiang Zhongcai Industrial Co., Ltd.",,"Zhejiang, China ",-1,-1,≤9h,100.0%,3 orders,"US $2,000+",-1,,,21800,-1,22,2022000,35,Yes,3,"Southeast Asia(48%), South America(18%), Mid East(14%)",,"Retailer, Engineer, Wholesaler, Brand business, For private use, Manufacturer","light customization, sample processing, graphic processing, customized on demand",420,4
"Dongguan Dingtian New Material Technology Co., Ltd.",,"Guangdong, China ",4.9,24 reviews,≤2h,100.0%,- orders,-1,-1,,,1200,-1,2,-1,36,Yes,4,"North America(25%), South America(20%), Southeast Asia(20%)",,"Retailer, Engineer, Wholesaler, Brand business, For private use, Manufacturer","sample processing, graphic processing, customized on demand",300,2
"Jiaxing Fengshang Textile Co., Ltd.",,"Zhejiang, China ",4.6,8 reviews,≤2h,96.8%,48 orders,"US $140,000+",-1,,,1510,0,33,75000000,33,Yes,4,"Domestic Market(60%), Mid East(25%), Southeast Asia(5%)",,"Retailer, other|E-commerce Customers, Engineer, Wholesaler, Brand business, For private use, Manufacturer","sample processing, graphic processing, customized on demand, sample processing, graphic processing, customized on demand",1200,4
"Dongguan Anruda Textile Co., Ltd.",,"Guangdong, China ",4.7,7 reviews,≤2h,100.0%,- orders,-1,-1,,,5455,-1,5,-1,25,Yes,2,"North America(35%), Eastern Europe(17%), Western Europe(17%)",,"Retailer, Engineer, Wholesaler, Brand business, For private use, Manufacturer","sample processing, graphic processing, customized on demand",500,3
"Shijiazhuang Sanjin Special Fabric Co., Ltd.",,"Hebei, China ",5.0,1 reviews,≤9h,100.0%,- orders,-1,-1,,,8220,-1,-1,-1,-1,Yes,3,"Domestic Market(54%), South Asia(18%), North America(15%)",,-1,-1,3,3
"Shaanxi Yalan Textile Co., Ltd.",,"Shaanxi, China ",4.8,26 reviews,≤4h,95.4%,138 orders,"US $220,000+",-1,,,4548,-1,4,10000000,54,Yes,19,"Domestic Market(40%), Eastern Europe(12%), Mid East(11%)",,"Retailer, Engineer, Wholesaler, Brand business, For private use, Manufacturer","light customization, sample processing, graphic processing, customized on demand, light customization, sample processing, graphic processing, customized on demand",600,21
"Hebei Ourui Textile Technology Co., Ltd.",,"Hebei, China ",4.8,18 reviews,≤2h,90.0%,104 orders,"US $150,000+",-1,,,13300,-1,50,-1,54,Yes,3,"South America(50%), Africa(42%), Southeast Asia(8%)",,"Retailer, Engineer, Wholesaler, Brand business, For private use, Manufacturer","graphic processing, sample processing, customized on demand, sample processing, graphic processing, customized on demand",-1,2
Shandong Evergreen Industries Ltd.,,"Shandong, China ",4.9,9 reviews,≤3h,100.0%,48 orders,"US $30,000+",-1,,,3500,1500000,1,-1,10,Yes,1,"Domestic Market(60%), North America(20%), South America(10%)",,"Wholesaler, Brand business, For private use","sample processing, graphic processing, customized on demand",60,1
"Liaoning Shunwei Carbon Fiber Technology Co., Ltd.",,"Liaoning, China ",-1,-1,≤3h,100.0%,- orders,-1,-1,,,53628,-1,17,-1,21,Yes,5,Domestic Market(100%),,"Retailer, Engineer, Wholesaler, Brand business, For private use, Manufacturer","sample processing, graphic processing, customized on demand",8,5
"Changxing Jian Da Silk Textile Co., Ltd.",,"Zhejiang, China ",-1,-1,≤4h,100.0%,2 orders,US $50+,-1,,,3838,-1,-1,50000000,204,Yes,1,"Southeast Asia(60%), Domestic Market(20%), North America(10%)",,"Retailer, Engineer, Wholesaler, Brand business, For private use, Manufacturer","light customization, sample processing, graphic processing, customized on demand",2,1
"Yingde Hongli Leather Co., Ltd.",,"Guangdong, China ",4.7,10 reviews,≤4h,100.0%,- orders,-1,-1,,,48436,-1,6,-1,33,Yes,20,"Domestic Market(60%), South America(20%), Mid East(20%)",,"Retailer, Engineer, Brand business, For private use","sample processing, graphic processing, customized on demand",100,20
"Cixi Hong Yuan Feather Products Co., Ltd.",,"Zhejiang, China ",4.9,54 reviews,≤6h,97.4%,86 orders,"US $1,400,000+",-1,,,21014,4100000,2,600,30,Yes,4,"North America(24%), Western Europe(16%), Southeast Asia(15%)",,"Retailer, Engineer, Wholesaler, Brand business, For private use, Manufacturer","sample processing, graphic processing, customized on demand",12,2
"Foshan Huicai Non-Woven Technology Co., Ltd.",,"Guangdong, China ",4.9,20 reviews,≤2h,100.0%,84 orders,"US $170,000+",-1,,,5000,-1,5,2000,40,Yes,1,"Domestic Market(70%), South America(15%), Africa(10%)",,"Retailer, Engineer, Wholesaler, Brand business, For private use, Manufacturer","light customization, graphic processing, sample processing, customized on demand",10,1
Wujiang Tanqiu Yuanfeng Weaving Factory,,"Jiangsu, China ",4.5,12 reviews,≤2h,100.0%,64 orders,"US $200,000+",-1,,,12000,-1,-1,-1,159,Yes,7,"Southeast Asia(55%), Mid East(10%), Domestic Market(10%)",,"Retailer, Wholesaler, Brand business, Manufacturer","light customization, graphic processing, customized on demand, sample processing",10,2
"Dongguan Sovetl Special Rope & Webbing Co., Ltd.",,"Guangdong, China ",4.9,10 reviews,≤3h,94.5%,116 orders,"US $40,000+",-1,,,2700,1340812,6,-1,79,Yes,2,"North America(40%), Eastern Europe(20%), Southeast Asia(10%)",,"Retailer, Engineer, Wholesaler, Brand business, For private use, Manufacturer","sample processing, graphic processing, customized on demand",1000,2
"Huizhou Jinhaocheng Nonwovens Co., Ltd.",,"Guangdong, China ",5.0,2 reviews,≤8h,91.3%,57 orders,"US $660,000+",-1,,,15308,-1,6,-1,60,Yes,4,"Domestic Market(60%), North America(16%), Western Europe(12%)",,"Retailer, Engineer, Wholesaler, Brand business, For private use, Manufacturer","sample processing, graphic processing, customized on demand, sample processing, graphic processing, customized on demand",60,3
"Canmax Technologies Co.,Ltd.",,"Jiangsu, China ",5.0,8 reviews,≤5h,100.0%,22 orders,"US $180,000+",-1,,,54420,10628114,1,-1,191,Yes,32,"Domestic Market(82%), North America(5%), South Asia(5%)",,"Retailer, Engineer, Wholesaler, Brand business, For private use, Manufacturer","no, sample processing, graphic processing, customized on demand",11,13
"Fujian Sijia Industrial Material Co., Ltd.",,"Fujian, China ",5.0,1 reviews,≤6h,100.0%,- orders,-1,-1,,,56073,28000000,25,139650000,323,Yes,18,"Domestic Market(60%), North America(15%), Eastern Europe(11%)",,"Retailer, Engineer, Wholesaler, Brand business, Manufacturer","light customization, sample processing, graphic processing, customized on demand",90,35
"Hebei Wohua Textile Co., Ltd.",,"Hebei, China ",5.0,11 reviews,≤3h,100.0%,41 orders,"US $1,100,000+",-1,,,2105,-1,2,-1,96,Yes,3,"Eastern Europe(20%), Africa(20%), Domestic Market(16%)",,"Retailer, Engineer, Wholesaler, Brand business","light customization, sample processing, graphic processing, customized on demand, light customization, customized on demand, sample processing, graphic processing",0,1
"Changzhou Boqi Textile Co., Ltd.",,"Jiangsu, China ",4.9,13 reviews,≤6h,97.1%,- orders,-1,-1,,,15000,6722441,4,36000000,17,Yes,10,"Domestic Market(30%), Southeast Asia(20%), North America(10%)",,"Retailer, Engineer, Wholesaler, Brand business, For private use, Manufacturer","light customization, customized on demand, sample processing, graphic processing, light customization, customized on demand, sample processing, graphic processing",200,11
"Haorui Industry Co., Ltd.",,"Jiangxi, China ",5.0,8 reviews,≤7h,100.0%,29 orders,"US $10,000+",-1,,,8908,1704000,3,-1,-1,Yes,1,"Domestic Market(50%), Southeast Asia(20%), Eastern Asia(20%)",,"Retailer, Engineer, Wholesaler, Brand business, Manufacturer","sample processing, graphic processing, customized on demand",10,2
"Shaoxing Dingqiao Textile Co., Ltd.",,"Zhejiang, China ",5.0,6 reviews,≤4h,100.0%,14 orders,"US $1,600,000+",-1,,,2110,17743626,-1,18000,-1,Yes,13,"South America(35%), Africa(25%), Domestic Market(15%)",,"Retailer, Wholesaler, Brand business, Manufacturer",no,-1,0
"Changzhou Baixing Trading Co., Ltd.",,"Jiangsu, China ",4.9,12 reviews,≤2h,100.0%,38 orders,"US $10,000+",-1,,,30300,-1,-1,-1,-1,Yes,5,"Southeast Asia(30%), Mid East(20%), North America(10%)",,-1,"graphic processing, customized on demand, sample processing, graphic processing, sample processing, customized on demand",-1,-1
"Changxing Hongli Import And Export Co., Ltd.",,"Zhejiang, China ",-1,-1,≤10h,100.0%,- orders,-1,-1,,,33120,-1,7,-1,562,Yes,4,-1,,"Retailer, Wholesaler, Brand business, Manufacturer","no, sample processing, graphic processing, customized on demand",15,1
"Suzhou Hongzhikun Textile Technology Co., Ltd.",,"Jiangsu, China ",-1,-1,≤12h,100.0%,6 orders,US $900+,-1,,,3000,-1,3,120,9,Yes,1,"Domestic Market(60%), North America(10%), Eastern Asia(10%)",,"Retailer, Wholesaler, Brand business, Manufacturer","light customization, sample processing, graphic processing, customized on demand, light customization, sample processing, graphic processing, customized on demand",52,0
"Shaoxing Keqiao Changfa Textile Co., Ltd.",,"Zhejiang, China ",5.0,1 reviews,≤3h,100.0%,45 orders,"US $40,000+",-1,,,1783,-1,3,330500000,17,Yes,1,"North America(20%), Domestic Market(20%), South America(15%)",,"Retailer, Wholesaler, Brand business, For private use, Manufacturer","light customization, sample processing, graphic processing, customized on demand",100,8
"Changzhou Kingcason Printing & Dyeing Co., Ltd.",,"Jiangsu, China ",4.9,12 reviews,≤2h,95.2%,- orders,-1,-1,,,37000,10894466,12,-1,31,Yes,10,"Domestic Market(40%), North America(15%), Eastern Europe(15%)",,"Retailer, Engineer, Wholesaler, Brand business, For private use, Manufacturer","sample processing, graphic processing, customized on demand, no",50,10
"Haining Qianmo Textile Co., Ltd.",,"Zhejiang, China ",5.0,1 reviews,≤5h,88.9%,26 orders,"US $2,000+",-1,,,8900,2891230,-1,-1,-1,Yes,2,"Mid East(40%), Domestic Market(30%), Africa(10%)",,"Retailer, Wholesaler, Brand business, For private use, Manufacturer","sample processing, customized on demand, graphic processing, sample processing, graphic processing, customized on demand",-1,-1
"Cixi Hong Yuan Feather Products Co., Ltd.",,"Zhejiang, China ",4.9,45 reviews,≤7h,97.6%,78 orders,"US $200,000+",-1,,,21014,4093215,2,-1,30,Yes,4,"North America(30%), South America(17%), Oceania(8%)",,"Retailer, Engineer, Wholesaler, Brand business, For private use, Manufacturer","sample processing, graphic processing, customized on demand",10,2
"Tongxiang Bojay Trade Co., Ltd.",,"Zhejiang, China ",4.5,18 reviews,≤8h,100.0%,78 orders,"US $180,000+",-1,,,4490,-1,6,-1,6,Yes,1,"North America(30%), Western Europe(15%), South America(10%)",,"Retailer, Engineer, Wholesaler, Brand business, For private use, Manufacturer","sample processing, graphic processing, customized on demand, sample processing, graphic processing, customized on demand",300,3
"Feicheng Hengfeng Plastic Co., Ltd.",,"Shandong, China ",5.0,1 reviews,≤7h,100.0%,2 orders,"US $10,000+",-1,,,11751,-1,7,12100000,86,Yes,4,"Domestic Market(44%), Eastern Asia(22%), Mid East(15%)",,"Retailer, Engineer, Wholesaler, Brand business, For private use, Manufacturer","light customization, sample processing, graphic processing, customized on demand",9,3
"Quanzhou Xinxian Textile Technology Co.,Ltd",,"Fujian, China ",5.0,17 reviews,≤2h,96.9%,215 orders,"US $160,000+",-1,,,2500,-1,3,-1,60,Yes,3,"North America(35%), Southeast Asia(20%), Western Europe(20%)",,"Retailer, Engineer, Wholesaler, Brand business, For private use, Manufacturer","sample processing, graphic processing, customized on demand, sample processing, graphic processing, customized on demand",500,4
"Hangzhou Chengxi Network Technology Co., Ltd.",,"Zhejiang, China ",4.9,19 reviews,≤2h,98.6%,- orders,-1,-1,,,6051,-1,2,-1,35,Yes,7,"North America(20%), Africa(10%), Eastern Asia(10%)",,"Retailer, Engineer, Wholesaler, Brand business, For private use, Manufacturer","sample processing, graphic processing, sample processing, graphic processing, customized on demand",30,4
"Shishi Yiming Dyeing And Weaving Co., Ltd.",,"Fujian, China ",4.8,6 reviews,≤7h,100.0%,33 orders,"US $530,000+",-1,,,183172,1498570,20,-1,700,Yes,53,"Domestic Market(80%), South America(8%), South Asia(5%)",,"Retailer, Engineer, Wholesaler, Brand business, Manufacturer","sample processing, customized on demand, sample processing",27,8
Tongxiang Tenghui Textile Ltd.,,"Zhejiang, China ",5.0,11 reviews,≤4h,100.0%,12 orders,"US $30,000+",-1,,,16749,1708456,2,-1,16,Yes,2,"Western Europe(20%), North America(15%), South America(15%)",,"Retailer, Engineer, Wholesaler, Brand business, For private use, Manufacturer","sample processing, graphic processing, customized on demand",300,1
"Jiangsu Tongxiang Import And Export Co., Ltd.",,"Jiangsu, China ",-1,-1,≤2h,100.0%,- orders,-1,-1,,,10531,-1,7,-1,48,Yes,6,"Domestic Market(40%), Southeast Asia(30%), South America(20%)",,"Retailer, Wholesaler, Brand business, For private use, Manufacturer","customized on demand, light customization, sample processing, graphic processing, customized on demand",-1,5
"Suzhou Ronson Textile Science And Technology Development Co., Ltd.",,"Jiangsu, China ",4.9,96 reviews,≤2h,99.5%,472 orders,"US $440,000+",-1,,,6000,4009883,-1,-1,-1,Yes,5,"Domestic Market(40%), North America(20%), Eastern Europe(15%)",,"Retailer, Wholesaler, Brand business","light customization, sample processing, graphic processing, customized on demand, no",3,1
"Shaoxing Keqiao Esse Textile Co., Ltd.",,"Zhejiang, China ",5.0,1 reviews,≤8h,100.0%,7 orders,"US $730,000+",-1,,,20000,94946256,2,-1,25,Yes,12,"South America(44%), Southeast Asia(11%), Eastern Europe(7%)",,"Retailer, Wholesaler, Brand business, For private use, Manufacturer","light customization, sample processing, graphic processing, customized on demand",-1,10
"Jiangsu Johnin Textile Co., Ltd.",,"Jiangsu, China ",5.0,3 reviews,≤6h,100.0%,15 orders,"US $10,000+",-1,,,45382,-1,3,120000000,3800,Yes,20,"South America(30%), Africa(20%), Eastern Europe(20%)",,-1,"light customization, sample processing, graphic processing",335,1
Shenzhen Minet Crafts And Gifts Limited,,"Guangdong, China ",4.9,183 reviews,≤3h,97.7%,957 orders,"US $750,000+",-1,,,1000,-1,-1,-1,-1,Yes,-1,"North America(26%), Western Europe(20%), Oceania(10%)",,"Retailer, Engineer, Wholesaler, Brand business, For private use, Manufacturer","sample processing, graphic processing, customized on demand",500,2
"Tongxiang Run & Fun Textiles Co., Ltd.",,"Zhejiang, China ",5.0,2 reviews,≤8h,60.0%,3 orders,"US $20,000+",-1,,,2600,-1,1,10000000,13,Yes,14,"Eastern Europe(32%), Mid East(30%), Western Europe(20%)",,"Retailer, Wholesaler, Manufacturer","light customization, sample processing, graphic processing, customized on demand, light customization, sample processing, graphic processing, customized on demand",180,0
"Zouping Beautex Co., Ltd.",,"Shandong, China ",4.8,9 reviews,≤5h,100.0%,26 orders,"US $10,000+",-1,,,2000,-1,3,2320000,23,Yes,7,"North America(20%), Domestic Market(20%), Southeast Asia(15%)",,"Retailer, Engineer, Wholesaler, For private use, Manufacturer","light customization, sample processing, graphic processing, customized on demand",60,4
"Shishi Flying Wheel Thread Co., Ltd.",,"Fujian, China ",5.0,12 reviews,≤7h,100.0%,56 orders,"US $50,000+",-1,,,14000,500000,1,1360,244,Yes,5,"Domestic Market(90%), North America(3%), Eastern Europe(2%)",,"Retailer, Wholesaler, Brand business, For private use, Manufacturer","sample processing, graphic processing, customized on demand",20,2
"Wujiang Pengnuo Textile Co., Ltd.",,"Jiangsu, China ",5.0,26 reviews,≤4h,91.4%,62 orders,"US $340,000+",-1,,,4398,12752126,-1,-1,13,Yes,16,"South Asia(38%), North America(16%), Western Europe(16%)",,"Retailer, Wholesaler, For private use, Brand business, Manufacturer","light customization, sample processing, graphic processing, customized on demand",20,2
"Changshu Lifeng Linen&cotton Weaving Co., Ltd.",,"Jiangsu, China ",4.7,19 reviews,≤9h,95.5%,110 orders,"US $260,000+",-1,,,19358,1715000,2,740000,38,Yes,3,"Domestic Market(30%), North America(20%), Oceania(20%)",,"Retailer, Engineer, Manufacturer","light customization, sample processing, graphic processing",50,1
"Shaoxing City Kahn Trade Co., Ltd.",,"Zhejiang, China ",4.8,92 reviews,≤4h,99.3%,- orders,-1,-1,,,1500,7477710,-1,-1,11,Yes,9,"North America(60%), Mid East(10%), Eastern Asia(10%)",,"Retailer, Engineer, Wholesaler, Brand business, For private use, Manufacturer","sample processing, graphic processing, customized on demand, sample processing, graphic processing, customized on demand",530,8
"Yingfeng Textile (Nanjing) Co., Ltd.",,"Jiangsu, China ",3.6,7 reviews,≤10h,95.2%,134 orders,"US $270,000+",-1,,,1100,-1,1,-1,5,Yes,1,"Domestic Market(31%), North America(20%), Southeast Asia(14%)",,"Retailer, Engineer, Wholesaler, Brand business, For private use, Manufacturer","customized on demand, light customization, sample processing, graphic processing, light customization, sample processing, graphic processing, customized on demand",120,1
"Haining Anjie Composite Material Co., Ltd.",,"Zhejiang, China ",4.9,41 reviews,≤5h,96.1%,131 orders,"US $340,000+",-1,,,18529,2245735,92,-1,92,Yes,5,"Southeast Asia(45%), North America(20%), Eastern Europe(10%)",,"Retailer, Engineer, Wholesaler, Brand business, For private use, Manufacturer","sample processing, graphic processing, customized on demand, sample processing, graphic processing, customized on demand",50,4
Guangzhou City Huadu District Yihong Leather Product Factory,,"Guangdong, China ",4.7,8 reviews,≤4h,100.0%,55 orders,"US $10,000+",-1,,,2200,-1,2,1100000,7,Yes,2,"Domestic Market(40%), North America(10%), Southeast Asia(10%)",,-1,"graphic processing, customized on demand, sample processing, no",480,1
"Shanghai Asienen Export And Import Co., Ltd.",,"Shanghai, China ",5.0,1 reviews,≤15h,86.7%,34 orders,"US $60,000+",-1,,,12201,-1,2,-1,4,Yes,2,-1,,"Retailer, Engineer, Wholesaler, Brand business, For private use, Manufacturer","sample processing, graphic processing, customized on demand",7,1
"Yixing Zhongfu Carbon Fiber Products Co., Ltd.",,"Jiangsu, China ",4.9,75 reviews,≤2h,100.0%,201 orders,"US $140,000+",-1,,,2500,526445,5,-1,31,Yes,1,-1,,"Retailer, Engineer, Wholesaler, Brand business, For private use, Manufacturer","light customization, sample processing, graphic processing",-1,1
"Shenzhen City Shenwei Gold Thread Decoration Co., Ltd.",,"Guangdong, China ",4.8,64 reviews,≤3h,97.3%,297 orders,"US $120,000+",-1,,,1600,-1,2,-1,15,Yes,1,"North America(40%), Western Europe(20%), Domestic Market(15%)",,"Retailer, Wholesaler, Brand business, For private use, Manufacturer","light customization, sample processing, graphic processing, customized on demand",500,1
"Zhejiang Lizabella Textile And Garment Co., Ltd.",,"Zhejiang, China ",5.0,1 reviews,≤8h,100.0%,3 orders,"US $220,000+",-1,,,70162,-1,5,16500,220,Yes,15,"Africa(30%), South America(25%), North America(15%)",,"Retailer, Engineer, Wholesaler, Brand business, For private use, Manufacturer","sample processing, graphic processing, customized on demand, no",500,14
"Shaoxing Keqiao Zhehui Import And Export Co., Ltd.",,"Zhejiang, China ",5.0,2 reviews,≤7h,83.3%,- orders,-1,-1,,,464,4582803,2,-1,3,Yes,4,"South America(30%), Mid East(30%), Western Europe(20%)",,"Retailer, Engineer, Wholesaler, Brand business, For private use, Manufacturer","sample processing, graphic processing, customized on demand, sample processing, graphic processing, customized on demand",10001,4
"Zhejiang Zucchi Home Textile Co., Ltd.",,"Zhejiang, China ",4.7,24 reviews,≤3h,100.0%,147 orders,"US $260,000+",-1,,,1200,1504074,6,-1,41,Yes,2,"North America(82%), Domestic Market(5%), Western Europe(2%)",,"Retailer, Engineer, Wholesaler, For private use, Brand business, Manufacturer","light customization, sample processing, graphic processing, customized on demand",-1,1
"Shanghai Unisign Industrial Material Co., Ltd.",,"Shanghai, China ",4.9,25 reviews,≤6h,95.2%,- orders,-1,-1,,,1684,48000000,6,2000000,40,Yes,5,"Mid East(20%), South America(15%), Southeast Asia(15%)",,"Retailer, Engineer, Wholesaler, Brand business, Manufacturer","sample processing, graphic processing, customized on demand, sample processing, graphic processing, customized on demand",140,5
"Shenzhen Wanyang Technology Co., Ltd.",,"Guangdong, China ",4.9,6 reviews,≤8h,100.0%,- orders,-1,-1,,,1200,-1,-1,-1,-1,Yes,1,"Africa(25%), Eastern Europe(20%), Southern Europe(20%)",,"Retailer, Wholesaler, Brand business, Manufacturer","sample processing, graphic processing, customized on demand",2,4
"Wenzhou Meishijie Household Products Co., Ltd.",,"Zhejiang, China ",4.4,22 reviews,≤2h,100.0%,79 orders,"US $30,000+",-1,,,5386,-1,-1,-1,-1,Yes,3,"Eastern Asia(50%), South America(25%), Western Europe(15%)",,"Retailer, Engineer, Wholesaler, Brand business, For private use, Manufacturer","sample processing, graphic processing, customized on demand",-1,2
"Zhejiang Chengda Industrial Group Co., Ltd.",,"Zhejiang, China ",4.8,3 reviews,≤6h,71.4%,18 orders,"US $10,000+",-1,,,9011,-1,15,59000000,350,Yes,5,"Mid East(40%), Eastern Europe(30%), Domestic Market(20%)",,"Retailer, Wholesaler, Brand business, For private use, Manufacturer","light customization, sample processing, graphic processing, customized on demand",45,3
"Huzhou Dhatr New Packing Material Co., Ltd.",,"Zhejiang, China ",-1,-1,≤3h,100.0%,- orders,-1,-1,,,20000,-1,3,17000,82,Yes,9,"North America(50%), Western Europe(50%)",,-1,no,50,-1
"Jiangyin W.T Thermal Insulation Material Co., Ltd",,"Jiangsu, China ",4.0,1 reviews,≤6h,100.0%,15 orders,"US $1,800,000+",-1,,,25000,-1,6,-1,35,Yes,4,"Domestic Market(77%), North America(4%), Mid East(4%)",,"Retailer, Wholesaler, Brand business, For private use, Manufacturer","sample processing, graphic processing, customized on demand",40,4
"Shan County Super Rich New Energy Vehicle Co., Ltd.",,"Shandong, China ",4.8,12 reviews,≤2h,100.0%,- orders,-1,-1,,,8000,-1,2,-1,37,Yes,4,"Southeast Asia(30%), South America(20%), Africa(20%)",,"Retailer, Engineer, Wholesaler, Brand business, For private use, Manufacturer","sample processing, graphic processing, customized on demand",2,5
"Changzhou Valtinsu Technology Co., Ltd.",,"Jiangsu, China ",4.0,131 reviews,≤4h,96.8%,401 orders,"US $560,000+",-1,,,10000,-1,3,-1,21,Yes,2,"Eastern Europe(45%), North America(44%), Western Europe(6%)",,"Retailer, Engineer, Wholesaler, Brand business, For private use, Manufacturer","light customization, sample processing, graphic processing, customized on demand",3,4
"Jiangsu Sinski Vehicle Science & Technology Co., Ltd.",,"Jiangsu, China ",3.8,12 reviews,≤4h,100.0%,- orders,-1,-1,,,45371,-1,3,-1,-1,Yes,15,"Domestic Market(50%), North America(10%), Southeast Asia(10%)",,"Retailer, Wholesaler, Brand business, Manufacturer","light customization, sample processing, graphic processing, customized on demand",30,12
"Shandong Great New Energy Electric Vehicle Co., Ltd",,"Shandong, China ",4.9,10 reviews,≤4h,100.0%,- orders,-1,-1,,,3500,-1,4,-1,4,Yes,2,"Domestic Market(50%), South America(20%), Southeast Asia(11%)",,"Retailer, Engineer, Wholesaler, Brand business","sample processing, graphic processing, customized on demand",5,1
Gongyi City Fangrui Machinery Factory,,"Henan, China ",4.6,17 reviews,≤5h,100.0%,18 orders,"US $20,000+",-1,,,8900,-1,5,345,47,Yes,3,"Domestic Market(30%), Mid East(20%), Southeast Asia(15%)",,"Retailer, Engineer, For private use, Manufacturer","light customization, sample processing, graphic processing, customized on demand",44,4
"Liangshan Changhong Special Purpose Vehicle Manufacturing Co., Ltd.",,"Shandong, China ",-1,-1,≤5h,100.0%,- orders,-1,-1,,,47336,-1,-1,-1,-1,Yes,6,"Africa(40%), Domestic Market(26%), Southeast Asia(10%)",,"Retailer, Engineer, Wholesaler, Brand business, For private use, Manufacturer","light customization, sample processing, graphic processing, customized on demand",50,10
"Chongqing Cybertron Network Technology Co., Ltd.",,"Chongqing, China ",-1,-1,≤3h,100.0%,- orders,-1,-1,,,7148,-1,6,10200000,60,Yes,29,"Mid East(50%), Africa(30%), Eastern Europe(10%)",,"Retailer, Wholesaler, Brand business, For private use, Manufacturer","sample processing, graphic processing, customized on demand",200,30
"Zhejiang Lianmei Industrial Co., Ltd.",,"Zhejiang, China ",4.3,1 reviews,≤11h,100.0%,5 orders,"US $6,000+",-1,,,48054,7328620,6,-1,64,Yes,6,"North America(50%), Eastern Europe(20%), Oceania(20%)",,"Retailer, Wholesaler, Brand business, For private use","sample processing, graphic processing, customized on demand",5,7
"Shandong Chengda Machinery Co., Ltd.",,"Shandong, China ",5.0,5 reviews,≤5h,100.0%,17 orders,"US $690,000+",-1,,,50980,2424632,6,1500,116,Yes,3,"Africa(80%), Southeast Asia(15%), South America(5%)",,"Retailer, Engineer, Wholesaler, Brand business, For private use, Manufacturer","no, light customization, sample processing, customized on demand, graphic processing",10,5
"Shandong Yano Import And Export Co., Ltd.",,"Shandong, China ",4.9,10 reviews,≤2h,100.0%,- orders,-1,-1,,,60100,-1,-1,-1,-1,Yes,7,"Domestic Market(80%), North America(4%), Mid East(4%)",,"Retailer, Engineer, Wholesaler, Brand business, For private use, Manufacturer","sample processing, graphic processing, customized on demand, sample processing, graphic processing, customized on demand",-1,2
"Jiangsu Sinski Vehicle Science & Technology Co., Ltd.",,"Jiangsu, China ",5.0,2 reviews,≤5h,100.0%,- orders,-1,-1,,,45371,-1,3,-1,-1,Yes,15,"Domestic Market(50%), North America(10%), Southeast Asia(10%)",,"Retailer, Wholesaler, Brand business, Manufacturer","light customization, sample processing, graphic processing, customized on demand",30,12
"Changzhou Lvbao Electric Technology Co., Ltd.",,"Jiangsu, China ",-1,-1,≤4h,100.0%,- orders,-1,-1,,,19906,6000000,2,100000,2,Yes,2,"Domestic Market(85%), North America(8%), Eastern Europe(4%)",,"Engineer, Wholesaler, For private use, Brand business",no,13,4
"Guangzhou Fenghao Motorcycle Industry Co., Ltd.",,"Guangdong, China ",-1,-1,≤3h,100.0%,- orders,-1,-1,,,36000,-1,6,200000,-1,Yes,12,"Africa(40%), Domestic Market(30%), South America(20%)",,"Retailer, Engineer, Wholesaler, Brand business, For private use, Manufacturer","light customization, sample processing, customized on demand, graphic processing, light customization, sample processing, graphic processing, customized on demand",10,6
"Chongqing Diligence General Machinery Co., Ltd.",,"Chongqing, China ",-1,-1,≤2h,100.0%,- orders,-1,-1,,,20203,-1,6,-1,-1,Yes,20,"Eastern Europe(30%), Domestic Market(20%), Southeast Asia(12%)",,"Retailer, Engineer, Wholesaler, Brand business, For private use, Manufacturer","light customization, customized on demand, sample processing, graphic processing",3,15
"Tianjin Newspeed Cycle Co., Ltd.",,"Tianjin, China ",5.0,14 reviews,≤9h,100.0%,40 orders,"US $370,000+",-1,,,7130,2832201,1,-1,6,Yes,5,"Domestic Market(29%), Central America(12%), Southern Europe(12%)",,"Retailer, Wholesaler, Brand business, For private use, Manufacturer","sample processing, graphic processing, customized on demand, light customization, sample processing, graphic processing, customized on demand",50,3
"Jiangsu Xindalu Bicycle Co., Ltd.",,"Jiangsu, China ",3.6,3 reviews,≤5h,100.0%,- orders,-1,-1,,,8250,-1,1,-1,3,Yes,2,"Domestic Market(60%), North America(8%), South Asia(8%)",,"Retailer, Wholesaler, Brand business, For private use, Manufacturer","light customization, sample processing, graphic processing, customized on demand",30,2
"Jiangsu Luobei Electric Vehicle Co., Ltd.",,"Jiangsu, China ",5.0,1 reviews,≤3h,100.0%,- orders,-1,-1,,,3298,25000000,2,23100,30,Yes,2,"North America(30%), Africa(25%), Oceania(20%)",,"Retailer, Wholesaler, For private use","no, sample processing, graphic processing, customized on demand",14,1
"Beijing Luobei Intelligent Machine Co., Ltd.",,"Beijing, China ",3.6,3 reviews,≤3h,100.0%,- orders,-1,-1,,,3450,-1,1,-1,3,Yes,4,"Southeast Asia(21%), Mid East(21%), Southern Europe(21%)",,"Retailer, Engineer, Wholesaler, Brand business, For private use, Manufacturer","light customization, sample processing, graphic processing, customized on demand, sample processing, graphic processing, customized on demand",35,12
"Guanghan Guanghai Vehicle Industry Co., Ltd.",,"Sichuan, China ",5.0,1 reviews,≤11h,80.0%,4 orders,"US $3,000+",-1,,,15800,-1,3,-1,53,Yes,4,"Africa(40%), Southeast Asia(30%), Mid East(20%)",,"Retailer, Wholesaler, For private use","sample processing, graphic processing, customized on demand, sample processing, graphic processing, customized on demand",40,14
"Jiangsu Sinski Vehicle Science & Technology Co., Ltd.",,"Jiangsu, China ",4.0,7 reviews,≤5h,100.0%,- orders,-1,-1,,,45371,-1,3,-1,-1,Yes,15,"Domestic Market(50%), North America(10%), Southeast Asia(10%)",,"Retailer, Wholesaler, Brand business, Manufacturer","light customization, sample processing, graphic processing, customized on demand",30,12
"Shandong Shenzong Machinery Co., Ltd.",,"Shandong, China ",4.9,4 reviews,≤7h,100.0%,11 orders,"US $320,000+",-1,,,11000,-1,1,600,40,Yes,2,"Domestic Market(48%), Africa(14%), Southeast Asia(10%)",,-1,"customized on demand, sample processing, graphic processing, light customization",30,3
"Guangzhou Dayun Motorcycle Co., Ltd.",,"Guangdong, China ",4.6,3 reviews,≤7h,100.0%,- orders,-1,-1,,,65058,34849599,12,790000,12,Yes,20,"Africa(35%), North America(20%), Oceania(10%)",,"Retailer, Wholesaler, Brand business, Manufacturer","sample processing, graphic processing, customized on demand",90,31
"Hebei Loadraw Trade Co., Ltd.",,"Hebei, China ",3.8,15 reviews,≤3h,100.0%,39 orders,"US $320,000+",-1,,,160140,3000000,15,6900,50,Yes,12,"South America(25%), Africa(25%), Mid East(25%)",,"Retailer, Wholesaler, For private use, Brand business","light customization, customized on demand, sample processing, graphic processing, light customization, sample processing, graphic processing, customized on demand",100,17
"Hebei Sujie Bike Co., Ltd.",,"Hebei, China ",5.0,3 reviews,≤7h,100.0%,- orders,-1,-1,,,8775,-1,2,-1,5,Yes,9,"North America(20%), South America(13%), Western Europe(13%)",,"Retailer, Engineer, Wholesaler, Brand business, For private use, Manufacturer","light customization, sample processing, graphic processing, customized on demand, graphic processing",153,6
"Taizhou Youmi Electric Vehicle Technology Co., Ltd.",,"Zhejiang, China ",5.0,1 reviews,≤6h,100.0%,- orders,-1,-1,,,13935,-1,-1,20000,-1,Yes,6,"Domestic Market(50%), Western Europe(15%), Northern Europe(15%)",,"Retailer, Wholesaler, Brand business, Manufacturer","sample processing, customized on demand, graphic processing",10,4
"Dayun Automobile Co., Ltd.",,"Shanxi, China ",-1,-1,≤4h,100.0%,- orders,-1,-1,,,800000,-1,-1,-1,-1,Yes,174,"Domestic Market(57%), Eastern Europe(16%), Southeast Asia(9%)",,"Retailer, Engineer, Wholesaler, Brand business, For private use, Manufacturer","sample processing, graphic processing, customized on demand, sample processing, graphic processing, customized on demand",45,668
"Xiamen 3plus Technology Co., Ltd.",,"Fujian, China ",4.6,39 reviews,≤5h,100.0%,101 orders,"US $250,000+",-1,,,7360,2000000,2,-1,10,Yes,6,"Southern Europe(25%), South America(20%), North America(15%)",,"Retailer, Engineer, Wholesaler, Brand business, For private use, Manufacturer","customized on demand, sample processing, graphic processing, light customization, no",24,0
"Zhejiang Jiajue Motorcycle Manufacturing Co., Ltd.",,"zhejiang, China ",-1,-1,≤17h,100.0%,- orders,-1,-1,,,20708,62926000,-1,-1,-1,Yes,10,"Eastern Europe(47%), North America(25%), Western Europe(10%)",,"Retailer, Engineer, Wholesaler, Brand business, For private use, Manufacturer","sample processing, graphic processing, customized on demand",10,21
"Shandong Zf Truck Trailer Manufacture Co., Ltd.",,"Shandong, China ",-1,-1,≤5h,100.0%,- orders,-1,-1,,,50200,3919202,2,-1,71,Yes,6,"South America(30%), Southeast Asia(20%), Africa(20%)",,"Retailer, Engineer, Wholesaler, Brand business, For private use, Manufacturer","sample processing, graphic processing, customized on demand, sample processing, graphic processing, customized on demand",10,4
"Chongqing Wuzhong Auto Parts Co., Ltd.",,"Chongqing, China ",5.0,4 reviews,≤3h,100.0%,- orders,-1,-1,,,12000,-1,3,-1,4,Yes,2,"Southeast Asia(35%), Africa(25%), South Asia(25%)",,"Retailer, Engineer, Wholesaler, Brand business, For private use, Manufacturer","sample processing, graphic processing, customized on demand",-1,2
"Shandong Xingce Automobile Co., Ltd.",,"Shandong, China ",-1,-1,≤2h,100.0%,- orders,-1,-1,,,50149,-1,10,-1,600,Yes,5,Domestic Market(100%),,"Retailer, Engineer, Wholesaler, Brand business, For private use, Manufacturer","sample processing, graphic processing, customized on demand, sample processing, graphic processing, customized on demand",100,21
"shandong luyi vehicle Co.,LTD.",,"shandong, China ",-1,-1,≤4h,100.0%,- orders,-1,-1,,,8115,12000000,2,-1,64,Yes,5,"Southeast Asia(40%), North America(10%), Eastern Europe(10%)",,"Brand business, For private use","sample processing, graphic processing, customized on demand, sample processing, graphic processing, customized on demand",175,9
"Hubei Ruili Automobile Co., Ltd.",,"Hubei, China ",-1,-1,≤6h,100.0%,- orders,-1,-1,,,44030,-1,-1,-1,-1,Yes,16,"Domestic Market(80%), Africa(8%), Southeast Asia(8%)",,"Wholesaler, For private use, Brand business","light customization, graphic processing, customized on demand",12,14
"Zhejiang Tianben Auto Industry Co., Ltd.",,"Zhejiang, China ",-1,-1,≤19h,100.0%,- orders,-1,-1,,,5000,-1,-1,-1,-1,Yes,1,"Eastern Europe(55%), Africa(30%), South Asia(15%)",,"Retailer, Engineer, Wholesaler, Brand business, Manufacturer","customized on demand, graphic processing, sample processing",1,3
"Hubei Runli Special Automobile Co., Ltd.",,"Hubei, China ",-1,-1,≤7h,100.0%,- orders,-1,-1,,,54467,0,3,-1,120,Yes,5,"Domestic Market(60%), South America(10%), Southeast Asia(10%)",,"Retailer, Engineer, Wholesaler, Brand business, For private use, Manufacturer","sample processing, graphic processing, customized on demand",300,10
JINHUA YONG QIANG VEHICLES FACTORY,,"Zhejiang, China ",-1,-1,≤11h,100.0%,- orders,-1,-1,,,35912,-1,4,100000,40,Yes,2,"North America(35%), Oceania(35%), Southeast Asia(10%)",,"Retailer, Engineer, Wholesaler, Brand business, For private use, Manufacturer","light customization, sample processing, graphic processing, customized on demand",20,10
"Zhejiang Hua Chuang New Energy Commercial Vehicle Co., Ltd.",,"Zhejiang, China ",-1,-1,≤8h,100.0%,- orders,-1,-1,,,240000,-1,7,-1,-1,Yes,10,-1,,"Engineer, Wholesaler, Brand business, Manufacturer","sample processing, graphic processing, customized on demand, sample processing, graphic processing, customized on demand",15,101
"Green Wing (Yangzhou) Technology Co., Ltd.",,"Jiangsu, China ",-1,-1,≤8h,100.0%,- orders,-1,-1,,,6570,3600000,2,1000,16,Yes,6,"Africa(30%), South Asia(16%), South America(10%)",,"Retailer, Engineer, Wholesaler, Brand business, For private use, Manufacturer",no,4,3
"Guangdong Linkeycon Electronic Technology Co., Ltd.",,"Guangdong, China ",4.9,6 reviews,≤3h,100.0%,- orders,-1,-1,,,17310,-1,10,911000000,343,Yes,34,"South Asia(35%), Eastern Asia(20%), Southeast Asia(15%)",,"Retailer, Engineer, Wholesaler, Brand business, For private use, Manufacturer","sample processing, graphic processing, customized on demand, sample processing, graphic processing, customized on demand",726,11
"Shenzhen Robotlinking Technology Co., Ltd.",,"Guangdong, China ",4.9,219 reviews,≤3h,100.0%,530 orders,"US $490,000+",-1,,,1200,-1,-1,1100000,-1,Yes,4,"South Asia(25%), North America(15%), Oceania(15%)",,"Retailer, Engineer, Wholesaler, Brand business, For private use, Manufacturer","light customization, sample processing, graphic processing, customized on demand",100,5
"Shenzhen Wandong Cables Co., Ltd.",,"Guangdong, China ",3.8,2 reviews,≤6h,100.0%,23 orders,"US $20,000+",-1,,,10224,-1,8,165000000,79,Yes,2,"Domestic Market(30%), South Asia(11%), Eastern Europe(10%)",,"Retailer, Engineer, Wholesaler, Brand business, For private use, Manufacturer","light customization, light customization, sample processing, graphic processing, customized on demand",3,3
"Shandong Wanshuo Optoelectronic Equipment Co., Ltd.",,"Shandong, China ",4.4,25 reviews,≤2h,93.0%,- orders,-1,-1,,,7000,-1,-1,-1,17,Yes,6,-1,,"Retailer, Wholesaler, Brand business, Manufacturer","customized on demand, light customization, sample processing, graphic processing",-1,11
"Dongguan Lanyi Communication Technology Co., Ltd.",,"Guangdong, China ",4.7,48 reviews,≤2h,100.0%,155 orders,"US $100,000+",-1,,,2200,-1,5,-1,40,Yes,2,"North America(20%), South America(20%), Eastern Europe(10%)",,"Retailer, Engineer, Wholesaler, Brand business, For private use, Manufacturer","light customization, sample processing, graphic processing, customized on demand",500,2
"Hunan Feibo Guangtong Communication Equipment Co., Ltd.",,"Hunan, China ",4.8,17 reviews,≤3h,100.0%,- orders,-1,-1,,,3971,-1,1,5760000,19,Yes,3,"Southeast Asia(30%), South America(25%), Domestic Market(20%)",,"Retailer, Engineer, Wholesaler, Brand business, Manufacturer","sample processing, graphic processing, customized on demand, light customization, sample processing, graphic processing, customized on demand",316,3
"Shenzhen RPD Sensor Technology Co., Ltd",,"Guangdong, China ",4.9,10 reviews,≤2h,100.0%,57 orders,"US $40,000+",-1,,,2300,36232,5,-1,40,Yes,5,"Domestic Market(99%), North America(1%)",,"Retailer, Engineer, Wholesaler, Brand business, For private use, Manufacturer","sample processing, graphic processing, customized on demand, sample processing, graphic processing, customized on demand",250,5
"Zhongshan Lailux Led Lighting Co., Ltd.",,"Guangdong, China ",4.8,42 reviews,≤2h,100.0%,- orders,-1,-1,,,3600,-1,6,2750000,8,Yes,2,"Southeast Asia(25%), Mid East(20%), Eastern Asia(15%)",,"Retailer, Engineer, Wholesaler, Brand business, Manufacturer","sample processing, graphic processing, customized on demand, sample processing, graphic processing, customized on demand",6,2
"King Field Electronic Co., Ltd.(Shenzhen)",,"Guangdong, China ",4.6,16 reviews,≤2h,100.0%,125 orders,"US $260,000+",-1,,,3306,-1,5,-1,44,Yes,8,"North America(20%), Western Europe(20%), Southern Europe(20%)",,"Engineer, Wholesaler, For private use, Brand business, Manufacturer","light customization, sample processing, graphic processing, customized on demand, no",60,5
"Guangzhou Brothers Lin Electronics Co., Ltd.",,"Guangdong, China ",4.8,14 reviews,≤2h,100.0%,56 orders,"US $10,000+",-1,,,2160,-1,2,24400000,18,Yes,1,"Africa(30%), Domestic Market(25%), Mid East(20%)",,"Retailer, Engineer, Wholesaler, Brand business, For private use, Manufacturer","light customization, sample processing, graphic processing, customized on demand, light customization, sample processing, graphic processing, customized on demand",10,2
"Shenzhen Kingwire Electronics Co., Ltd.",,"Guangdong, China ",5.0,8 reviews,≤3h,94.7%,49 orders,"US $880,000+",-1,,,5076,-1,12,-1,36,Yes,3,"Domestic Market(30%), Eastern Europe(15%), Northern Europe(10%)",,"Retailer, Engineer, Wholesaler, Brand business, For private use, Manufacturer","sample processing, graphic processing, customized on demand",-1,3
"Zhejiang Fuchunjiang Photoelectric Science & Technology Co., Ltd.",,"Zhejiang, China ",4.9,7 reviews,≤3h,100.0%,9 orders,"US $340,000+",-1,,,140000,-1,-1,-1,-1,Yes,9,"North America(30%), Southeast Asia(30%), Eastern Europe(20%)",,"Retailer, Brand business","light customization, sample processing, graphic processing, customized on demand",30,4
"Dongguan Kecheng Communication Co., Ltd.",,"Guangdong, China ",4.9,30 reviews,≤1h,96.3%,151 orders,"US $120,000+",-1,,,2000,-1,5,-1,28,Yes,2,"North America(20%), Western Europe(20%), South America(11%)",,"Retailer, Engineer, Wholesaler, Brand business, For private use, Manufacturer","light customization, customized on demand, sample processing, graphic processing, light customization, customized on demand, sample processing, graphic processing",100,3
"Baoding Jikai Power Equipment Co., Ltd.",,"Hebei, China ",-1,-1,≤1h,100.0%,- orders,-1,-1,,,89740,-1,27,-1,77,Yes,11,"Domestic Market(80%), South America(5%), Southeast Asia(5%)",,"Retailer, Engineer, Wholesaler, Brand business, For private use, Manufacturer","sample processing, graphic processing, customized on demand, sample processing, graphic processing, customized on demand",80,18
"Huizhou Jin Yuan Xiang Electronic Co., Ltd.",,"Guangdong, China ",4.8,15 reviews,≤2h,95.5%,71 orders,"US $30,000+",-1,,,2000,-1,4,-1,30,Yes,2,"Domestic Market(46%), North America(15%), Eastern Europe(10%)",,"Retailer, Engineer, Wholesaler, Brand business, For private use, Manufacturer","sample processing, graphic processing, customized on demand",100,2
"Kinglisheng(Shenzhen) Electronic & Technology Co., Limited",,"Guangdong, China ",5.0,5 reviews,≤2h,92.9%,54 orders,"US $330,000+",-1,,,1700,2250000,5,-1,-1,Yes,5,"Domestic Market(53%), North America(15%), Eastern Europe(10%)",,"Retailer, Engineer, Wholesaler, Brand business, For private use, Manufacturer","sample processing, graphic processing, customized on demand",-1,5
"Shandong Wenbo Power Technology Co., Ltd.",,"Shandong, China ",4.8,2 reviews,≤3h,80.0%,- orders,-1,-1,,,6114,-1,5,-1,6,Yes,1,"Southeast Asia(15%), North America(10%), South America(10%)",,"Retailer, Engineer, Wholesaler, Brand business, For private use, Manufacturer","light customization, customized on demand, sample processing, graphic processing",30,1
"Fujian Zhenyuan Hydraulic Equipment Co., Ltd.",,"Fujian, China ",4.6,27 reviews,≤1h,92.5%,- orders,-1,-1,,,256,-1,1,740,9,Yes,2,"Domestic Market(50%), Eastern Europe(20%), North America(10%)",,"Retailer, Engineer, Wholesaler, Manufacturer","customized on demand, sample processing, graphic processing",100,2
"Shenzhen Keepteen Electronic Technology Co., Ltd.",,"Guangdong, China ",4.6,5 reviews,≤2h,93.2%,- orders,-1,-1,,,1128,-1,-1,-1,-1,Yes,2,-1,,"Retailer, Engineer, Wholesaler, Brand business, Manufacturer","sample processing, graphic processing, customized on demand",10,1
"Changzhou Zhuoyuan Industrial Automation Weighing System Co., Ltd.",,"Jiangsu, China ",4.9,18 reviews,≤2h,96.9%,- orders,-1,-1,,,1900,-1,3,-1,13,Yes,1,"Domestic Market(88%), South America(3%), Southeast Asia(3%)",,"Retailer, Engineer, Wholesaler, Brand business, Manufacturer","light customization, sample processing, graphic processing, customized on demand",-1,1
"Zhongshan Huishine Pcba Co., Ltd.",,"Guangdong, China ",5.0,1 reviews,≤4h,100.0%,- orders,-1,-1,,,5100,2630000,3,9690000,32,Yes,11,"Domestic Market(75%), North America(14%), Mid East(7%)",,"Retailer, Engineer, Wholesaler, Brand business, For private use, Manufacturer","light customization, sample processing, graphic processing, customized on demand, no",1700,11
"Guangdong Yingxin Cable Co., Ltd.",,"Guangdong, China ",4.9,14 reviews,≤7h,94.7%,- orders,-1,-1,,,10774,8000000,10,280000000,100,Yes,2,"Eastern Europe(20%), Southeast Asia(20%), Africa(20%)",,"Retailer, Engineer, Wholesaler, Brand business, For private use, Manufacturer","graphic processing, sample processing, light customization, customized on demand",50,1
"Dongguan Annxin Electronics Co., Ltd.",,"Guangdong, China ",4.6,30 reviews,≤2h,96.4%,179 orders,"US $340,000+",-1,,,360,1916880,1,-1,6,Yes,2,"North America(45%), Western Europe(20%), Eastern Europe(15%)",,"Retailer, Engineer, Wholesaler, For private use, Brand business, Manufacturer","light customization, sample processing, graphic processing, customized on demand",130,0
"Dongguan Speed Electronics Co., Ltd.",,"Guangdong, China ",5.0,17 reviews,≤2h,100.0%,55 orders,"US $40,000+",-1,,,250,2000326,-1,-1,-1,Yes,1,"North America(40%), Central America(20%), Northern Europe(20%)",,"Retailer, Engineer, Wholesaler, Brand business, Manufacturer","sample processing, graphic processing, customized on demand, sample processing, graphic processing, customized on demand",32,1
"Henan Yaan Electrical Insulation Material Plant Co., Ltd.",,"Henan, China ",4.9,5 reviews,≤4h,100.0%,- orders,-1,-1,,,20440,1282024,-1,240000,-1,Yes,2,"South America(25%), Southeast Asia(20%), Eastern Europe(10%)",,"Retailer, Engineer, Wholesaler, Brand business, For private use, Manufacturer","sample processing, graphic processing, customized on demand, sample processing, graphic processing, customized on demand",5,3
"Dongguan Yixiou Electronics Co., Ltd.",,"Guangdong, China ",5.0,3 reviews,≤1h,96.7%,- orders,-1,-1,,,4980,-1,3,-1,62,Yes,8,"North America(30%), Central America(30%), South America(10%)",,"Retailer, Engineer, Wholesaler, Brand business, For private use, Manufacturer","sample processing, graphic processing, customized on demand",15,5
"Shenzhen Mj-Innovation Electronics Co., Ltd.",,"Guangdong, China ",4.3,3 reviews,≤2h,100.0%,- orders,-1,-1,,,2833,-1,12,-1,32,Yes,6,"Domestic Market(60%), Western Europe(30%), North America(5%)",,"Retailer, Brand business, Manufacturer","sample processing, graphic processing, customized on demand",10,6
"Shenzhen Keyes DIY Robot Co., Ltd.",,"Guangdong, China ",4.7,69 reviews,≤2h,99.2%,206 orders,"US $150,000+",-1,,,3500,-1,2,-1,11,Yes,2,"Domestic Market(30%), Western Europe(15%), South America(14%)",,"Retailer, Wholesaler, Brand business","light customization, sample processing, graphic processing, customized on demand",200,8
"Dongguan Fokming Electroluminescence Co., Ltd.",,"Guangdong, China ",4.8,52 reviews,≤1h,100.0%,176 orders,"US $80,000+",-1,,,1250,-1,-1,-1,25,Yes,5,"Domestic Market(45%), Western Europe(17%), North America(15%)",,"Retailer, Engineer, Wholesaler, Brand business, For private use, Manufacturer","light customization, sample processing, graphic processing, customized on demand",313,2
"Wuxi CRE New Energy Technology Co., Ltd.",,"Jiangsu, China ",-1,-1,≤6h,57.1%,3 orders,"US $1,000+",-1,,,30000,2158623,10,-1,74,Yes,18,"Domestic Market(60%), Eastern Europe(30%), North America(4%)",,"Retailer, Engineer, Wholesaler, Brand business, Manufacturer","sample processing, graphic processing, customized on demand",3,18
"Shandong Wanshuo Optoelectronic Equipment Co, Ltd.",,"Shandong, China ",4.8,52 reviews,≤4h,96.7%,- orders,-1,-1,,,7000,6681357,-1,-1,17,Yes,6,"Domestic Market(27%), South America(15%), South Asia(15%)",,"Retailer, Wholesaler, Brand business","customized on demand, light customization, graphic processing, sample processing",8,11
"Dongguan Chipsen Electronics Technology Co., Ltd.",,"Guangdong, China ",5.0,4 reviews,≤2h,95.8%,48 orders,"US $10,000+",-1,,,3200,3779499,6,-1,46,Yes,17,"Domestic Market(60%), North America(10%), South America(6%)",,"Retailer, Engineer, Wholesaler, Brand business, For private use, Manufacturer","sample processing, graphic processing, customized on demand",1800,14
"Qingdao Applied Photonic Technologies Co., Ltd.",,"Shandong, China ",4.9,64 reviews,≤2h,99.0%,222 orders,"US $550,000+",-1,,,15271,-1,6,-1,150,Yes,6,"Domestic Market(42%), South Asia(18%), South America(15%)",,"Retailer, Wholesaler, Brand business","light customization, customized on demand, sample processing, graphic processing",-1,5
"Shenzhen Superbat Electronics Co.,Ltd",,"Guangdong, China ",4.8,17 reviews,≤2h,100.0%,73 orders,"US $530,000+",-1,,,3000,3247180,3,450000,17,Yes,3,"North America(50%), Western Europe(20%), Southeast Asia(5%)",,"Retailer, Engineer, Wholesaler, Brand business, For private use, Manufacturer","sample processing, graphic processing, customized on demand",200,3
"Dongguan HX Fiber Technology Co., Ltd",,"Guangdong, China ",5.0,3 reviews,≤4h,100.0%,2 orders,"US $1,000+",-1,,,5230,4600000,4,8800000,103,Yes,2,North America(100%),,"Retailer, Wholesaler, Manufacturer","sample processing, graphic processing, light customization, customized on demand",50,2
"Shenzhen Minqin Electronic Technology Co., Ltd.",,"Guangdong, China ",5.0,11 reviews,≤2h,100.0%,- orders,-1,-1,,,525,-1,4,-1,20,Yes,1,-1,,"Retailer, Engineer, Wholesaler, For private use, Brand business, Manufacturer","no, no",-1,0
"Shenzhen Sachikoo Yongfa Technology Co., Ltd.",,"Guangdong, China ",4.7,36 reviews,≤5h,94.7%,- orders,-1,-1,,,1500,-1,-1,-1,-1,Yes,3,"North America(15%), Southeast Asia(15%), Africa(10%)",,"Retailer, Wholesaler, Brand business, For private use, Manufacturer","sample processing, graphic processing, customized on demand",-1,1
"Shenzhen Ovrod Electronic Technology Co., Ltd.",,"Guangdong, China ",4.9,17 reviews,≤1h,96.0%,- orders,-1,-1,,,1120,-1,2,-1,-1,Yes,6,"Domestic Market(40%), South Asia(20%), North America(10%)",,"Retailer, Engineer, Wholesaler, Brand business, For private use, Manufacturer","sample processing, graphic processing, customized on demand, sample processing, graphic processing, customized on demand",30,8
"Wuhan Wolon Communication Technology Co., Ltd.",,"Hubei, China ",4.8,46 reviews,≤2h,93.0%,211 orders,"US $160,000+",-1,,,2800,-1,13,-1,1,Yes,7,"Domestic Market(46%), Southeast Asia(30%), South America(15%)",,"Retailer, Engineer, Wholesaler, Brand business, For private use, Manufacturer","sample processing, graphic processing, customized on demand, sample processing, graphic processing, customized on demand",15,2
"Hangzhou Aston Cable Co., Ltd.",,"Zhejiang, China ",2.6,2 reviews,≤2h,100.0%,43 orders,"US $50,000+",-1,,,2000,-1,-1,20000,-1,Yes,1,"Africa(30%), Mid East(30%), North America(20%)",,"Retailer, Brand business","sample processing, graphic processing, customized on demand",5,1
"Qingdao Sunet Technologies Co., Ltd.",,"Shandong, China ",4.7,37 reviews,≤2h,99.1%,- orders,-1,-1,,,1119,-1,2,-1,26,Yes,1,"South America(45%), Southeast Asia(20%), Mid East(10%)",,"Retailer, Engineer, Wholesaler, For private use, Manufacturer","sample processing, graphic processing, customized on demand, graphic processing, customized on demand, sample processing",10,2
"Shenzhen Sdapo Communication Co., Ltd.",,"Guangdong, China ",4.8,10 reviews,≤1h,100.0%,51 orders,"US $30,000+",-1,,,1410,-1,3,660000,30,Yes,0,"Domestic Market(38%), North America(13%), Eastern Europe(6%)",,"Retailer, Engineer, Wholesaler, Brand business, For private use, Manufacturer","no, sample processing, graphic processing, customized on demand",13,0
"Guangdong Waigaa Electronics Co., Ltd.",,"Guangdong, China ",5.0,8 reviews,≤7h,100.0%,- orders,-1,-1,,,6532,11764303,4,-1,-1,Yes,4,"North America(30%), Southeast Asia(20%), Africa(20%)",,"Retailer, Engineer, Wholesaler, Brand business, For private use, Manufacturer","sample processing, graphic processing, customized on demand, sample processing, graphic processing, customized on demand",60,4
"Shenzhen Ih Optics Co., Ltd.",,"Guangdong, China ",4.8,9 reviews,≤5h,95.2%,46 orders,"US $50,000+",-1,,,4500,-1,8,-1,53,Yes,4,"North America(20%), Domestic Market(15%), Western Europe(10%)",,"Retailer, Engineer, Wholesaler, Brand business, For private use, Manufacturer","sample processing, light customization, graphic processing, customized on demand",100,3
"Wenzhou Hantang Telecommunication Technology Co., Ltd.",,"Zhejiang, China ",5.0,2 reviews,≤6h,100.0%,24 orders,"US $10,000+",-1,,,472,-1,-1,-1,-1,Yes,9,"Domestic Market(15%), Eastern Europe(10%), Western Europe(10%)",,"Retailer, Engineer, Wholesaler, Brand business, For private use, Manufacturer","light customization, sample processing, graphic processing, customized on demand",15,2
"Luoyang Shennai Power Equipment Co., Ltd.",,"Henan, China ",5.0,2 reviews,≤2h,100.0%,6 orders,"US $70,000+",-1,,,12300,-1,2,-1,26,Yes,4,"Domestic Market(74%), Southeast Asia(10%), Africa(10%)",,-1,"light customization, sample processing, graphic processing, customized on demand",5,14
"Qingdao Applied Photonic Technologies Co., Ltd.",,"Shandong, China ",4.9,36 reviews,≤2h,100.0%,160 orders,"US $240,000+",-1,,,14223,-1,12,-1,124,Yes,6,"Domestic Market(42%), South Asia(18%), South America(15%)",,"Retailer, Engineer, Wholesaler, Brand business","light customization, customized on demand, sample processing, graphic processing",-1,5
"Yongjiu Electric Power Fitting Co., Ltd.",,"Zhejiang, China ",4.9,8 reviews,≤5h,100.0%,50 orders,"US $1,100,000+",-1,,,12000,-1,3,-1,61,Yes,4,"Domestic Market(45%), Eastern Europe(10%), Western Europe(6%)",,"Retailer, Wholesaler, Brand business, For private use, Manufacturer","customized on demand, graphic processing, sample processing, light customization",-1,3
"Shenzhen Fengbaode Electronic Technology Development Co., Ltd.",,"Guangdong, China ",4.6,8 reviews,≤4h,100.0%,- orders,-1,-1,,,300,-1,1,-1,3,Yes,1,"Domestic Market(29%), North America(20%), Mid East(15%)",,"Retailer, Engineer, Wholesaler, Brand business, For private use, Manufacturer","light customization, graphic processing, sample processing, customized on demand",15,1
"Shenzhen TTI Fiber Communication Tech. Co., Limited",,"Guangdong, China ",5.0,7 reviews,≤2h,100.0%,34 orders,"US $10,000+",-1,,,968,6000000,2,-1,39,Yes,3,"North America(29%), Southeast Asia(20%), Western Europe(18%)",,"Retailer, Engineer, Wholesaler, Brand business, For private use, Manufacturer","light customization, sample processing, graphic processing, customized on demand, no",5,3
"Quanzhou Tianlu Communication Technology Co., Ltd.",,"Fujiang, China ",4.7,33 reviews,≤2h,100.0%,105 orders,"US $40,000+",-1,,,5800,-1,5,-1,18,Yes,3,"Western Europe(35%), South America(20%), North America(15%)",,"Retailer, Engineer, Wholesaler, Brand business, For private use, Manufacturer","sample processing, graphic processing, customized on demand",10,2
"Shenzhen Newconn Technology Co., Ltd.",,"Guangdong, China ",5.0,2 reviews,≤9h,100.0%,- orders,-1,-1,,,4860,-1,7,-1,62,Yes,6,"North America(33%), Western Europe(25%), Eastern Europe(20%)",,"Retailer, Engineer, Wholesaler, Brand business, For private use, Manufacturer","sample processing, graphic processing, customized on demand, sample processing, graphic processing, customized on demand",-1,10
"Hangzhou Jianye Cable Co., Ltd.",,"Zhejiang, China ",-1,-1,≤3h,100.0%,2 orders,"US $520,000+",-1,,,15000,15413440,-1,-1,305,Yes,6,"North America(25%), Southeast Asia(20%), Mid East(20%)",,"Retailer, Engineer, Wholesaler, Brand business, For private use, Manufacturer","sample processing, graphic processing, customized on demand",30,5
"Kaer Technology Co.,Ltd",,"Zhejiang, China ",4.9,19 reviews,≤2h,100.0%,- orders,-1,-1,,,11537,-1,3,43200000,128,Yes,3,"Domestic Market(70%), Eastern Asia(9%), Eastern Europe(7%)",,"Retailer, Wholesaler, Manufacturer","light customization, sample processing, graphic processing, customized on demand",49,2
"Tecoo Electronics Co., Ltd.",,"Zhejiang, China ",5.0,22 reviews,≤2h,100.0%,72 orders,"US $140,000+",-1,,,2506,3750628,4,723549,25,Yes,8,"Domestic Market(43%), Western Europe(24%), North America(12%)",,"Retailer, Engineer, Wholesaler, Brand business, For private use, Manufacturer","sample processing, graphic processing, customized on demand",40,16
"Guangzhou Qiangfeng Electronics Co., Ltd.",,"Guangdong, China ",-1,-1,≤5h,100.0%,59 orders,"US $240,000+",-1,,,-1,-1,4,-1,4,Yes,2,"North America(20%), Southeast Asia(20%), Western Europe(20%)",,"Retailer, Engineer, Wholesaler, Brand business, For private use, Manufacturer","sample processing, graphic processing, customized on demand",120,5
"Huizhou Mingda Precise Electronics Co.,ltd.",,"Guangdong, China ",4.8,8 reviews,≤6h,94.3%,111 orders,"US $2,000,000+",-1,,,1500,1903606,4,-1,134,Yes,8,"North America(40%), Eastern Asia(20%), Western Europe(15%)",,"Retailer, Engineer, Wholesaler, Brand business, For private use, Manufacturer","light customization, sample processing, graphic processing, customized on demand, light customization, sample processing, graphic processing, customized on demand",300,6
"Changzhou Foyun Electronic Co., Ltd.",,"Jiangsu, China ",4.5,117 reviews,≤5h,95.0%,448 orders,"US $140,000+",-1,,,2400,-1,4,-1,48,Yes,2,"North America(42%), Western Europe(15%), Domestic Market(10%)",,"Retailer, Engineer, Brand business, Manufacturer","no, sample processing, graphic processing, customized on demand",15,1
"Hunan Feihongda New Material Co., Ltd.",,"Hunan, China ",4.9,18 reviews,≤5h,100.0%,49 orders,"US $20,000+",-1,,,7206,-1,3,-1,79,Yes,5,-1,,"Retailer, Engineer, Wholesaler, Brand business, For private use, Manufacturer","light customization, sample processing, graphic processing, customized on demand, light customization, sample processing, graphic processing, customized on demand",3,7
"Hangzhou Jianye Cable Co., Ltd.",,"Zhejiang, China ",-1,-1,≤7h,100.0%,- orders,-1,-1,,,15000,15413440,-1,-1,305,Yes,6,"North America(25%), Southeast Asia(20%), Mid East(20%)",,"Retailer, Engineer, Wholesaler, Brand business, For private use, Manufacturer","sample processing, graphic processing, customized on demand",30,5
"Shenzhen Aolifuwei Technology Co., Ltd.",,"Guangdong, China ",3.9,10 reviews,≤2h,98.4%,90 orders,"US $380,000+",-1,,,2200,-1,4,3000000,10,Yes,2,"North America(40%), Eastern Asia(25%), Western Europe(20%)",,"Retailer, Wholesaler, Brand business","no, light customization, sample processing, graphic processing, customized on demand",55,3
"Hansi Technology (shenzhen) Co., Ltd.",,"Guangdong, China ",4.8,32 reviews,≤2h,100.0%,205 orders,"US $220,000+",-1,,,1925,2137345,4,-1,67,Yes,5,"Domestic Market(45%), Eastern Europe(20%), Mid East(10%)",,"Retailer, Engineer, Wholesaler, Brand business, For private use, Manufacturer","light customization, customized on demand, sample processing, graphic processing, light customization, customized on demand, sample processing, graphic processing",200,12
"Shenzhen Caili Telecommunication Technology Co., Ltd.",,"Guangdong, China ",4.9,24 reviews,≤1h,98.1%,- orders,-1,-1,,,-1,-1,-1,-1,-1,Yes,1,"Southeast Asia(30%), South America(25%), North America(15%)",,"Retailer, Engineer, Wholesaler, Brand business, For private use, Manufacturer","customized on demand, sample processing, graphic processing, customized on demand",3,2
"Tianjin Xingda Electric Technology Co., Ltd.",,"Tianjin, China ",4.9,11 reviews,≤5h,100.0%,28 orders,"US $50,000+",-1,,,2908,-1,2,-1,34,Yes,2,"Domestic Market(70%), Mid East(13%), Southeast Asia(9%)",,"Retailer, Engineer, Wholesaler, Brand business, For private use, Manufacturer","sample processing, graphic processing, customized on demand",1000,3
"Xiamen Xiangyu Industry & Trade Co., Ltd.",,"Fujian, China ",5.0,1 reviews,≤6h,87.0%,60 orders,"US $3,000,000+",-1,,,3229,-1,14,-1,30,Yes,-1,"Domestic Market(30%), Oceania(18%), Western Europe(17%)",,"Retailer, Engineer, Wholesaler, Brand business, For private use, Manufacturer","sample processing, graphic processing, customized on demand",20,2
"Shenzhen Huai Zhi Technology Co., Limited",,"Guangdong, China ",5.0,3 reviews,≤2h,95.2%,- orders,-1,-1,,,1100,-1,2,-1,4,Yes,2,"North America(20%), Western Europe(20%), Domestic Market(15%)",,"Retailer, Engineer, Wholesaler, Brand business, For private use, Manufacturer","sample processing, graphic processing, customized on demand, sample processing, graphic processing, customized on demand",150,6
"Nanjing Haichuan Electronic Co., Ltd.",,"Jiangsu, China ",5.0,12 reviews,≤2h,100.0%,70 orders,"US $180,000+",-1,,,10207,-1,20,78000000,380,Yes,5,"Domestic Market(77%), North America(7%), South America(3%)",,"Retailer, Engineer, Wholesaler, Brand business, For private use, Manufacturer","sample processing, graphic processing, customized on demand",170,18
"Shenzhen Moshangyin Electronics Technology Co., Ltd.",,"Guangdong, China ",4.7,22 reviews,≤7h,100.0%,- orders,-1,-1,,,800,-1,-1,-1,-1,Yes,1,-1,,"Retailer, Engineer, Wholesaler, Brand business, For private use, Manufacturer","light customization, customized on demand, sample processing, graphic processing",-1,5
"Suzhou Wavelink Electronics Technology Co., Ltd.",,"Jiangsu, China ",4.6,18 reviews,≤2h,97.0%,178 orders,"US $410,000+",-1,,,500,737418,-1,-1,-1,Yes,3,"North America(20%), Domestic Market(20%), South America(10%)",,"Retailer, Engineer, Wholesaler, Brand business, For private use, Manufacturer","sample processing, graphic processing, customized on demand",-1,3
Tuozhan Optoelectronics Company Limited,,"Guangdong, China ",4.9,4 reviews,≤9h,52.2%,- orders,-1,-1,,,4000,-1,6,-1,203,Yes,8,"Domestic Market(70%), North America(5%), Western Europe(5%)",,"Retailer, Engineer, Wholesaler, Brand business, For private use, Manufacturer","sample processing, graphic processing, customized on demand",10,4
"Yueqing Aibeiken Electric Co., Ltd.",,"Zhejiang, China ",4.8,45 reviews,≤3h,98.0%,354 orders,"US $430,000+",-1,,,1800,-1,-1,-1,-1,Yes,5,"North America(25%), Domestic Market(20%), South America(5%)",,"Retailer, Engineer, Wholesaler, Brand business, For private use, Manufacturer","light customization, sample processing, graphic processing, customized on demand, sample processing, customized on demand, graphic processing",200,4
"Shenzhen Yunlink Technology Co.,ltd",,"Guangdong Province, China ",5.0,1 reviews,≤5h,80.0%,5 orders,"US $2,000+",-1,,,10000,-1,16,1191427,87,Yes,21,"Southeast Asia(30%), North America(20%), Western Europe(20%)",,"Retailer, Engineer, Wholesaler, Brand business, For private use, Manufacturer","sample processing, graphic processing, customized on demand",42,44
"Jiangsu Deper Door Control Technology Co., Ltd.",,"Jiangsu, China ",4.1,8 reviews,≤5h,94.1%,30 orders,"US $40,000+",-1,,,35000,-1,31,-1,-1,Yes,3,"Domestic Market(70%), Southeast Asia(10%), Western Europe(5%)",,"Retailer, Wholesaler, Brand business, For private use, Manufacturer","light customization, sample processing, graphic processing, customized on demand",-1,11
"Shenzhen Aptus Technology Co.,Ltd",,"Guangdong, China ",4.4,9 reviews,≤6h,98.1%,84 orders,"US $60,000+",-1,,,1100,1500000,-1,-1,-1,Yes,2,"Domestic Market(80%), Western Europe(10%), North America(5%)",,"Retailer, Engineer, Wholesaler, Brand business, Manufacturer","sample processing, graphic processing, customized on demand, no",-1,2
"Jiayao Co., Ltd.",,"Hebei, China ",4.9,19 reviews,≤2h,100.0%,25 orders,"US $1,300,000+",-1,,,8000,-1,1,-1,14,Yes,2,"Africa(37%), North America(15%), South America(10%)",,"Wholesaler, Brand business, For private use","sample processing, graphic processing, customized on demand",150,2
"Zhejiang Dongpu Electronic Science & Technology Co., Ltd.",,"Zhejiang, China ",4.3,1 reviews,≤3h,100.0%,6 orders,"US $1,000+",-1,,,4956,1448120,7,-1,-1,Yes,6,"Mid East(60%), Domestic Market(20%), North America(5%)",,"Engineer, Brand business","sample processing, graphic processing, customized on demand",30,8
"Guangdong Cerrnss New Energy Technology Co., Ltd.",,"Guangdong, China ",4.7,19 reviews,≤2h,92.0%,39 orders,"US $110,000+",-1,,,2500,-1,2,-1,10,Yes,2,"Eastern Europe(35%), North America(25%), Domestic Market(20%)",,"Retailer, Engineer, Wholesaler, Brand business, For private use, Manufacturer","sample processing, graphic processing, customized on demand",35,2
"Hebei Yongguang Line Equipment Co., Ltd.",,"Hebei, China ",-1,-1,≤4h,100.0%,- orders,-1,-1,,,9662,10000000,5,1600,46,Yes,8,"North America(20%), Africa(20%), South America(10%)",,"Retailer, Engineer, Wholesaler, Brand business, For private use, Manufacturer","customized on demand, light customization, sample processing",25,5
"Hont Electrical Co., Ltd.",,"Zhejiang, China ",4.4,7 reviews,≤2h,100.0%,- orders,-1,-1,,,45000,20000000,-1,-1,-1,Yes,12,"Western Europe(18%), South America(15%), Mid East(10%)",,"Retailer, Engineer, Wholesaler, Brand business, For private use, Manufacturer","sample processing, graphic processing, customized on demand",5,7
"Yueqing Huihua Electronic Co., Ltd.",,"Zhejiang, China ",4.9,8 reviews,≤2h,100.0%,39 orders,"US $60,000+",-1,,,16267,5060000,-1,-1,-1,Yes,12,"Domestic Market(60%), North America(11%), Western Europe(8%)",,"Retailer, Engineer, Wholesaler, Brand business, For private use, Manufacturer","sample processing, graphic processing, customized on demand",65,19
"Taicang Daorong Knitting Co., Ltd.",,"Jiangsu, China ",4.9,4 reviews,≤2h,100.0%,- orders,-1,-1,,,23252,-1,4,-1,80,Yes,3,"South America(20%), Oceania(20%), Eastern Asia(15%)",,"Retailer, Engineer, Wholesaler, Brand business, For private use, Manufacturer","light customization, sample processing, graphic processing, customized on demand, no",2,1
"xiantao topmed nonwoven protective products  co.,ltd",,"hubei, China ",4.7,6 reviews,≤1h,95.5%,- orders,-1,-1,,,13000,-1,0,-1,32,Yes,1,"Southeast Asia(20%), North America(15%), Mid East(15%)",,"Wholesaler, Brand business, For private use, Manufacturer",no,0,0
"Shanghai Bingxian Environmental Protection Technology Co., Ltd.",,"Shanghai, China ",5.0,1 reviews,≤3h,100.0%,- orders,-1,-1,,,3050,-1,3,-1,35,Yes,4,"Domestic Market(40%), North America(20%), Southeast Asia(10%)",,-1,"no, no",-1,0
"Suzhou Feibo Marine Supplies Co., Ltd.",,"Jiangsu, China ",5.0,3 reviews,≤1h,87.5%,- orders,-1,-1,,,1840,-1,8,3600,30,Yes,1,"Domestic Market(35%), North America(20%), Eastern Asia(20%)",,"Retailer, Wholesaler, Brand business, For private use, Manufacturer","graphic processing, sample processing, light customization, customized on demand",6,0
"Guangzhou Riching Renewable Resources Co., Ltd.",,"Guangdong, China ",5.0,4 reviews,≤7h,100.0%,- orders,-1,-1,,,4100,-1,14,-1,10,Yes,25,-1,,-1,"sample processing, customized on demand, graphic processing, sample processing, graphic processing, customized on demand",-1,1
"Xiamen Meile Textile Knitwear Co., Ltd",,"Fujian, China ",-1,-1,≤3h,100.0%,- orders,-1,-1,,,2600,-1,1,-1,60,Yes,1,"North America(30%), Domestic Market(20%), Eastern Europe(10%)",,"Retailer, Wholesaler, Brand business, For private use, Manufacturer","customized on demand, sample processing",-1,2
"Suzhou Jiahe Non-Woven Products Co., Ltd.",,"Jiangsu, China ",4.9,10 reviews,≤4h,100.0%,110 orders,"US $890,000+",-1,,,23811,-1,8,-1,29,Yes,3,"North America(10%), South America(10%), Eastern Europe(10%)",,"Retailer, Engineer, Wholesaler, Brand business, Manufacturer","light customization, customized on demand, sample processing, graphic processing, light customization, sample processing, graphic processing, customized on demand",15,2
"Suzhou Jiahe Non-Woven Products Co., Ltd.",,"Jiangsu, China ",4.8,5 reviews,≤2h,100.0%,91 orders,"US $540,000+",-1,,,22811,-1,5,-1,20,Yes,1,"Domestic Market(20%), North America(10%), Eastern Asia(10%)",,"Retailer, Engineer, Wholesaler, Brand business, For private use, Manufacturer","light customization, sample processing, graphic processing, customized on demand",25,2
"Guangzhou Clean-Link Filtration Technology Co., Ltd.",,"Guangdong, China ",4.9,37 reviews,≤4h,94.2%,102 orders,"US $340,000+",-1,,,10000,-1,10,-1,27,Yes,2,"Southeast Asia(15%), South Asia(15%), Eastern Asia(12%)",,"Retailer, Engineer, Wholesaler, Brand business, For private use, Manufacturer","light customization, sample processing, graphic processing, customized on demand",10,4
"Shenzhen Misource New Material Technology Co., Ltd.",,"Guangdong, China ",4.9,15 reviews,≤3h,97.9%,106 orders,"US $150,000+",-1,,,3600,-1,4,350000000,8,Yes,2,"Domestic Market(50%), Southeast Asia(10%), South America(6%)",,"Retailer, Wholesaler, Brand business, For private use, Manufacturer",-1,-1,-1
"Nantong Nice Environmental Products Co., Ltd.",,"Jiangsu, China ",5.0,3 reviews,≤2h,100.0%,21 orders,"US $20,000+",-1,,,7710,3285700,4,-1,8,Yes,2,"North America(25%), South America(25%), Southeast Asia(10%)",,"Retailer, Engineer, Wholesaler, Brand business, For private use, Manufacturer","sample processing, graphic processing, customized on demand",25,1
"Xiamen Excellent Knitwear Co., Ltd.",,"Fujian, China ",4.3,1 reviews,≤2h,100.0%,17 orders,"US $80,000+",-1,,,8000,-1,3,-1,51,Yes,3,"North America(30%), Oceania(20%), South America(15%)",,"Retailer, Engineer, Manufacturer","customized on demand, sample processing",-1,-1
Guangzhou Zagumi Commercial And Trade Company Limited,,"Guangdong, China ",-1,-1,≤11h,100.0%,- orders,-1,-1,,,9000,-1,6,-1,30,Yes,10,"Africa(50%), Southeast Asia(20%), South America(10%)",,"Retailer, Wholesaler, Brand business, For private use","light customization, sample processing, graphic processing, customized on demand",-1,3
"Kunshan Huaxinhong Nonwoven Technology Co., Ltd.",,"Jiangsu, China ",5.0,1 reviews,≤4h,80.0%,- orders,-1,-1,,,2767,-1,-1,-1,-1,Yes,2,"Domestic Market(80%), South America(15%), Southeast Asia(5%)",,"Retailer, Engineer, Wholesaler, Brand business, For private use, Manufacturer","sample processing, graphic processing, customized on demand",-1,1
"Wuhu Qicheng New Material Co., Ltd.",,"Anhui, China ",-1,-1,≤4h,100.0%,- orders,-1,-1,,,12989,-1,1,-1,2,Yes,3,"North America(30%), Southeast Asia(20%), Eastern Asia(20%)",,"Retailer, Wholesaler, Brand business, Manufacturer","sample processing, graphic processing, customized on demand",10,1
"Qingdao Yihua Environmental Protection Co., Ltd.",,"Shandong, China ",5.0,3 reviews,≤3h,100.0%,- orders,-1,-1,,,4050,-1,2,-1,12,Yes,3,"Southeast Asia(50%), Eastern Asia(15%), South America(10%)",,"Retailer, Engineer, Wholesaler, Brand business, For private use, Manufacturer","sample processing, graphic processing, customized on demand",150,10
"Changzhou Becoan Industrial Technology Co., Ltd.",,"Jiangsu, China ",4.0,3 reviews,≤3h,100.0%,- orders,-1,-1,,,1922,-1,4,5450000,10,Yes,6,"Domestic Market(60%), Southeast Asia(10%), North America(10%)",,other|--,"no, sample processing, graphic processing, customized on demand",330,3
"Dongguan Zhonghuan Environmental Protection Technology Co., Ltd.",,"Guangdong, China ",5.0,3 reviews,≤5h,100.0%,- orders,-1,-1,,,7500,-1,1,-1,55,Yes,4,-1,,"Retailer, Engineer, Wholesaler, Brand business, For private use, Manufacturer","light customization, sample processing, graphic processing, customized on demand",-1,4
"Hangzhou Youguan Industrial Co., Ltd.",,"Zhejiang Province, China ",5.0,3 reviews,≤5h,100.0%,108 orders,"US $2,200,000+",-1,,,5828,4722334,2,-1,21,Yes,2,"North America(20%), South America(20%), Central America(20%)",,"Retailer, Engineer, Wholesaler, Brand business, For private use, Manufacturer","sample processing, graphic processing, customized on demand, sample processing, graphic processing, customized on demand",120,3
"Suzhou GI Technology Co., Ltd.",,"Jiangsu, China ",5.0,7 reviews,≤3h,100.0%,63 orders,"US $170,000+",-1,,,29470,-1,28,-1,70,Yes,6,"North America(20%), South Asia(20%), South America(10%)",,"Retailer, Engineer, Wholesaler, Brand business, For private use, Manufacturer","sample processing, graphic processing, customized on demand, sample processing, graphic processing, customized on demand",150,4
"Xi'an Vaner Machinery Co., Ltd.",,"Shaanxi, China ",4.2,40 reviews,≤4h,96.1%,125 orders,"US $660,000+",-1,,,5200,5100000,-1,-1,-1,Yes,3,"North America(18%), Eastern Europe(14%), Central America(11%)",,"Retailer, Wholesaler, Manufacturer","sample processing, graphic processing, customized on demand, sample processing, graphic processing, customized on demand",16,5
"Xi 'an Grand Harvest Equipment Co., Ltd.",,"Shaanxi, China ",3.8,7 reviews,≤3h,100.0%,39 orders,"US $300,000+",-1,,,234,3100000,-1,-1,-1,Yes,1,"North America(15%), Southeast Asia(15%), Mid East(14%)",,"Retailer, Engineer, Wholesaler, Brand business, For private use, Manufacturer","sample processing, graphic processing, customized on demand",32,2
"Baoding Baonan Machinery And Equipment Manufacturing Co., Ltd.",,"Hebei, China ",-1,-1,≤3h,100.0%,- orders,-1,-1,,,7000,-1,1,-1,20,Yes,3,"Oceania(13%), North America(10%), South America(10%)",,"Retailer, Engineer, Wholesaler, Brand business, For private use, Manufacturer","sample processing, graphic processing, customized on demand",20,3
"Gaomi Rongda Machinery Co., Ltd.",,"Shandong, China ",-1,-1,≤6h,100.0%,- orders,-1,-1,,,16668,1200000,-1,-1,-1,Yes,4,"Domestic Market(50%), Mid East(18%), Southeast Asia(9%)",,"Retailer, Brand business, For private use","sample processing, graphic processing, customized on demand",30,2
"Xiantao Topmed Health Products Co., Ltd.",,"Hubei, China ",-1,-1,≤3h,100.0%,- orders,-1,-1,,,5000,-1,6,-1,84,Yes,2,"Western Europe(15%), Northern Europe(15%), Southern Europe(15%)",,"Retailer, Wholesaler, Brand business, For private use, Manufacturer","sample processing, light customization, graphic processing, customized on demand",110,3
"Henan Recycle Environmental Protection Equipment Co., Ltd.",,"Henan, China ",5.0,62 reviews,≤2h,100.0%,71 orders,"US $1,800,000+",-1,,,40200,8180313,40,-1,40,Yes,2,"Eastern Europe(20%), Southeast Asia(20%), North America(15%)",,"Retailer, Engineer, Wholesaler, Brand business, For private use, Manufacturer","no, sample processing, graphic processing, customized on demand",75,10
"Hebei Yuniu Fiberglass Manufacturing Co.,Ltd",,"Hebei, China ",4.6,3 reviews,≤4h,96.8%,55 orders,"US $140,000+",-1,,,2000,2560000,-1,-1,-1,Yes,-1,"Southeast Asia(35%), South America(10%), Africa(10%)",,"Retailer, Engineer, Wholesaler, Manufacturer","sample processing, graphic processing, customized on demand, sample processing, graphic processing, customized on demand",10,5
"Yueqing Leqi Electrical Appliances Co., Ltd.",,"Zhejiang, China ",5.0,5 reviews,≤13h,100.0%,11 orders,"US $10,000+",-1,,,600,-1,1,-1,4,Yes,5,"Eastern Europe(30%), Southeast Asia(15%), North America(10%)",,"Retailer, Engineer, Wholesaler, Brand business, For private use, Manufacturer","sample processing, graphic processing, customized on demand, sample processing, graphic processing, customized on demand",4,3
"Qiankun Environmental Protection Joint Stock Co., Ltd.",,"Henan, China ",5.0,1 reviews,≤10h,100.0%,1 orders,"US $8,000+",-1,,,2237,-1,-1,-1,-1,Yes,1,"Domestic Market(35%), Southeast Asia(23%), Africa(19%)",,"Retailer, Engineer, Wholesaler, Brand business, For private use, Manufacturer","sample processing, graphic processing, customized on demand, sample processing, graphic processing, customized on demand",16,3
"Shanghai Kaisen Environmental Technology Co., Ltd.",,"Shanghai, China ",-1,-1,≤5h,100.0%,- orders,-1,-1,,,8320,-1,-1,500,-1,Yes,2,"Southeast Asia(58%), Eastern Europe(10%), Africa(10%)",,"Retailer, Engineer, Brand business, Manufacturer","sample processing, graphic processing, customized on demand",9,10
"Chongqing Tong Rui Filtration Equipment Manufacturing Co., Ltd.",,"Chongqing, China ",5.0,3 reviews,≤7h,100.0%,24 orders,"US $150,000+",-1,,,1552,1100000,2,415,30,Yes,2,"North America(44%), Northern Europe(15%), Central America(8%)",,"Retailer, Wholesaler, Brand business, For private use, Manufacturer","sample processing, graphic processing, customized on demand",11,5
"Anhui Proliner Pipeline Repair Technology Co., Ltd.",,"Anhui, China ",-1,-1,≤19h,100.0%,- orders,-1,-1,,,26979,-1,6,-1,6,Yes,16,Domestic Market(100%),,"Retailer, Wholesaler, Brand business, Manufacturer","sample processing, graphic processing, customized on demand",60,13
"Hebei Chengda Water Treatment Technology Co., Ltd.",,"Hebei, China ",5.0,2 reviews,≤6h,100.0%,- orders,-1,-1,,,34533,4016962,-1,-1,28,Yes,4,"Mid East(30%), Eastern Europe(20%), South America(20%)",,"Retailer, Engineer, Wholesaler, Brand business, For private use, Manufacturer","sample processing, graphic processing, customized on demand",-1,15
"Guangzhou Gracer Renewable Resources Co., Ltd.",,"Guangdong, China ",4.2,71 reviews,≤8h,100.0%,268 orders,"US $5,500,000+",-1,,,23000,26696780,-1,77200,-1,No,18,"Southeast Asia(70%), South America(12%), North America(8%)",,"Retailer, Wholesaler, Brand business, For private use, Manufacturer",no,0,0
"Sumac Auto Recycling Equipment Co., Ltd.",,"Jiangsu, China ",4.2,9 reviews,≤3h,100.0%,16 orders,"US $60,000+",-1,,,1160,-1,-1,-1,-1,Yes,1,"Oceania(30%), North America(15%), South America(15%)",,"Retailer, Wholesaler, Manufacturer","graphic processing, customized on demand",2,1
"Guangdong Nuopu Environmental Protection Technology Co., Ltd.",,"Guangdong, China ",-1,-1,≤3h,0.0%,- orders,-1,-1,,,10000,-1,2,-1,2,Yes,4,"Domestic Market(50%), Southeast Asia(20%), Africa(20%)",,"Retailer, Engineer, Wholesaler, Brand business, For private use, Manufacturer","sample processing, graphic processing, customized on demand",22,3
"Xinxiang Huayin Renewable Energy Equipment Co., Ltd.",,"Henan, China ",-1,-1,≤7h,100.0%,- orders,-1,-1,,,10256,3094070,1,-1,61,Yes,1,"Africa(15%), Domestic Market(15%), Eastern Europe(10%)",,"Engineer, Manufacturer","light customization, sample processing, graphic processing, customized on demand",3,7
"Qingdao Jinwantong Environmental Science And Technology Co., Ltd.",,"Shandong, China ",-1,-1,≤5h,100.0%,3 orders,"US $50,000+",-1,,,4400,600000,3,-1,34,Yes,2,"Domestic Market(60%), Southeast Asia(15%), Oceania(8%)",,"Retailer, Engineer, Wholesaler, Brand business, For private use, Manufacturer","sample processing, graphic processing, customized on demand",150,3
Guangzhou Hissen International Trade Limited Company,,"Guangdong, China ",4.9,12 reviews,≤5h,100.0%,28 orders,"US $820,000+",-1,,,10328,3597551,-1,280040,-1,Yes,20,"Africa(60%), Southeast Asia(15%), South America(10%)",,"Retailer, Wholesaler, Brand business, For private use, Manufacturer","no, customized on demand, sample processing, graphic processing",500,1
"Shenzhen Hengmao Electronics Co.,ltd.",,"Guangdong, China ",4.7,77 reviews,≤3h,98.5%,380 orders,"US $360,000+",-1,,,3000,-1,3,100000,12,Yes,2,"North America(30%), South America(30%), Eastern Europe(30%)",,"Retailer, Brand business, For private use, Manufacturer","light customization, graphic processing, sample processing, customized on demand, customized on demand",5,1
"Cangzhou Yaqiya Auto Parts Manufacture Co., Ltd.",,"Hebei, China ",4.7,15 reviews,≤2h,98.3%,182 orders,"US $290,000+",-1,,,2000,5320000,2,36011000,11,Yes,1,"North America(18%), South America(16%), Eastern Europe(15%)",,-1,"light customization, sample processing, graphic processing, customized on demand",-1,1
"Ewa (shenzhen) Industrial Co., Ltd.",,"Guangdong, China ",5.0,12 reviews,≤2h,100.0%,- orders,-1,-1,,,1500,-1,3,-1,26,Yes,3,"Eastern Europe(50%), Eastern Asia(30%), North America(10%)",,-1,"customized on demand, graphic processing, sample processing",8,5
"ZheJiang YiLuan Petroleum Machinery Co.,LTD.",,"Zhejiang, China ",4.9,26 reviews,≤1h,100.0%,- orders,-1,-1,,,1400,-1,3,-1,20,Yes,1,"Domestic Market(50%), Southeast Asia(20%), Africa(15%)",,"Retailer, Engineer, Wholesaler, Brand business, For private use, Manufacturer","sample processing, graphic processing, customized on demand",-1,-1
"Jining Lingcheng Automobile Supplies Co., Ltd.",,"Shandong, China ",4.0,51 reviews,≤2h,92.1%,158 orders,"US $70,000+",-1,,,1610,-1,5,-1,50,Yes,10,"Domestic Market(40%), Southeast Asia(16%), South Asia(16%)",,"Retailer, Engineer, Wholesaler, Brand business","sample processing, graphic processing, customized on demand",25,5
"Anhui Wei Ruisi Technology Co., Ltd.",,"Anhui, China ",4.7,116 reviews,≤3h,100.0%,375 orders,"US $480,000+",-1,,,5340,-1,5,-1,17,Yes,3,"North America(50%), Eastern Europe(10%), Western Europe(10%)",,"Retailer, Engineer, Wholesaler, Brand business, For private use, Manufacturer","light customization, graphic processing, customized on demand, sample processing",30,4
"Shenzhen Jingshirui Digital Technology Co., Ltd.",,"Guangdong, China ",4.7,87 reviews,≤4h,98.5%,249 orders,"US $240,000+",-1,,,940,-1,3,-1,38,Yes,2,"Domestic Market(30%), North America(20%), Eastern Europe(20%)",,"Retailer, Engineer, Brand business, For private use","customized on demand, sample processing, graphic processing",10,2
"Shenzhen Top Source Electronics Co., Ltd.",,"Guangdong, China ",4.6,64 reviews,≤3h,100.0%,256 orders,"US $610,000+",-1,,,2922,3000000,7,-1,-1,Yes,2,"North America(30%), Eastern Europe(15%), Southeast Asia(10%)",,"Retailer, Wholesaler, Brand business, For private use, Manufacturer","sample processing, graphic processing, customized on demand, sample processing, graphic processing, customized on demand",-1,4
"Linyi Leiao Rigging Co., Ltd.",,"Shandong, China ",4.7,6 reviews,≤2h,95.0%,- orders,-1,-1,,,3065,-1,10,4070000,24,Yes,2,"Southeast Asia(25%), Africa(23%), Mid East(22%)",,"Retailer, Engineer, Wholesaler, Brand business, For private use, Manufacturer","sample processing, graphic processing, customized on demand",40,0
"Yantai Jintuo Automobile Technology Co., Ltd.",,"Shandong, China ",4.6,14 reviews,≤2h,100.0%,- orders,-1,-1,,,8750,3000000,6,27620,60,Yes,6,"Domestic Market(20%), Eastern Europe(15%), Southeast Asia(15%)",,"Retailer, Engineer, Wholesaler, Brand business, For private use, Manufacturer","customized on demand, sample processing, graphic processing, customized on demand, sample processing, graphic processing",16,13
"Guangdong Chuangxinjia New Energy Technology Co., Ltd.",,"Guangdong, China ",4.7,10 reviews,≤3h,98.9%,- orders,-1,-1,,,18000,-1,10,-1,-1,Yes,10,"North America(25%), South America(25%), Western Europe(15%)",,"Retailer, Engineer, Wholesaler, Brand business, For private use, Manufacturer","sample processing, graphic processing, customized on demand, sample processing, graphic processing, customized on demand",30,30
"Hangzhou Xiangta Auto Parts Co., Ltd.",,"Zhejiang, China ",4.5,116 reviews,≤3h,96.3%,442 orders,"US $240,000+",-1,,,572,-1,1,-1,15,Yes,1,"North America(48%), Domestic Market(17%), Southeast Asia(10%)",,"Wholesaler, Brand business, For private use, Manufacturer","graphic processing, sample processing, graphic processing, customized on demand",210,1
"Guangzhou Jinyaoe Technology Co., Ltd.,",,"Guagndong, China ",4.5,75 reviews,≤5h,98.6%,287 orders,"US $340,000+",-1,,,1220,-1,2,-1,8,Yes,3,"North America(30%), Eastern Europe(20%), Domestic Market(10%)",,"Retailer, Engineer, Wholesaler, Brand business, For private use, Manufacturer","sample processing, graphic processing, customized on demand, sample processing, graphic processing, customized on demand",24,2
"Jiaxing Shuntian Machinery Co., Ltd.",,"Zhejiang, China ",-1,-1,≤10h,100.0%,1 orders,US $100+,-1,,,20000,14550000,4,1682500,52,Yes,7,"North America(30%), South America(25%), Western Europe(15%)",,"Retailer, Wholesaler, Brand business, For private use, Manufacturer","light customization, sample processing, graphic processing, customized on demand",68,5
"Nantong Meiguang Automobile Products Co., Ltd.",,"Jiangsu, China ",3.9,6 reviews,≤4h,100.0%,- orders,-1,-1,,,2144,-1,-1,-1,-1,Yes,1,"Mid East(30%), South America(20%), Southeast Asia(20%)",,"Retailer, Wholesaler, Brand business, For private use, Manufacturer","sample processing, graphic processing, customized on demand",3,1
"Ningbo Zhenhai Bowang Autoparts Co., Ltd.",,"Zhejiang, China ",4.9,18 reviews,≤2h,100.0%,- orders,-1,-1,,,2110,-1,3,6700000,20,Yes,1,"South America(40%), Southeast Asia(30%), Eastern Europe(10%)",,-1,-1,15,2
Shanghai Hifly Industry Company Limited,,"Shanghai, China ",4.8,72 reviews,≤2h,100.0%,316 orders,"US $3,900,000+",-1,,,4663,8270000,3,1000000,12,Yes,6,"North America(40%), Eastern Europe(15%), South America(5%)",,"Retailer, Engineer, Wholesaler, Brand business, For private use, Manufacturer","light customization, sample processing, graphic processing, customized on demand",8,6
"Yongkang Yuhaolang Industry And Trade Co., Ltd.",,"Zhejiang, China ",5.0,4 reviews,≤4h,100.0%,- orders,-1,-1,,,3000,-1,-1,-1,-1,Yes,3,Domestic Market(100%),,"Retailer, Engineer, Wholesaler, Brand business, Manufacturer","sample processing, graphic processing, customized on demand",30,3
"Shenzhen Star Technology Co., Ltd.",,"Guangdong, China ",4.6,113 reviews,≤2h,99.5%,330 orders,"US $120,000+",-1,,,2380,1800000,5,720000,28,Yes,9,"North America(60%), Western Europe(20%), South America(10%)",,"Retailer, Engineer, Wholesaler, Brand business, For private use, Manufacturer","light customization, sample processing, graphic processing, customized on demand",50,6
"Jiangxi Kewei Film New Material Co., Ltd.",,"Jiangxi, China ",-1,-1,≤5h,100.0%,- orders,-1,-1,,,50799,8884400,13,-1,31,Yes,5,"Domestic Market(60%), North America(15%), Mid East(15%)",,"Retailer, Wholesaler","sample processing, graphic processing, customized on demand",10,10
"Shenzhen Leagend Optoelectronics Co., Ltd.",,"Guangdong, China ",4.1,16 reviews,≤3h,95.7%,78 orders,"US $110,000+",-1,,,2473,2650000,3,-1,13,Yes,2,"Oceania(30%), Western Europe(20%), Northern Europe(20%)",,"Retailer, Wholesaler, Brand business, For private use, Manufacturer","sample processing, graphic processing, customized on demand",-1,20
"Zhongshan Best Crafts Co., Ltd.",,"Guangdong, China ",4.9,70 reviews,≤2h,100.0%,- orders,-1,-1,,,1800,3000000,9,-1,61,Yes,6,"North America(80%), Western Europe(10%), Oceania(5%)",,"Retailer, Wholesaler, For private use, Manufacturer","light customization, sample processing, graphic processing, customized on demand",6300,9
"Longgang Chembo Industrial Co., Ltd.",,"Zhejiang, China ",4.4,23 reviews,≤7h,85.5%,122 orders,"US $100,000+",-1,,,1396,-1,-1,-1,-1,Yes,1,"North America(40%), Domestic Market(30%), South America(5%)",,"Retailer, Engineer, Wholesaler, Brand business, For private use, Manufacturer","light customization, sample processing, graphic processing, customized on demand",-1,2
"Guangzhou Karjoys Auto Equipment Co., Ltd.",,"Guangdong, China ",4.5,32 reviews,≤3h,100.0%,266 orders,"US $250,000+",-1,,,1000,-1,3,36500,25,Yes,1,"Domestic Market(20%), North America(15%), Southeast Asia(15%)",,-1,"light customization, sample processing, graphic processing, customized on demand, customized on demand, graphic processing, sample processing",16,2
"Yuyao Xinyibang Auto Accessories Co., Ltd.",,"Zhejiang, China ",4.9,9 reviews,≤9h,100.0%,26 orders,"US $100,000+",-1,,,4500,-1,5,-1,15,Yes,1,"Southeast Asia(25%), North America(20%), Western Europe(20%)",,"Retailer, Engineer, Wholesaler, Brand business, For private use, Manufacturer","sample processing, graphic processing, customized on demand",11,1
"Guangzhou Sun Vision New Material Co., Ltd.",,"Guangdong, China ",4.8,80 reviews,≤2h,99.5%,391 orders,"US $340,000+",-1,,,3110,-1,3,-1,8,Yes,6,"Southeast Asia(25%), Mid East(20%), South America(15%)",,"Retailer, Engineer, Wholesaler, Brand business, For private use, Manufacturer","sample processing, graphic processing, customized on demand, sample processing, graphic processing, customized on demand",300,9
"Xianxian Zhongtu Hardware Tools Co., Ltd.",,"Hebei, China ",4.6,18 reviews,≤8h,100.0%,93 orders,"US $30,000+",-1,,,5000,2750000,2,200000,50,Yes,2,"South America(40%), Western Europe(40%), Domestic Market(4%)",,"Retailer, Engineer, Wholesaler, Brand business, For private use, Manufacturer","sample processing, graphic processing, customized on demand",10,-1
Shenzhen Jinmeiyi Technology Company Limited,,"Guangdong, China ",4.8,22 reviews,≤2h,100.0%,- orders,-1,-1,,,1500,2500000,-1,-1,-1,Yes,5,"Eastern Asia(40%), North America(30%), Western Europe(22%)",,"Retailer, Engineer, Wholesaler, Brand business, For private use, Manufacturer","sample processing, graphic processing, customized on demand, sample processing, graphic processing, customized on demand",20,5
"Yiwu Jutien Commodity Co., Ltd.",,"Zhejiang, China ",4.6,31 reviews,≤2h,97.9%,189 orders,"US $170,000+",-1,,,400,-1,1,-1,1,Yes,2,"North America(65%), Western Europe(10%), Northern Europe(10%)",,"Retailer, Wholesaler, Brand business","sample processing, graphic processing, customized on demand, sample processing, graphic processing, customized on demand",20,1
"Linyi Huayang Auto Accessories Co., Ltd.",,"Shandong, China ",4.8,17 reviews,≤3h,100.0%,127 orders,"US $1,000,000+",-1,,,1518,3000000,5,-1,28,Yes,2,"Southeast Asia(25%), North America(20%), South America(15%)",,"Retailer, Engineer, Wholesaler, Brand business","sample processing, graphic processing, customized on demand",5,2
"Jiangxi Tenghui Knitting Elastic Mesh Co., Ltd.",,"Jiangxi Province, China ",-1,-1,≤2h,100.0%,- orders,-1,-1,,,4550,-1,-1,-1,-1,Yes,3,-1,,-1,"sample processing, graphic processing, customized on demand",-1,1
"Zhejiang Qixuan Electric Technology Co., Ltd.",,"Zhejiang, China ",4.8,4 reviews,≤6h,100.0%,42 orders,"US $1,200,000+",-1,,,8544,-1,2,-1,-1,Yes,7,"Western Europe(28%), Domestic Market(15%), North America(12%)",,"Retailer, Engineer, Wholesaler, Brand business, For private use, Manufacturer","sample processing, graphic processing, customized on demand",7,3
"Shenzhen Shengpintong Technology Co., Ltd.",,"Guangdong, China ",4.7,56 reviews,≤3h,100.0%,282 orders,"US $440,000+",-1,,,2600,-1,2,-1,6,Yes,2,"North America(25%), South America(20%), Eastern Europe(10%)",,"Retailer, Engineer, Wholesaler, Brand business, For private use, Manufacturer","sample processing, graphic processing, customized on demand, customized on demand, graphic processing",10,1
"Xuzhou Han Nuowei Mechanical Electric Equipment Co., Ltd.",,"Jiangsu, China ",4.8,70 reviews,≤6h,99.2%,240 orders,"US $2,800,000+",-1,,,2222,4879175,-1,-1,-1,Yes,2,"Southeast Asia(20%), Mid East(20%), South Asia(20%)",,"Retailer, Engineer, Wholesaler, Brand business, For private use, Manufacturer","light customization, sample processing, graphic processing, customized on demand, light customization, sample processing, graphic processing, customized on demand",12,4
"Ningbo Mingou Cleaning Equipment Co., Ltd.",,"Zhejiang, China ",4.5,17 reviews,≤5h,90.7%,87 orders,"US $210,000+",-1,,,4600,1760000,5,-1,15,Yes,2,"Domestic Market(40%), Southeast Asia(20%), North America(10%)",,"Retailer, Wholesaler, Brand business, For private use, Manufacturer","light customization, graphic processing, customized on demand, sample processing, light customization, sample processing, graphic processing, customized on demand",24,3
"Cangzhou Xinya Wheel Blalance Weight Co.,Ltd",,"Hebei, China ",4.5,4 reviews,≤5h,100.0%,- orders,-1,-1,,,15500,-1,5,73000,35,Yes,2,"Southern Europe(29%), Eastern Asia(29%), North America(20%)",,-1,"light customization, sample processing, graphic processing",-1,0
"STC CAR AUDIO CO.,LTD",,"Guangdong, China ",4.7,14 reviews,≤7h,100.0%,- orders,-1,-1,,,4500,8938844,3,-1,69,Yes,10,"Southern Europe(40%), North America(10%), Eastern Europe(10%)",,"Retailer, Engineer, Wholesaler, Brand business, For private use, Manufacturer","sample processing, graphic processing, customized on demand",30,6
Zhejiang Altertool Technology Inc.,,"Zhejiang, China ",5.0,5 reviews,≤3h,100.0%,- orders,-1,-1,,,1203,1048768,-1,-1,18,Yes,4,"Eastern Europe(32%), Western Europe(32%), South America(21%)",,"Retailer, Engineer, Wholesaler, Brand business, For private use, Manufacturer","sample processing, graphic processing, customized on demand, sample processing, graphic processing, customized on demand",50,3
"Autoline International Trading Co., Ltd.",,"Zhejiang, China ",4.6,31 reviews,≤3h,100.0%,158 orders,"US $220,000+",-1,,,9749,7178338,7,-1,-1,Yes,5,"North America(40%), Western Europe(20%), Eastern Europe(10%)",,"Retailer, Engineer, Wholesaler, Brand business, For private use, Manufacturer","sample processing, graphic processing, customized on demand, sample processing, graphic processing, customized on demand",55,2
"Yongkang Fuou Industry & Trade Co., Ltd.",,"Zhejiang, China ",4.3,16 reviews,≤3h,100.0%,87 orders,"US $170,000+",-1,,,5000,-1,2,114500,11,Yes,2,"Domestic Market(85%), North America(5%), Southeast Asia(2%)",,"Retailer, Brand business, For private use","sample processing, graphic processing, customized on demand",10,1
"Shenzhen Mekede Technology Co., Ltd.",,"Guangdong, China ",4.7,176 reviews,≤4h,99.5%,418 orders,"US $430,000+",-1,,,3650,-1,2,400000,8,Yes,12,"Eastern Europe(20%), North America(15%), South America(10%)",,"Retailer, Engineer, Wholesaler, Brand business, For private use, Manufacturer","light customization, customized on demand, sample processing, graphic processing",200,16
"Linyi Yiqun Packaging Products Co., Ltd",,"Shandong, China ",5.0,20 reviews,≤3h,100.0%,14 orders,"US $1,600,000+",-1,,,118255,14200000,30,-1,100,Yes,11,"Domestic Market(49%), Western Europe(12%), North America(11%)",,"Retailer, Engineer, Wholesaler, Brand business","sample processing, graphic processing, customized on demand",35,22
"Guangzhou Zhengmao Printing Co., Ltd.",,"Guangdong, China ",4.1,12 reviews,≤4h,85.4%,78 orders,"US $40,000+",-1,,,1670,-1,2,-1,8,Yes,1,"Domestic Market(35%), North America(20%), Oceania(10%)",,-1,"sample processing, graphic processing, customized on demand",150,2
"Huizhou Boyue Auto Parts Manufacturing Co., Ltd.",,"Guangdong, China ",4.5,47 reviews,≤3h,99.8%,855 orders,"US $1,300,000+",-1,,,41700,-1,8,-1,97,Yes,20,"South America(35%), North America(20%), Southeast Asia(20%)",,"Retailer, Engineer, Wholesaler, Brand business, For private use, Manufacturer","sample processing, graphic processing, customized on demand",300,17
"Shenzhen Nuoda Ark Electronic Technology Co., Ltd.",,"Guangdong, China ",4.9,63 reviews,≤2h,100.0%,221 orders,"US $520,000+",-1,,,2000,-1,5,450000,-1,Yes,5,-1,,"Retailer, Wholesaler, Brand business, For private use","light customization, customized on demand, sample processing, graphic processing",10,3
"Liaocheng Jiuyun Import & Export Co., Ltd.",,"Shandong, China ",4.4,9 reviews,≤5h,100.0%,- orders,-1,-1,,,3200,1650000,10,-1,53,Yes,3,"Southeast Asia(30%), Africa(22%), Mid East(20%)",,"Retailer, Engineer, Wholesaler, Brand business, For private use, Manufacturer","sample processing, graphic processing, customized on demand, sample processing, graphic processing, customized on demand",45,3
Suzhou Freedom Gifts Limited,,"Jiangsu, China ",4.9,37 reviews,≤3h,97.5%,333 orders,"US $1,500,000+",-1,,,1950,-1,3,1520000,32,Yes,6,"North America(14%), South America(13%), Eastern Europe(10%)",,"Retailer, Wholesaler, For private use, Brand business, Manufacturer","light customization, customized on demand, graphic processing, sample processing, light customization, sample processing, graphic processing, customized on demand",275,5
"Shenzhen Yishunlong Technology Co., Ltd.",,"Guangdong, China ",4.7,76 reviews,≤5h,97.6%,406 orders,"US $350,000+",-1,,,1417,1500000,6,870000,30,Yes,6,"Domestic Market(30%), South America(15%), Western Europe(15%)",,"Retailer, Engineer, Wholesaler, Brand business, For private use, Manufacturer","light customization, sample processing, graphic processing, customized on demand",20,6
"Linyi Shengjian Industry & Trade Co., Ltd.",,"Shandong, China ",-1,-1,≤2h,100.0%,- orders,-1,-1,,,50000,-1,20,215000000,21,Yes,5,"Africa(80%), Eastern Europe(10%), South Asia(10%)",,"Retailer, Wholesaler, Brand business, For private use","sample processing, graphic processing, customized on demand",320,5
"Ningbo Sunnuo Houseware Products Co.,Ltd",,"Zhejiang, China ",-1,-1,≤3h,100.0%,- orders,-1,-1,,,1900,-1,-1,-1,-1,Yes,4,-1,,"Retailer, Engineer, Wholesaler, Brand business, For private use, Manufacturer","sample processing, graphic processing, customized on demand, sample processing, graphic processing, customized on demand",140,7
"Guangzhou Liangdian Automotive Supplies Co., Ltd.",,"Guangdong, China ",4.8,25 reviews,≤2h,96.4%,222 orders,"US $160,000+",-1,,,2430,-1,7,-1,18,Yes,1,"Domestic Market(36%), Southeast Asia(8%), Western Europe(8%)",,"Retailer, Engineer, Wholesaler, Brand business, For private use, Manufacturer","sample processing, graphic processing, customized on demand, sample processing, graphic processing, customized on demand",1100,3
"Shenzhen Mekede Technology Co., Ltd.",,"Guangdong, China ",4.6,389 reviews,≤6h,99.5%,1594 orders,"US $2,800,000+",-1,,,3685,9482229,2,-1,16,Yes,4,"Eastern Europe(20%), North America(15%), South America(10%)",,"Retailer, Engineer, Wholesaler, Brand business, For private use, Manufacturer","light customization, sample processing, graphic processing, customized on demand",200,12
"Changzhou Haosheng Vehicles Parts Co., Ltd.",,"Jiangsu, China ",4.9,45 reviews,≤2h,99.5%,- orders,-1,-1,,,11000,-1,1,725000,24,Yes,5,"Mid East(36%), North America(26%), Southeast Asia(16%)",,"Retailer, Engineer, Wholesaler, Brand business, For private use, Manufacturer","light customization, sample processing, graphic processing, customized on demand",360,5
Dongguan Power Eagle Lubricant Technology Ltd.,,"Guangdong, China ",4.8,47 reviews,≤8h,100.0%,101 orders,"US $1,100,000+",-1,,,1400,-1,1,-1,6,Yes,2,"Africa(30%), Southeast Asia(20%), Eastern Asia(15%)",,"Retailer, Engineer, Wholesaler, Brand business, For private use, Manufacturer","sample processing, graphic processing, customized on demand, sample processing, graphic processing, customized on demand",150,3
"Guangdong Yup New Material Technology Co., Ltd.",,"Guangdong, China ",4.9,10 reviews,≤4h,84.6%,- orders,-1,-1,,,6679,-1,-1,3146000,-1,Yes,2,"Domestic Market(45%), North America(10%), Mid East(10%)",,"Retailer, Engineer, Wholesaler, Brand business, For private use, Manufacturer","sample processing, graphic processing, customized on demand",-1,3
"Cangnan Jared Crafts Co., Ltd.",,"Zhejiang, China ",4.7,5 reviews,≤16h,71.4%,23 orders,"US $20,000+",-1,,,900,74283,-1,-1,-1,Yes,1,"Western Europe(25%), North America(15%), South America(15%)",,"Retailer, Wholesaler, Brand business, Manufacturer","sample processing, graphic processing, customized on demand",-1,1
"Shenzhen Siruida Electronics Co., Ltd.",,"Guangdong, China ",4.4,75 reviews,≤4h,97.2%,156 orders,"US $80,000+",-1,,,1500,-1,2,-1,-1,Yes,3,"North America(15%), Eastern Europe(15%), Southeast Asia(15%)",,"Retailer, Engineer, Wholesaler, Brand business, For private use, Manufacturer","light customization, sample processing, graphic processing, customized on demand",100,4
"Shenzhen BHNEW Technology CO.,LTD",,"Guangdong, China ",4.7,93 reviews,≤3h,100.0%,361 orders,"US $240,000+",-1,,,550,-1,2,30000,18,Yes,3,"Mid East(30%), North America(21%), South America(6%)",,-1,"light customization, sample processing, graphic processing, customized on demand",150,2
"Neihuang County Hangyu Auto Parts Co., Ltd.",,"Henan, China ",4.0,19 reviews,≤3h,100.0%,- orders,-1,-1,,,4300,-1,3,65000,-1,Yes,2,-1,,"Retailer, Wholesaler, Brand business, For private use","sample processing, graphic processing, customized on demand",20,3
"Xingtai Refined Machinery And Auto Accessory Co., Ltd.",,"Hebei, China ",4.9,30 reviews,≤4h,98.2%,119 orders,"US $90,000+",-1,,,2000,-1,12,150000,-1,Yes,1,"Mid East(30%), Domestic Market(15%), North America(10%)",,"Retailer, Wholesaler, Brand business, For private use, Manufacturer","sample processing, graphic processing, customized on demand",-1,1
"Guangzhou Bestop Technology Co., Ltd",,"Guangdong, China ",4.6,27 reviews,≤3h,100.0%,- orders,-1,-1,,,6080,-1,8,350000,40,Yes,3,"Mid East(37%), Southeast Asia(34%), North America(6%)",,"Retailer, Wholesaler, Brand business, For private use, Manufacturer","no, customized on demand",35,2
"Shenzhen AUTOOL Technology Co., Ltd.",,"Guangdong, China ",4.8,59 reviews,≤4h,99.7%,570 orders,"US $1,000,000+",-1,,,2176,3259678,4,530000,24,Yes,1,"North America(15%), South America(10%), Mid East(10%)",,"Retailer, Engineer, Wholesaler, Brand business, For private use, Manufacturer","light customization, sample processing, graphic processing, customized on demand, light customization, sample processing, graphic processing, customized on demand",27,13
"Yancheng Hengfeng Sponge Co., Ltd.",,"Jiangsu, China ",5.0,9 reviews,≤6h,80.0%,58 orders,"US $240,000+",-1,,,67000,-1,4,-1,57,Yes,18,"Domestic Market(50%), Eastern Asia(20%), North America(8%)",,"Retailer, Wholesaler, Brand business, For private use","customized on demand, light customization, sample processing, graphic processing",20,4
"Zhejiang Benke Auto Parts Co.,Ltd.",,"Zhejiang, China ",4.8,79 reviews,≤3h,99.2%,258 orders,"US $140,000+",-1,,,40000,-1,5,-1,52,Yes,4,"Domestic Market(50%), Western Europe(13%), South America(6%)",,"Retailer, Wholesaler, Brand business, Manufacturer","sample processing, graphic processing, customized on demand",500,12
"Zhejiang Bingxin Electric Appliance Co., LTD",,"Zhejiang, China ",5.0,1 reviews,≤3h,100.0%,- orders,-1,-1,,,4133,-1,-1,-1,-1,Yes,4,"Domestic Market(25%), Oceania(10%), Mid East(10%)",,"Retailer, Engineer, Wholesaler, Brand business, For private use, Manufacturer","sample processing, graphic processing, customized on demand",5,2
"Jiangyin Yinghuameng Houseware Co., Ltd.",,"Jiangsu, China ",4.9,18 reviews,≤3h,94.4%,185 orders,"US $1,100,000+",-1,,,10000,-1,7,11500000,19,Yes,3,"North America(30%), Western Europe(20%), Southeast Asia(15%)",,"Retailer, Wholesaler, Brand business, For private use","light customization, sample processing, graphic processing, customized on demand",50,2
"Dongguan Saibang Carbon Fiber Products Technology Co., Ltd.",,"Guangdong, China ",4.8,30 reviews,≤2h,95.0%,303 orders,"US $380,000+",-1,,,2200,-1,5,-1,8,Yes,2,"North America(40%), Western Europe(25%), Eastern Europe(5%)",,"Retailer, Wholesaler, Brand business, For private use, Manufacturer","sample processing, graphic processing, customized on demand",80,2
"Guangzhou Deliang Auto Technology Co., Ltd.",,"Guangdong, China ",4.8,74 reviews,≤7h,99.2%,254 orders,"US $140,000+",-1,,,2310,1700000,-1,-1,-1,Yes,7,"Oceania(25%), South America(13%), Eastern Europe(10%)",,"Retailer, Engineer, Wholesaler, Brand business, For private use, Manufacturer","light customization, sample processing, graphic processing, customized on demand, light customization, sample processing, graphic processing, customized on demand",-1,3
"Zhejiang Shengye Traffic Sign Co., Ltd.",,"Zhejiang, China ",4.9,9 reviews,≤6h,87.5%,26 orders,"US $10,000+",-1,,,12529,-1,-1,-1,-1,Yes,2,"North America(25%), South Asia(20%), Domestic Market(20%)",,-1,"light customization, sample processing, graphic processing, customized on demand",8,2
"Changzhou Maofa Vehicle Accessories Co., Ltd.",,"Jiangsu, China ",3.8,3 reviews,≤17h,100.0%,- orders,-1,-1,,,3929,-1,7,-1,7,Yes,1,"North America(30%), Western Europe(19%), Southeast Asia(15%)",,"Retailer, Engineer, Wholesaler, Brand business","sample processing, graphic processing, customized on demand",30,1
"Lindon Co., Ltd.",,"Guangxi, China ",4.8,2 reviews,≤4h,100.0%,- orders,-1,-1,,,21200,-1,8,-1,21,Yes,11,"North America(30%), Western Europe(30%), South America(10%)",,"Retailer, Wholesaler, Brand business, For private use, Manufacturer","light customization, sample processing, graphic processing, customized on demand, light customization, sample processing, graphic processing, customized on demand",210,6
"Guangdong Weiwu Industrial Co., Ltd.",,"Guangdong, China ",-1,-1,≤1h,100.0%,15 orders,"US $5,000+",-1,,,17000,0,5,10120000,0,Yes,2,Domestic Market(100%),,"Retailer, Engineer, Wholesaler, Brand business, For private use, Manufacturer","sample processing, graphic processing, customized on demand",4,2
"Xinxiang Jinda Reflective Products Co., Ltd.",,"Henan, China ",4.7,71 reviews,≤2h,94.1%,- orders,-1,-1,,,782,-1,2,-1,20,No,2,"North America(35%), Africa(15%), Mid East(15%)",,"Retailer, Engineer, Wholesaler, Brand business, For private use, Manufacturer","no, customized on demand",-1,0
"Changzhou Jiean Traffic Facilities Co., Ltd",,"Jiangsu, China ",-1,-1,≤2h,100.0%,- orders,-1,-1,,,3800,-1,4,-1,17,-1,1,-1,,"Retailer, Wholesaler, For private use","sample processing, graphic processing, customized on demand",10,2
"Shenyang Gudeyang Sewing Co., Ltd.",,"Liaoning, China ",5.0,8 reviews,≤1h,96.3%,37 orders,"US $10,000+",-1,,,2259,-1,5,-1,104,Yes,6,"Domestic Market(91%), Eastern Asia(9%)",,"Retailer, Wholesaler, Brand business, For private use, Manufacturer","sample processing, graphic processing, customized on demand, no",60,2
"Taizhou Harbor Security Technology Co., Ltd.",,"Jiangsu, China ",4.8,61 reviews,≤2h,100.0%,- orders,-1,-1,,,3000,0,-1,-1,-1,Yes,1,"North America(70%), Western Europe(8%), Domestic Market(7%)",,"Retailer, Engineer, Wholesaler, Brand business, For private use, Manufacturer","sample processing, graphic processing, customized on demand",20,1
"Yongkang Wanxiao Industry & Trade Co., Ltd.",,"Zhejiang, China ",4.6,18 reviews,≤2h,100.0%,96 orders,"US $900,000+",-1,,,3080,-1,-1,7300000,-1,Yes,2,"Western Europe(40%), Mid East(20%), South America(15%)",,"Retailer, Engineer, For private use, Manufacturer","light customization, sample processing, graphic processing, customized on demand",20,2
"Shenzhen Bluetac Industrial Technology Co., Ltd.",,"Guangdong, China ",4.9,32 reviews,≤3h,89.8%,135 orders,"US $200,000+",-1,,,2000,-1,-1,-1,-1,Yes,3,"North America(60%), Southeast Asia(20%), Western Europe(10%)",,"Retailer, Wholesaler, Brand business, Manufacturer","sample processing, graphic processing, customized on demand, sample processing, graphic processing, customized on demand",50,4
Dongtai Chaowei Lifesaving Equipment Factory,,"Jiangsu, China ",4.8,76 reviews,≤3h,96.7%,- orders,-1,-1,,,6000,6035700,2,-1,43,Yes,4,"Domestic Market(35%), North America(25%), Western Europe(10%)",,"Retailer, Engineer, Wholesaler, Brand business, For private use, Manufacturer","sample processing, graphic processing, customized on demand",50,6
"Suzhou Mancai Transportation Technology Co., Ltd.",,"Jiangsu, China ",4.9,15 reviews,≤4h,83.3%,45 orders,"US $30,000+",-1,,,1000,-1,2,-1,2,Yes,1,"Domestic Market(50%), North America(10%), South America(8%)",,"Engineer, Wholesaler, Brand business, Manufacturer","light customization, sample processing, graphic processing, customized on demand",16,1
"Chengdu Xinzhonglian Traffic Facilities Co., Ltd.",,"Sichuan, China ",-1,-1,≤1h,100.0%,- orders,-1,-1,,,35168,-1,1,-1,32,Yes,1,"Domestic Market(90%), Eastern Asia(5%), North America(2%)",,"Retailer, Wholesaler, Brand business","customized on demand, graphic processing, sample processing",-1,1
"Jiangsu Mingchen Fire Equipment Co., Ltd.",,"Jiangsu, China ",4.8,50 reviews,≤2h,96.8%,94 orders,"US $250,000+",-1,,,2070,-1,1,2550000,25,Yes,3,"North America(33%), Domestic Market(30%), Western Europe(12%)",,"Retailer, Engineer, Wholesaler, Brand business, For private use, Manufacturer","light customization, sample processing, graphic processing, customized on demand, no",10,1
"Zhejiang Haichuan Security Supplies Co., Ltd.",,"Zhejiang, China ",5.0,10 reviews,≤5h,100.0%,58 orders,"US $50,000+",-1,,,20553,-1,3,18000000,51,Yes,10,"Domestic Market(90%), North America(4%), South America(1%)",,"For private use, Manufacturer","light customization, sample processing, graphic processing, customized on demand",15,3
"Nantong Weston Glove Co., Ltd.",,"Jiangsu, China ",4.9,15 reviews,≤2h,94.9%,- orders,-1,-1,,,3100,528571,2,-1,366,Yes,2,"Western Europe(40%), South America(30%), Eastern Asia(30%)",,"Retailer, Engineer, Wholesaler, Brand business, For private use, Manufacturer","sample processing, graphic processing, customized on demand, no",80,2
"Zhejiang Lanxiang Reflective Materials Co., Ltd.",,"Zhejiang, China ",-1,-1,≤5h,71.4%,- orders,-1,-1,,,2000,-1,-1,-1,-1,Yes,4,"Western Europe(45%), North America(40%), Oceania(10%)",,"Retailer, Engineer, Wholesaler, Brand business, Manufacturer","light customization, sample processing, graphic processing, customized on demand",-1,1
Beijing Wistron Technology Limited,,"Beijing, China ",4.9,23 reviews,≤2h,100.0%,99 orders,"US $230,000+",-1,,,1137,-1,-1,250000,-1,Yes,1,"Southeast Asia(39%), North America(31%), South America(11%)",,"Retailer, Engineer, Wholesaler, Brand business, For private use, Manufacturer","light customization, sample processing, graphic processing, customized on demand, light customization, sample processing, graphic processing, customized on demand",-1,2
"Jiangsu Wanji Emulsion Co., Ltd",,"Jiangsu, China ",5.0,3 reviews,≤6h,100.0%,11 orders,"US $2,000+",-1,,,74055,-1,4,-1,19,Yes,5,"Eastern Europe(25%), Mid East(25%), South America(10%)",,"Retailer, Wholesaler, Brand business, For private use, Manufacturer","sample processing, graphic processing",-1,3
"Fuzhou Moons Reflection Co., Ltd.",,"Fujian, China ",4.8,23 reviews,≤2h,93.9%,138 orders,"US $150,000+",-1,,,2920,1200000,1,68000,11,Yes,1,"North America(45%), South America(15%), Oceania(15%)",,"Retailer, Engineer, Wholesaler, For private use, Brand business, Manufacturer","customized on demand, graphic processing, sample processing",10,4
Guangzhou Gaf Outdoor Products Limited,,"Guangdong, China ",4.8,39 reviews,≤1h,100.0%,204 orders,"US $420,000+",-1,,,3300,-1,1,1200000,29,Yes,5,"North America(35%), Eastern Europe(35%), Western Europe(25%)",,"Retailer, Engineer, Wholesaler, Brand business, For private use","customized on demand, graphic processing, sample processing, light customization, light customization",108,6
"Beijing Roadsafe Technology Co., Ltd.",,"Beijing, China ",4.7,31 reviews,≤2h,99.0%,187 orders,"US $1,600,000+",-1,,,1640,4000000,-1,-1,-1,Yes,3,"South America(20%), North America(10%), Africa(10%)",,"Retailer, Engineer, Wholesaler, Brand business, For private use, Manufacturer","sample processing, graphic processing, customized on demand, sample processing, graphic processing, customized on demand",55,3
"Shanghai Langfeng Industrial Co., Ltd.",,"Shanghai, China ",4.7,11 reviews,≤4h,97.8%,80 orders,"US $1,500,000+",-1,,,2973,-1,2,1100000,2,Yes,2,"Mid East(25%), Africa(20%), Southeast Asia(15%)",,"Retailer, Engineer, Wholesaler, Brand business, For private use, Manufacturer","sample processing, graphic processing, customized on demand, sample processing, graphic processing, customized on demand",90,2
"Fujian Minshan Fire Hose Co., Ltd.",,"Fujian, China ",-1,-1,≤6h,100.0%,- orders,-1,-1,,,6100,-1,2,-1,88,Yes,1,"Mid East(40%), Southeast Asia(30%), Eastern Europe(15%)",,-1,"customized on demand, sample processing, customized on demand, graphic processing, sample processing",-1,3
"Taizhou Guotai Safety Equipment Manufacturing Co., Ltd.",,"Zhejiang, China ",5.0,4 reviews,≤3h,85.7%,13 orders,"US $10,000+",-1,,,6000,-1,-1,-1,-1,Yes,2,"Mid East(40%), North America(20%), Western Europe(15%)",,"Retailer, Engineer, Wholesaler, Brand business, For private use, Manufacturer","sample processing, graphic processing, customized on demand",-1,2
Henan Huayi Glove Company Ltd.,,"Henan, China ",4.9,54 reviews,≤2h,98.3%,261 orders,"US $980,000+",-1,,,6500,2196309,-1,-1,-1,Yes,2,"South America(25%), North America(15%), Central America(10%)",,"Retailer, Wholesaler, Brand business, Manufacturer","customized on demand, graphic processing, light customization, sample processing, graphic processing",-1,3
"Ningbo Welwork Ppe Co., Ltd.",,"Zhejiang, China ",5.0,2 reviews,≤3h,90.9%,16 orders,"US $320,000+",-1,,,26300,-1,5,4500000,5,Yes,4,"South America(26%), Africa(23%), Oceania(21%)",,"Retailer, Wholesaler, Brand business, Manufacturer","light customization, graphic processing, sample processing, customized on demand, customized on demand, graphic processing, sample processing",119,3
"Dongguan Flysun Sports Co., Ltd.",,"Guangdong, China ",4.7,107 reviews,≤2h,96.7%,366 orders,"US $560,000+",-1,,,2800,1255000,5,-1,60,Yes,4,"North America(72%), Southeast Asia(5%), Western Europe(5%)",,"Retailer, Engineer, Wholesaler, Brand business, For private use, Manufacturer","sample processing, graphic processing, customized on demand, sample processing, graphic processing, customized on demand",150,3
"Suzhou Dreamcolor Textile Co., Ltd.",,"Jiangsu, China ",4.3,165 reviews,≤5h,95.8%,763 orders,"US $200,000+",-1,,,640,-1,-1,-1,-1,Yes,1,"North America(30%), Western Europe(30%), Oceania(10%)",,"Retailer, Engineer, Wholesaler, Brand business, For private use, Manufacturer","light customization, sample processing, graphic processing, customized on demand",400,1
"Taizhou Xipeng Traffic Facilities Co., Ltd.",,"Zhejiang, China ",4.9,9 reviews,≤2h,100.0%,46 orders,"US $40,000+",-1,,,4731,1183600,-1,-1,-1,Yes,2,"North America(20%), South America(15%), Southeast Asia(15%)",,"Retailer, Engineer, Wholesaler, Brand business, For private use, Manufacturer","sample processing, graphic processing, customized on demand",-1,2
"SHIJIAZHUANG GONGLUE COMMERCE AND TRADE CO., LTD.",,"Hebei, China ",4.5,34 reviews,≤6h,99.1%,203 orders,"US $170,000+",-1,,,21200,3100000,-1,-1,-1,Yes,7,"Domestic Market(21%), North America(16%), Southeast Asia(10%)",,"Retailer, Engineer, Wholesaler, Brand business, For private use","sample processing, graphic processing, sample processing, graphic processing, customized on demand",68,7
"Shijiazhuang Runlei Labour Protection Supplies Co., Ltd.",,"Hebei, China ",4.4,13 reviews,≤7h,94.8%,137 orders,"US $480,000+",-1,,,717,4000000,4,600000,28,Yes,2,"North America(50%), Western Europe(11%), Domestic Market(9%)",,"Retailer, Engineer, Wholesaler, Brand business, For private use","light customization, sample processing, graphic processing, customized on demand, light customization, sample processing, customized on demand, graphic processing",200,2
"Xiamen Zhen Tu Construction Engineering Co., Ltd.",,"Fujian, China ",4.6,28 reviews,≤9h,82.5%,- orders,-1,-1,,,337,-1,1,-1,10,Yes,1,"Domestic Market(75%), North America(10%), Western Europe(8%)",,-1,"sample processing, graphic processing, light customization, graphic processing, customized on demand, sample processing",15,1
"Shandong iboate security technology co., ltd",,"shangdong, China ",4.7,17 reviews,≤2h,100.0%,- orders,-1,-1,,,179,-1,-1,-1,-1,Yes,0,-1,,"Retailer, Engineer, Wholesaler, Brand business, For private use, Manufacturer","no, sample processing, graphic processing, customized on demand",-1,0
"Foshan Youguang Reflective Material Co., Ltd.",,"Guangdong, China ",5.0,7 reviews,≤2h,100.0%,48 orders,"US $20,000+",-1,,,2968,-1,-1,-1,-1,Yes,1,"Eastern Europe(42%), South America(28%), North America(15%)",,"Retailer, Wholesaler, Brand business, For private use, Manufacturer","sample processing, graphic processing, customized on demand",100,1
"Hunan Yakeda Equipment Co., Ltd.",,"Hunan, China ",4.4,44 reviews,≤2h,100.0%,166 orders,"US $80,000+",-1,,,22368,1380000,5,-1,270,Yes,6,"Domestic Market(40%), North America(30%), Western Europe(6%)",,"Retailer, Wholesaler, Brand business","light customization, sample processing, graphic processing, customized on demand",24,4
"Gunflower Industrial Co., Ltd.",,"Guangdong, China ",4.9,40 reviews,≤6h,97.2%,144 orders,"US $130,000+",-1,,,3300,-1,5,11750000,-1,Yes,2,"North America(66%), South America(10%), Africa(5%)",,"Retailer, Engineer, Wholesaler, Brand business, For private use, Manufacturer","light customization, customized on demand, sample processing, graphic processing",350,29
"Dongguan Cheng Wei Reflective Material Co., Ltd.",,"Guangdong, China ",4.8,33 reviews,≤2h,100.0%,170 orders,"US $240,000+",-1,,,1238,-1,10,1000000,25,Yes,2,"Western Europe(30%), Southeast Asia(16%), Eastern Europe(15%)",,"Retailer, Engineer, Wholesaler, Brand business, For private use, Manufacturer","light customization, sample processing, graphic processing, customized on demand, sample processing",5,1
"Jiaxing Liying Package Co., Ltd.",,"Zhejiang, China ",4.3,1 reviews,≤4h,100.0%,8 orders,"US $30,000+",-1,,,1200,-1,1,-1,3,-1,1,"Domestic Market(50%), Southeast Asia(20%), Mid East(15%)",,"Retailer, Engineer, Wholesaler, Brand business, For private use, Manufacturer","no, sample processing, graphic processing, customized on demand",0,0
"Taizhou Sanjiang Fire Control Equipment Co., Ltd.",,"Jiangsu, China ",4.8,5 reviews,≤3h,100.0%,- orders,-1,-1,,,121380,-1,7,-1,248,Yes,20,"Domestic Market(30%), Southeast Asia(15%), North America(12%)",,"Retailer, Engineer, Wholesaler, Brand business, For private use, Manufacturer","sample processing, graphic processing, customized on demand",-1,32
"Shandong Yuexiang Security Technology Co., Ltd.",,"Shandong, China ",5.0,1 reviews,≤1h,100.0%,17 orders,"US $20,000+",-1,,,14806,1045000,-1,-1,-1,Yes,6,"Southeast Asia(17%), Africa(11%), Southern Europe(9%)",,"Retailer, Engineer, Wholesaler, Brand business, Manufacturer","sample processing, graphic processing, customized on demand",150,2
"Suzhou Chengli Electronic Material Co., Ltd.",,"Jiangsu, China ",4.6,17 reviews,≤2h,95.5%,190 orders,"US $410,000+",-1,,,16022,1985477,3,-1,46,Yes,4,"Domestic Market(25%), Southeast Asia(12%), Eastern Asia(12%)",,"Retailer, Engineer, Wholesaler, Brand business, For private use, Manufacturer","sample processing, graphic processing, customized on demand, sample processing, graphic processing, customized on demand",-1,5
"Shenzhen Luming Traffic Equipment Co., Ltd.",,"Guangdong, China ",5.0,1 reviews,≤2h,85.7%,23 orders,"US $100,000+",-1,,,1170,-1,5,-1,11,Yes,1,"Domestic Market(60%), Mid East(9%), Southeast Asia(6%)",,"Retailer, Engineer, Wholesaler, Brand business, Manufacturer","light customization, sample processing, graphic processing, customized on demand",3,2
"Qingdao Eternity Safety Co., Ltd.",,"Shandong, China ",4.6,42 reviews,≤2h,99.4%,325 orders,"US $1,700,000+",-1,,,12193,10000000,5,-1,9,Yes,5,"Western Europe(25%), South America(15%), North America(10%)",,-1,"light customization, sample processing, graphic processing, customized on demand",45,1
"Anhui Wankang Protective Products Co., Ltd.",,"Anhui, China ",4.7,40 reviews,≤2h,98.4%,- orders,-1,-1,,,5069,-1,7,-1,45,Yes,2,-1,,"Retailer, Wholesaler, Brand business, For private use, Manufacturer","sample processing, graphic processing, customized on demand",40,1
"Hunan Anmin Science And Technology Co., Ltd.",,"Hunan, China ",4.9,5 reviews,≤3h,100.0%,14 orders,"US $10,000+",-1,,,3750,816172,5,-1,35,Yes,2,"Domestic Market(58%), North America(15%), Africa(8%)",,"Retailer, Wholesaler, Brand business, For private use, Manufacturer","sample processing, graphic processing, customized on demand",2,5
"Shenzhen Guangan Intelligent Traffic Technology Co., Ltd.",,"Guangdong, China ",5.0,14 reviews,≤3h,100.0%,42 orders,"US $130,000+",-1,,,2200,-1,1,-1,3,Yes,3,"Eastern Europe(20%), Western Europe(20%), Northern Europe(20%)",,"Retailer, Engineer, Wholesaler, Brand business, For private use, Manufacturer","sample processing, graphic processing, customized on demand, sample processing, graphic processing, customized on demand",90,2
"Guangzhou Lupu Travel Products Co., Ltd.",,"Guangdong, China ",4.9,96 reviews,≤2h,100.0%,259 orders,"US $440,000+",-1,,,6000,-1,5,-1,186,Yes,5,"North America(50%), South America(10%), Domestic Market(10%)",,"Retailer, Wholesaler, Brand business, For private use","light customization, sample processing, graphic processing, customized on demand",200,15
"Shenzhen Ansha Heavy Industry Co., Ltd.",,"Guangdong, China ",4.4,15 reviews,≤2h,100.0%,- orders,-1,-1,,,2500,4557644,4,-1,30,Yes,3,"Domestic Market(30%), North America(15%), Eastern Europe(15%)",,"Retailer, Engineer, Wholesaler, Brand business, For private use, Manufacturer","light customization, sample processing, graphic processing, customized on demand",25,5
"Shanghai Jessubond International Co., Ltd.",,"Shanghai, China ",4.8,48 reviews,≤3h,98.9%,177 orders,"US $450,000+",-1,,,8395,-1,-1,260000,-1,Yes,3,"Eastern Asia(18%), North America(15%), Eastern Europe(10%)",,"Retailer, Engineer, Wholesaler, For private use, Brand business, Manufacturer","light customization, customized on demand, sample processing, graphic processing",15,2
"Linyi Zhanda Safety Protection Products Co., Ltd.",,"Shandong, China ",4.5,2 reviews,≤5h,100.0%,63 orders,"US $3,200,000+",-1,,,10998,50000000,4,-1,13,Yes,2,"Southeast Asia(30%), Eastern Asia(25%), North America(15%)",,"Retailer, Engineer, Wholesaler, For private use, Brand business, Manufacturer","light customization, sample processing, graphic processing, customized on demand",25,4
"Grandchess Daoan Co., Ltd.",,"Zhejiang, China ",-1,-1,≤3h,100.0%,- orders,-1,-1,,,24050,12474000,5,5300000,53,Yes,5,"North America(44%), Domestic Market(23%), Oceania(15%)",,"Retailer, Wholesaler, Brand business, Manufacturer","customized on demand, sample processing, graphic processing, light customization",73,5
"Hunan Zontal Safety Products Co.,ltd",,"Hunan, China ",5.0,1 reviews,≤1h,100.0%,- orders,-1,-1,,,8000,-1,19,-1,204,Yes,5,"Mid East(40%), Southeast Asia(35%), Eastern Asia(10%)",,"Retailer, Engineer, Wholesaler, Brand business, For private use, Manufacturer","sample processing, graphic processing",-1,5
"Nanjing Meishuo Building Materials Co., Ltd.",,"Jiangsu, China ",5.0,1 reviews,≤2h,81.8%,24 orders,"US $30,000+",-1,,,33583,2334600,4,-1,30,Yes,4,"North America(26%), South America(18%), Eastern Europe(15%)",,"Retailer, Engineer, Wholesaler, Brand business, For private use, Manufacturer","sample processing, light customization, graphic processing, customized on demand",20,2
"Shenzhen Tigerwong Technology Co., Ltd.",,"Guangdong, China ",4.2,5 reviews,≤2h,99.1%,189 orders,"US $580,000+",-1,,,576,-1,1,-1,1,-1,-1,"Southeast Asia(20%), Africa(20%), Eastern Asia(20%)",,"Wholesaler, Manufacturer","sample processing, graphic processing, customized on demand, graphic processing, customized on demand, sample processing",29,5
"Ganzhou Yuanfeng Compound Material Co., Ltd.",,"Jiangxi, China ",5.0,7 reviews,≤1h,100.0%,35 orders,"US $8,000+",-1,,,20000,487200,4,6541260,162,Yes,2,"Domestic Market(79%), North America(5%), Mid East(5%)",,"Retailer, Engineer, Wholesaler, Manufacturer",no,0,0
"Shero Xiamen Outdoor Equipment Co., Ltd.",,"Fujian, China ",4.5,128 reviews,≤4h,93.7%,- orders,-1,-1,,,1144,768000,1,240000,19,Yes,3,"North America(29%), Western Europe(21%), Eastern Asia(15%)",,"Retailer, Engineer, Wholesaler, Brand business, Manufacturer","light customization, sample processing, graphic processing, customized on demand, sample processing, graphic processing, customized on demand",280,3
"Chongqing Jinlong Outdoor Products Co., Ltd.",,"Chongqing, China ",5.0,9 reviews,≤2h,100.0%,- orders,-1,-1,,,4200,1117952,6,3070000,150,Yes,4,"Domestic Market(60%), North America(10%), Eastern Europe(10%)",,"Retailer, Wholesaler, Brand business, For private use, Manufacturer","sample processing, graphic processing, customized on demand, sample processing, graphic processing, customized on demand",250,3
"Ningbo Huaqia Electronic Technology Co., Ltd.",,"Zhejiang, China ",4.9,32 reviews,≤3h,89.1%,84 orders,"US $140,000+",-1,,,716,-1,-1,-1,15,Yes,2,"North America(40%), Southeast Asia(25%), Western Europe(25%)",,"Retailer, Wholesaler, Brand business","light customization, customized on demand, sample processing, graphic processing, sample processing, graphic processing, customized on demand",100,2
"Shenzhen Asenware Test & Control Technology Co., Ltd.",,"Guangdong, China ",4.9,13 reviews,≤8h,100.0%,124 orders,"US $160,000+",-1,,,5100,-1,6,1490000,30,Yes,3,"Southeast Asia(40%), Mid East(30%), South America(5%)",,"Retailer, Engineer, Wholesaler, Brand business, For private use, Manufacturer","light customization, sample processing, graphic processing, customized on demand, light customization, customized on demand, sample processing, graphic processing",-1,12
"Zhejiang Dingtian Traffic Facilities Co., Ltd.",,"Zhejiang, China ",5.0,3 reviews,≤3h,100.0%,5 orders,"US $20,000+",-1,,,12096,3000000,4,-1,-1,Yes,3,"Domestic Market(28%), Eastern Europe(17%), Southeast Asia(12%)",,"Retailer, Engineer, Wholesaler, Brand business, For private use, Manufacturer","sample processing, graphic processing, customized on demand, sample processing, graphic processing, customized on demand",10,6
"Shanghai ZiXi Technology Co., Ltd.",,"Shanghai, China ",4.7,11 reviews,≤2h,100.0%,43 orders,"US $20,000+",-1,,,2200,-1,5,100000,50,Yes,2,"North America(40%), Southeast Asia(25%), Domestic Market(15%)",,"Retailer, Wholesaler, Brand business, For private use, Manufacturer","customized on demand, graphic processing, sample processing, light customization, sample processing, graphic processing, customized on demand",30,5
Xiangcheng Kaluen Amusement Equipment Factory,,"henan, China ",4.9,57 reviews,≤2h,100.0%,231 orders,"US $210,000+",-1,,,450,-1,1,6000,8,Yes,1,"North America(20%), South America(20%), Eastern Europe(20%)",,-1,"light customization, sample processing, graphic processing, customized on demand",80,2
"Hangzhou Jiuran Outdoor Products Co., Ltd.",,"Zhejiang, China ",4.6,9 reviews,≤2h,100.0%,71 orders,"US $20,000+",-1,,,3000,-1,-1,-1,-1,Yes,2,"North America(50%), South Asia(20%), Domestic Market(20%)",,"Retailer, Engineer, Wholesaler, Brand business, For private use, Manufacturer","sample processing, light customization, graphic processing, customized on demand",-1,0
"Shenzhen Hoverstar Flight Technology Co., Ltd.",,"Guangdong, China ",4.2,4 reviews,≤2h,95.0%,- orders,-1,-1,,,1230,4767864,1,18700,11,Yes,1,"North America(26%), Western Europe(23%), Southeast Asia(19%)",,"Retailer, Engineer, Wholesaler, Brand business, For private use, Manufacturer","customized on demand, graphic processing, sample processing, customized on demand, graphic processing, sample processing",2,5
"Linyi Kangli Textile Co., Ltd.",,"Shandong, China ",4.5,2 reviews,≤6h,98.1%,123 orders,"US $3,100,000+",-1,,,16665,13904007,4,-1,454,Yes,4,"North America(30%), Mid East(30%), Southeast Asia(10%)",,"Retailer, Engineer, Wholesaler, Brand business, For private use, Manufacturer","light customization, sample processing, graphic processing, customized on demand",10,6
"Suzhou Oulijia Electronic Co., Ltd.",,"Jiangsu, China ",4.7,61 reviews,≤3h,98.2%,299 orders,"US $230,000+",-1,,,1252,-1,1,-1,-1,Yes,1,"Western Europe(40%), North America(20%), Eastern Europe(10%)",,"Retailer, Engineer, Wholesaler, Brand business, For private use, Manufacturer",-1,5,2
"Nanchang Ketai Safety Protective Articles Co., Ltd.",,"Jiangxi, China ",4.6,3 reviews,≤3h,88.9%,19 orders,"US $10,000+",-1,,,4448,623693,6,-1,278,Yes,10,"Domestic Market(53%), North America(15%), Mid East(8%)",,"Retailer, Engineer, Wholesaler, Brand business, For private use, Manufacturer","no, sample processing, graphic processing, customized on demand",300,2
"ANMAY PROTECTIVE TECH (QINGDAO) CO., LTD.",,"Shandong, China ",5.0,2 reviews,≤3h,100.0%,- orders,-1,-1,,,4405,-1,3,27000000,15,Yes,4,-1,,"Retailer, Engineer, Wholesaler, Brand business, Manufacturer",-1,4,0
"Zhuhai Target One Electronic Science And Technology Co., Ltd.",,"Guangdong, China ",5.0,6 reviews,≤6h,100.0%,34 orders,"US $30,000+",-1,,,5157,1050000,3,41000,46,Yes,2,"Domestic Market(30%), North America(15%), Eastern Europe(15%)",,"Retailer, Wholesaler, Brand business","sample processing, graphic processing, customized on demand",12,8
"Quanzhou Zhishu E-Commerce Co., Ltd.",,"Fujian, China ",5.0,8 reviews,≤2h,100.0%,- orders,-1,-1,,,5300,3905000,2,320000,104,Yes,4,"North America(50%), South America(20%), Western Europe(10%)",,"Retailer, Engineer, Wholesaler, Brand business, For private use, Manufacturer","sample processing, graphic processing, customized on demand",400,2
"Yonkang City Houyuan Industry& Trade Co., Ltd.",,"Zhejiang, China ",-1,-1,≤12h,0.0%,2 orders,US $100+,-1,,,6469,-1,10,13400000,98,Yes,5,"North America(30%), South America(20%), Northern Europe(15%)",,"Brand business, For private use","light customization, sample processing, graphic processing, customized on demand",100,4
"Jiangxi Huarui Tiancheng Composite Materials Co., Ltd.",,"Jiangxi, China ",4.9,20 reviews,≤2h,100.0%,- orders,-1,-1,,,29526,1263900,16,-1,198,Yes,8,"North America(30%), Southeast Asia(30%), Western Europe(30%)",,"Retailer, Wholesaler, Brand business, Manufacturer","sample processing, graphic processing, customized on demand, sample processing, graphic processing, customized on demand",45,5
"Hengdun Firefighting Technology Co., Ltd.",,"Fujian, China ",5.0,1 reviews,≤16h,100.0%,4 orders,"US $6,000+",-1,,,25000,-1,6,12151000,53,Yes,6,"Domestic Market(88%), Southeast Asia(7%), Africa(3%)",,"Engineer, Wholesaler, For private use, Brand business, Manufacturer","sample processing, graphic processing, customized on demand",26,2
"Guangzhou Huasheng Tourist Articles Co., Ltd.",,"Guangdong, China ",5.0,7 reviews,≤7h,94.1%,36 orders,"US $70,000+",-1,,,10600,-1,5,500000,134,Yes,12,"North America(34%), South America(19%), Western Europe(17%)",,"Retailer, Wholesaler","sample processing, graphic processing, customized on demand, light customization",50,6
"Zhejiang Sanmen Hongqiao Rubber & Plastic Technology Co., Ltd.",,"Zhejiang, China ",-1,-1,≤11h,100.0%,5 orders,"US $40,000+",-1,,,40000,21685700,-1,-1,-1,Yes,9,"Domestic Market(40%), North America(16%), Western Europe(16%)",,"Retailer, Engineer, Wholesaler, Brand business, For private use, Manufacturer","sample processing, graphic processing, customized on demand",-1,7
"Shenzhen Tecron Safety Co., Ltd.",,"Guangdong, China ",5.0,6 reviews,≤9h,94.7%,20 orders,"US $780,000+",-1,,,2621,7500000,4,-1,45,Yes,3,"Oceania(49%), Domestic Market(17%), North America(12%)",,"Retailer, Engineer, Wholesaler, Brand business, For private use, Manufacturer","sample processing, graphic processing, customized on demand",6,5
"Litai (Quanzhou) Bags Corp., Limited",,"Fujian, China ",4.8,8 reviews,≤4h,93.8%,108 orders,"US $380,000+",-1,,,2226,-1,6,1610000,375,Yes,16,"North America(90%), South America(5%), Western Europe(3%)",,Retailer,"light customization, sample processing, graphic processing, customized on demand",2500,11
"Shanghai C&G Safety Co., Ltd.",,"Shanghai, China ",5.0,1 reviews,≤4h,93.9%,68 orders,"US $220,000+",-1,,,5874,-1,-1,-1,174,Yes,3,"Southeast Asia(25%), Mid East(15%), Africa(15%)",,-1,"sample processing, graphic processing, customized on demand",30,18
"Jiujiang Fire Fighting Equipment Co., Ltd.",,"Jiangxi, China ",5.0,2 reviews,≤6h,88.9%,23 orders,"US $60,000+",-1,,,78000,10123335,13,-1,274,Yes,7,"Domestic Market(70%), Southeast Asia(6%), Africa(6%)",,"Retailer, Engineer, Wholesaler, Brand business, Manufacturer","sample processing, graphic processing, customized on demand",15,10
"Rosewool Insulation Refractory Co., Ltd.",,"Henan, China ",4.0,6 reviews,≤1h,100.0%,37 orders,"US $60,000+",-1,,,4500,-1,-1,-1,-1,Yes,7,-1,,Retailer,"light customization, sample processing, graphic processing, customized on demand, light customization, sample processing, graphic processing, customized on demand",4,6
"Firemax E-Commerce (zhejiang) Co., Ltd.",,"Zhejiang, China ",4.9,21 reviews,≤2h,96.9%,- orders,-1,-1,,,10050,63000,11,21600,18,Yes,6,"Mid East(25%), North America(15%), Southeast Asia(8%)",,"Retailer, Engineer, Wholesaler, Brand business, For private use, Manufacturer","customized on demand, graphic processing, sample processing, light customization, sample processing, graphic processing, customized on demand",30,2
"Jiangxi Xuesong Natural Medicinal Oil Co., Ltd.",,"Jiangxi, China ",4.9,77 reviews,≤2h,98.5%,262 orders,"US $140,000+",-1,,,11000,193972,2,-1,13,Yes,5,"Southeast Asia(30%), Eastern Europe(15%), North America(10%)",,"Retailer, Engineer, Wholesaler, Brand business, For private use, Manufacturer","sample processing, graphic processing, customized on demand",12,5
"Shenzhen Yu Mingjie Pigments Co., Ltd.",,"Guangdong, China ",4.9,72 reviews,≤2h,99.6%,507 orders,"US $180,000+",-1,,,1560,-1,2,-1,5,Yes,1,"Domestic Market(47%), North America(20%), Western Europe(10%)",,"Retailer, Engineer, Wholesaler, Brand business, For private use, Manufacturer","light customization, sample processing, graphic processing, customized on demand, sample processing, graphic processing, customized on demand",400,2
"Guangdong Oasis Chemical Co., Ltd.",,"Guangdong, China ",5.0,3 reviews,≤1h,87.5%,9 orders,US $200+,-1,,,37000,-1,5,-1,84,Yes,5,"Domestic Market(38%), Mid East(30%), Africa(7%)",,"Retailer, Engineer, Wholesaler, Brand business, For private use, Manufacturer","light customization, customized on demand, sample processing, graphic processing",36,11
"Hebei Dongding Chemical Trade Co., Ltd.",,"Hebei, China ",4.5,15 reviews,≤2h,97.4%,70 orders,"US $170,000+",-1,,,21320,1491202,2,3015,21,Yes,3,"Southeast Asia(20%), Mid East(17%), South America(15%)",,"Retailer, Engineer, Wholesaler, For private use, Brand business, Manufacturer","no, customized on demand, light customization, sample processing, graphic processing",-1,2
"Dongguan Sanho Adhesive Material Co.,ltd",,"Guangdong, China ",4.9,6 reviews,≤2h,92.6%,- orders,-1,-1,,,5000,-1,10,-1,15,Yes,1,"Domestic Market(50%), Southeast Asia(30%), South America(10%)",,"Retailer, Wholesaler, Brand business, Manufacturer","light customization, sample processing, customized on demand, graphic processing",20,6
"Zhengzhou Rongsheng Refractory Co., Limited",,"Henan, China ",5.0,1 reviews,≤2h,100.0%,2 orders,"US $3,000+",-1,,,18250,2000000,2,130000,70,Yes,4,"Domestic Market(40%), Africa(13%), South America(12%)",,"Engineer, Manufacturer","light customization, sample processing, graphic processing, customized on demand",60,4
"Hebei Runhuabang New Material Technology Co., Ltd",,"Hebei, China ",4.8,16 reviews,≤1h,100.0%,75 orders,"US $350,000+",-1,,,28150,-1,4,45000,44,Yes,4,"Eastern Europe(30%), Domestic Market(30%), Africa(20%)",,"Brand business, Manufacturer","customized on demand, sample processing, sample processing, graphic processing",40,3
"Shandong Ichemer Chemical Co., Ltd.",,"Shandong, China ",-1,-1,≤5h,100.0%,6 orders,"US $20,000+",-1,,,6120,2000000,-1,-1,-1,Yes,3,"Western Europe(30%), North America(12%), Northern Europe(12%)",,"Retailer, Wholesaler, Brand business, For private use","sample processing, graphic processing, customized on demand, sample processing, graphic processing, customized on demand",300,2
"Jiaozuo Bai Yi 'an Biological Engineering Co., Ltd.",,"Henan, China ",4.9,24 reviews,≤4h,100.0%,- orders,-1,-1,,,39845,-1,2,-1,17,Yes,3,"Domestic Market(50%), Africa(20%), Mid East(15%)",,"Retailer, Wholesaler, For private use, Manufacturer","light customization, customized on demand, graphic processing, sample processing",6,8
"Weifang Jiao Bao Building Materials Co. , Ltd.",,"shandong, China ",4.1,8 reviews,≤3h,50.0%,- orders,-1,-1,,,2651,-1,5,2000000,33,Yes,2,"Mid East(60%), South Asia(20%), Eastern Europe(20%)",,-1,"sample processing, graphic processing, customized on demand",50,1
"Yiwu Odegu Adhesive Industry Co., Ltd.",,"Zhejiang, China ",4.8,15 reviews,≤2h,100.0%,- orders,-1,-1,,,1562,-1,7,26200000,12,No,-1,Domestic Market(100%),,"Engineer, Wholesaler, Brand business","graphic processing, customized on demand, sample processing",300,1
"Shenzhen Xiangcai Chemical Co., Ltd.",,"Guangdong, China ",4.9,44 reviews,≤2h,100.0%,- orders,-1,-1,,,3500,-1,1,5000,2,Yes,2,"North America(25%), Southeast Asia(10%), Mid East(10%)",,"Retailer, Engineer, Wholesaler, Brand business, For private use, Manufacturer","light customization, sample processing, graphic processing, customized on demand, light customization, sample processing, graphic processing, customized on demand",30,5
"Shandong Guanzhi New Material Technology Co., Ltd.",,"Shandong, China ",5.0,2 reviews,≤3h,91.7%,21 orders,"US $30,000+",-1,,,85193,1000000,8,300000,97,Yes,35,"Southeast Asia(18%), South America(12%), Eastern Asia(12%)",,"Retailer, Engineer, Wholesaler, Brand business, For private use, Manufacturer",-1,0,46
"Senfull (guangdong) Technology Co., Ltd.",,"Guangdong, China ",4.8,15 reviews,≤3h,100.0%,- orders,-1,-1,,,1402,-1,-1,-1,-1,Yes,3,"North America(40%), Southeast Asia(30%), Oceania(30%)",,"Retailer, Wholesaler, Brand business, For private use, Manufacturer","sample processing, graphic processing, customized on demand, sample processing, customized on demand",2000,10
"Flag Chemical Industry Co., Ltd.",,"Shandong, China ",5.0,7 reviews,≤3h,94.7%,46 orders,"US $90,000+",-1,,,10000,-1,1,-1,14,Yes,1,"Domestic Market(70%), Western Europe(10%), Southeast Asia(8%)",,"Retailer, Engineer, Wholesaler, Brand business, For private use, Manufacturer","light customization, customized on demand, sample processing",5,1
Green Scent Biotech Company Ltd,,"Guangdong, China ",4.8,49 reviews,≤2h,98.5%,- orders,-1,-1,,,3755,-1,-1,-1,-1,Yes,2,"Domestic Market(40%), North America(20%), Mid East(13%)",,"Retailer, Wholesaler, Brand business, Manufacturer","no, sample processing, graphic processing, customized on demand",800,2
"Renqiu Tuoxin Building Materials Co., Ltd.",,"Hebei, China ",4.9,8 reviews,≤3h,100.0%,20 orders,"US $120,000+",-1,,,20000,-1,181,86000000,187,Yes,3,"Mid East(34%), Eastern Europe(30%), South Asia(10%)",,"Retailer, Engineer, Wholesaler, Brand business, For private use, Manufacturer","sample processing, graphic processing, customized on demand",6,2
"Anhui Zhongtian Petrochemical Co., Ltd.",,"Anhui, China ",4.8,2 reviews,≤2h,100.0%,- orders,-1,-1,,,16827,-1,50,-1,168,Yes,29,"Southeast Asia(60%), North America(20%), Eastern Europe(20%)",,"Retailer, Engineer, Wholesaler, Brand business, Manufacturer","sample processing, graphic processing, customized on demand, sample processing, graphic processing, customized on demand",400,38
"Huizhou Jincheng Composite Materials Co., Ltd.",,"Guangdong, China ",4.8,55 reviews,≤2h,100.0%,348 orders,"US $320,000+",-1,,,6027,1500000,2,4600,23,Yes,2,"Domestic Market(68%), North America(10%), Oceania(7%)",,"Retailer, Wholesaler, Brand business, Manufacturer","no, light customization, sample processing, graphic processing, customized on demand",32,5
"Zhejiang Minghui New Material Co., Ltd.",,"Zhejiang, China ",4.8,3 reviews,≤1h,77.8%,- orders,-1,-1,,,61601,-1,23,-1,56,Yes,9,"Eastern Europe(20%), Southeast Asia(20%), Western Europe(20%)",,"Retailer, Engineer, Wholesaler, Brand business, For private use, Manufacturer","sample processing, graphic processing, customized on demand, sample processing, customized on demand, graphic processing",5,7
"Xinghe County Muzi Carbon Co., Ltd.",,"Inner Mongolia, China ",5.0,2 reviews,≤4h,57.9%,48 orders,"US $50,000+",-1,,,38908,-1,10,-1,75,Yes,5,"Domestic Market(24%), North America(15%), South America(12%)",,"Retailer, Wholesaler, Brand business, Manufacturer","sample processing, graphic processing, customized on demand",10,5
"Jiangxi Deyun Industrial Co., Ltd.",,"Jiangxi, China ",5.0,4 reviews,≤3h,66.7%,- orders,-1,-1,,,14828,21064066,16,-1,40,Yes,4,"South Asia(30%), Southeast Asia(20%), Mid East(20%)",,"Retailer, Engineer, Wholesaler, Brand business, For private use, Manufacturer","sample processing, graphic processing, customized on demand",15,1
"Fuzhou Lvteng Food Tech R&d Co., Ltd.",,"Jiangxi, China ",5.0,1 reviews,≤3h,100.0%,- orders,-1,-1,,,3200,-1,2,-1,-1,Yes,2,-1,,"Retailer, Wholesaler, Brand business, Manufacturer","sample processing, customized on demand",-1,2
"Shenzhen Rencongzhong Techonology Co., Ltd.",,"Guangdong, China ",4.6,57 reviews,≤2h,89.7%,332 orders,"US $180,000+",-1,,,900,-1,1,-1,6,Yes,1,"North America(20%), South America(20%), Eastern Europe(15%)",,"Retailer, Engineer, Wholesaler, Brand business, For private use, Manufacturer","sample processing, graphic processing, sample processing, graphic processing, customized on demand",60,1
"Shandong Saigao New Materials Co., Ltd.",,"Shandong, China ",5.0,1 reviews,≤5h,100.0%,- orders,-1,-1,,,29000,-1,14,-1,78,Yes,6,"Domestic Market(40%), Southeast Asia(15%), Mid East(15%)",,"Retailer, Engineer, Wholesaler, Brand business, For private use, Manufacturer","light customization, sample processing, graphic processing, customized on demand",22,6
"Hebei Tianhuibao Technology Co., Ltd.",,"Hebei, China ",4.9,13 reviews,≤1h,100.0%,90 orders,"US $240,000+",-1,,,5400,-1,5,40000,30,Yes,2,"Domestic Market(19%), Central America(16%), Mid East(15%)",,"Retailer, Engineer, Wholesaler, Brand business, For private use, Manufacturer","light customization, sample processing, graphic processing, customized on demand, graphic processing, customized on demand, sample processing",20,2
"Jiangxi Avatar Glue Co., Ltd.",,"Jiangxi, China ",-1,-1,≤8h,75.0%,- orders,-1,-1,,,4194,2000000,4,-1,43,Yes,1,"South America(30%), Mid East(25%), Western Europe(15%)",,"Retailer, Wholesaler, Brand business, For private use, Manufacturer","sample processing, graphic processing, customized on demand",-1,1
"Lianyungang Baibo New Material Co., Ltd.",,"Jiangsu, China ",4.8,20 reviews,≤4h,96.2%,76 orders,"US $40,000+",-1,,,2550,1522000,4,-1,18,Yes,2,"North America(35%), Northern Europe(10%), Domestic Market(10%)",,"Retailer, Engineer, Wholesaler, Brand business, For private use, Manufacturer","sample processing, graphic processing, customized on demand",80,2
"Qingdao Jiaobao New Materials Co., Ltd",,"Shandong, China ",-1,-1,≤1h,90.9%,17 orders,"US $7,000+",-1,,,2402,3697107,15,-1,35,Yes,2,"Mid East(31%), South America(20%), North America(12%)",,"Retailer, Engineer, Wholesaler, Brand business, For private use, Manufacturer","sample processing, graphic processing, sample processing, graphic processing, customized on demand",40,3
"Baoli Technology (Ningguo) Co., Ltd.",,"Anhui, China ",4.6,3 reviews,≤3h,66.7%,- orders,-1,-1,,,30332,-1,2,-1,2,Yes,2,"Domestic Market(46%), Mid East(13%), North America(8%)",,"Retailer, Engineer, Wholesaler, Brand business","sample processing, graphic processing, customized on demand",50,6
"Haimen Shuguang Carbon Industry Co., Ltd.",,"Jiangsu, China ",5.0,1 reviews,≤12h,85.7%,11 orders,"US $10,000+",-1,,,6000,-1,-1,21000000,47,Yes,2,"Domestic Market(48%), Southeast Asia(16%), Eastern Asia(8%)",,-1,no,-1,0
"Metallics Co.,Ltd.",,"Jiangxi, China ",4.5,16 reviews,≤2h,100.0%,- orders,-1,-1,,,5165,-1,-1,-1,-1,Yes,-1,"North America(60%), Eastern Europe(20%), Western Europe(10%)",,"Retailer, Engineer, Wholesaler, Brand business, For private use, Manufacturer","sample processing, graphic processing, customized on demand, sample processing, graphic processing, customized on demand",-1,-1
"Xi'an Eco Biotech Factory Co., Ltd.",,"Shaanxi, China ",4.9,64 reviews,≤2h,100.0%,282 orders,"US $530,000+",-1,,,294,-1,1,-1,10,Yes,1,"North America(30%), Southeast Asia(20%), South America(10%)",,"Retailer, Wholesaler, Brand business, For private use, Manufacturer","sample processing, sample processing",-1,2
"Qingdao Jintao Graphite Co., Ltd.",,"Shandong, China ",4.6,2 reviews,≤4h,75.0%,- orders,-1,-1,,,35000,5000000,9,-1,-1,Yes,3,"Southeast Asia(20%), North America(15%), Eastern Europe(15%)",,"Retailer, Brand business, For private use","sample processing, graphic processing, customized on demand",150,5
"Dongguan Dayang Aerosol Chemical Technology Co., Ltd.",,"Guangdong, China ",5.0,1 reviews,≤6h,87.5%,12 orders,"US $5,000+",-1,,,13633,1050000,3,3125000,3,Yes,3,"Domestic Market(70%), Southeast Asia(9%), South America(8%)",,"Retailer, Wholesaler, Brand business, Manufacturer","no, sample processing, graphic processing, customized on demand",25,3
"Yichang Mingya New Material Technology Co., Ltd.",,"Hubei, China ",-1,-1,≤3h,90.9%,- orders,-1,-1,,,4750,-1,6,-1,-1,Yes,1,-1,,Wholesaler,"customized on demand, sample processing",-1,3
"Xiamen Xingxingfa New Material Technology Co., Ltd.",,"Fujian, China ",-1,-1,≤4h,100.0%,- orders,-1,-1,,,2000,-1,3,575510,8,Yes,1,"North America(30%), Domestic Market(20%), Southeast Asia(10%)",,"Retailer, Engineer, Wholesaler, Brand business, For private use, Manufacturer","sample processing, graphic processing, customized on demand",50,1
"GuangZhou OGGNE Fragrance Tech Co.,Ltd",,"Guangdong, China ",4.7,35 reviews,≤7h,94.2%,178 orders,"US $70,000+",-1,,,3180,1020000,4,100000000,-1,Yes,1,"North America(20%), Mid East(15%), South America(10%)",,"Retailer, Engineer, Wholesaler, Brand business, For private use, Manufacturer","light customization, sample processing, customized on demand, graphic processing",3,3
"Crystone Paint Co., Ltd.",,"Guangdong, China ",-1,-1,≤1h,100.0%,- orders,-1,-1,,,15123,-1,16,-1,32,Yes,2,"Domestic Market(85%), Southeast Asia(5%), Africa(5%)",,"Retailer, Engineer, Wholesaler, Brand business, For private use, Manufacturer","sample processing, graphic processing, customized on demand",15,5
"Shandong Junyuan New Materials Co., Ltd.",,"Shandong, China ",-1,-1,≤6h,100.0%,- orders,-1,-1,,,2960,-1,20,-1,53,Yes,13,"North America(30%), South America(20%), Western Europe(20%)",,"Retailer, Engineer, Wholesaler, Brand business, For private use, Manufacturer","sample processing, graphic processing, customized on demand, sample processing, graphic processing, customized on demand",20,15
"Zhengzhou Kerui Industrial Development Co., Ltd.",,"Henan, China ",-1,-1,≤1h,94.4%,- orders,-1,-1,,,15308,-1,5,-1,42,Yes,10,"Eastern Europe(50%), Mid East(30%), Africa(20%)",,-1,-1,-1,10
CNMI Industrial Corporation,,"Beijing, China ",4.3,22 reviews,≤3h,91.9%,122 orders,"US $200,000+",-1,,,5068,-1,12,500,26,Yes,2,"North America(60%), South America(7%), Eastern Europe(3%)",,"Retailer, Engineer, Wholesaler, For private use, Brand business, Manufacturer","customized on demand, light customization, sample processing, graphic processing, customized on demand",110,2
"Shandong Sanzeng New Materials Co., Ltd.",,"Shandong, China ",5.0,1 reviews,≤7h,100.0%,12 orders,"US $10,000+",-1,,,3130,-1,2,-1,17,Yes,1,-1,,"Retailer, Engineer, Wholesaler, Brand business, Manufacturer","light customization, sample processing, graphic processing, customized on demand, light customization, sample processing, graphic processing, customized on demand",-1,1
"Shaanxi Hongda Phytochemistry Co., Ltd.",,"Shaanxi, China ",5.0,23 reviews,≤4h,94.9%,204 orders,"US $250,000+",-1,,,12447,10000000,-1,-1,-1,Yes,5,"North America(60%), Western Europe(20%), Southeast Asia(20%)",,"Retailer, Engineer, Wholesaler, Brand business, For private use, Manufacturer","light customization, sample processing, graphic processing, customized on demand",5,6
"Shanghai Hengyuan Macromolecular Materials Co.,Ltd",,"Shanghai, China ",5.0,3 reviews,≤2h,100.0%,94 orders,"US $490,000+",-1,,,7241,-1,7,-1,61,Yes,2,"Domestic Market(60%), North America(30%), Eastern Asia(7%)",,Wholesaler,"light customization, customized on demand, sample processing, graphic processing",13,3
"Shandong Chishuo Technology Development Co., Ltd.",,"Shandong, China ",-1,-1,≤1h,100.0%,- orders,-1,-1,,,539,-1,4,-1,7,Yes,3,-1,,"Retailer, Engineer, Wholesaler, Brand business, For private use, Manufacturer","sample processing, graphic processing, customized on demand, sample processing, graphic processing, customized on demand",24,3
"Shanghai Gongtao Ceramics Co., Ltd.",,"Shanghai, China ",4.8,16 reviews,≤5h,96.4%,102 orders,"US $50,000+",-1,,,1993,-1,-1,-1,-1,Yes,1,"Domestic Market(40%), North America(10%), Southeast Asia(10%)",,"Retailer, Engineer, Wholesaler, Brand business, For private use, Manufacturer","sample processing, graphic processing, customized on demand, sample processing, graphic processing, customized on demand",20,2
"Shenzhen Tunsing Plastic Products Co., Ltd.",,"Guangdong, China ",5.0,17 reviews,≤3h,98.7%,158 orders,"US $230,000+",-1,,,6975,3600000,5,-1,40,Yes,9,"Domestic Market(30%), Southeast Asia(20%), South Asia(11%)",,"Retailer, Engineer, Wholesaler, Brand business, For private use, Manufacturer","sample processing, graphic processing, customized on demand",30,4
"Guangzhou Zhenxin Flavors & Fragrances Co., Ltd.",,"Guangdong, China ",4.8,398 reviews,≤2h,99.7%,2113 orders,"US $780,000+",-1,,,3500,-1,-1,-1,-1,Yes,3,"Domestic Market(15%), North America(5%), Southeast Asia(5%)",,"Retailer, Wholesaler, Brand business, For private use, Manufacturer","light customization, sample processing, customized on demand, graphic processing, sample processing, light customization, graphic processing, customized on demand",1300,7
"Guangdong Jinhua New Materials Technology Co., Ltd.",,"Guangdong, China ",4.9,85 reviews,≤2h,100.0%,274 orders,"US $140,000+",-1,,,5900,1050000,11,13410,23,Yes,2,"Domestic Market(50%), North America(10%), South America(5%)",,"Retailer, Engineer, Wholesaler, Brand business, For private use, Manufacturer","sample processing, graphic processing, customized on demand",50,7
"Guangdong Xiangying Chemical Industry Co, Ltd.",,"Guangdong, China ",4.6,5 reviews,≤3h,100.0%,- orders,-1,-1,,,52524,-1,-1,-1,218,Yes,5,"South America(15%), Domestic Market(15%), Southeast Asia(13%)",,"Retailer, Engineer, Wholesaler, Brand business, For private use, Manufacturer","light customization, sample processing, graphic processing, customized on demand",60,4
"Zhongshan Osbang New Material Co., Ltd.",,"Guangdong, China ",4.5,38 reviews,≤4h,97.6%,174 orders,"US $170,000+",-1,,,3800,-1,2,1600000,24,Yes,4,"North America(30%), Domestic Market(30%), South America(17%)",,"Retailer, Wholesaler, Brand business, Manufacturer","sample processing, graphic processing, customized on demand",69,3
"Anhui Deherman New Material Co., Ltd.",,"Anhui, China ",4.6,15 reviews,≤2h,100.0%,- orders,-1,-1,,,5000,-1,5,100000,30,Yes,1,"Domestic Market(60%), Mid East(13%), North America(7%)",,"Retailer, Engineer, Wholesaler, Brand business, For private use, Manufacturer","light customization, sample processing, graphic processing, customized on demand",3,1
"Liling Xing Tai Long Special Ceramic Co., Ltd.",,"Hunan, China ",5.0,8 reviews,≤4h,97.3%,69 orders,"US $210,000+",-1,,,22926,22000000,3,6500000,52,Yes,4,"Eastern Europe(20%), Southeast Asia(20%), Africa(20%)",,"Retailer, Engineer, Wholesaler, Brand business, Manufacturer","no, no",-1,0
"Hunan Qing Ya Ceramic Co., Ltd.",,"Hunan, China ",5.0,8 reviews,≤4h,100.0%,26 orders,"US $80,000+",-1,,,7050,236121,1,12000000,40,Yes,2,"North America(35%), Southeast Asia(30%), Africa(10%)",,"Retailer, Engineer, Wholesaler, Brand business, For private use, Manufacturer","no, sample processing, graphic processing",200,3
"Guangzhou Geao Polymer Materials Co., Ltd.",,"Guangdong, China ",4.9,15 reviews,≤1h,100.0%,- orders,-1,-1,,,1484,-1,-1,3841260,-1,Yes,2,"Domestic Market(30%), North America(20%), Oceania(15%)",,"Retailer, Engineer, Wholesaler, Brand business, For private use, Manufacturer","light customization, sample processing, graphic processing, customized on demand, light customization, sample processing, graphic processing, customized on demand",74,5
"Kolortek Co., Ltd.",,"Jiangsu, China ",5.0,10 reviews,≤6h,97.6%,- orders,-1,-1,,,1630,-1,5,-1,5,Yes,2,"North America(57%), Western Europe(14%), Central America(7%)",,"Retailer, Engineer, Wholesaler, Brand business","sample processing, graphic processing, customized on demand",150,4
"Jiangxi Suihua Fiberglass Co., Ltd.",,"Jiangxi, China ",5.0,52 reviews,≤2h,98.9%,176 orders,"US $340,000+",-1,,,32993,1000000,15,-1,257,Yes,8,"North America(20%), Western Europe(15%), Central America(15%)",,"Retailer, Engineer, Wholesaler, Brand business, For private use, Manufacturer","graphic processing, customized on demand, sample processing, graphic processing, customized on demand",30,6
"Guangzhou Lidi Automobile Supplies Co., Ltd.",,"Guangdong, China ",4.5,2 reviews,≤6h,100.0%,4 orders,"US $8,000+",-1,,,8000,-1,3,21810000,-1,Yes,1,"Domestic Market(40%), South America(30%), Africa(20%)",,-1,"graphic processing, customized on demand, sample processing, light customization",6,1
"Zhejiang Sai Zhao Flavor And Fragrance Co., Ltd.",,"Zhejiang, China ",4.8,30 reviews,≤5h,97.4%,- orders,-1,-1,,,7110,1040486,5,-1,26,Yes,2,"Domestic Market(85%), Southeast Asia(8%), North America(4%)",,"Retailer, Wholesaler, For private use, Manufacturer","sample processing, graphic processing, customized on demand",500,1
"Hunan Jqmaterial Tech Co., Ltd.",,"Hunan, China ",4.9,19 reviews,≤4h,96.8%,123 orders,"US $80,000+",-1,,,1710,-1,1,-1,17,Yes,2,"North America(20%), Domestic Market(20%), South America(10%)",,"Retailer, Wholesaler, Brand business, For private use, Manufacturer","light customization, sample processing, graphic processing, customized on demand",80,1
"Shenzhen Jinlixiang Composite Material Co., Ltd.",,"Guangdong, China ",5.0,9 reviews,≤4h,100.0%,- orders,-1,-1,,,5981,-1,2,-1,16,Yes,5,"North America(20%), South America(10%), Eastern Europe(10%)",,"Retailer, Engineer, Wholesaler, Brand business, For private use, Manufacturer","no, sample processing, graphic processing, customized on demand",30,6
"Shandong Jiaobao New Material Co., Ltd.",,"Shanodng, China ",4.9,4 reviews,≤9h,95.8%,- orders,-1,-1,,,5727,3658385,3,-1,26,Yes,2,"Domestic Market(37%), Eastern Europe(20%), Mid East(14%)",,"Retailer, Engineer, Wholesaler, Brand business, Manufacturer","light customization, sample processing, graphic processing, customized on demand",-1,2
"Guangzhou Boqiao Electronic Material Co., Ltd.",,"Guangdong, China ",4.9,26 reviews,≤4h,100.0%,54 orders,"US $70,000+",-1,,,5228,-1,3,-1,50,Yes,3,Domestic Market(100%),,"Retailer, Engineer, Wholesaler, For private use, Manufacturer","no, sample processing, graphic processing, customized on demand",60,3
Yueyang Gangtong Import And Export Trading Company Limited,,"Hunan, China ",-1,-1,≤17h,100.0%,- orders,-1,-1,,,1500500,35000000,2,8600,700,Yes,28,"Domestic Market(43%), South Asia(25%), Eastern Europe(15%)",,"Retailer, Engineer, Wholesaler, Brand business, Manufacturer","no, no",1,42
"Lanxi Joen Fiberglass Co., Ltd.",,"Zhejiang, China ",4.8,12 reviews,≤5h,90.2%,77 orders,"US $760,000+",-1,,,36459,6946761,7,-1,65,Yes,6,"Domestic Market(27%), North America(25%), Mid East(15%)",,"Retailer, Engineer, Wholesaler, Brand business, Manufacturer","sample processing, graphic processing, customized on demand, sample processing, graphic processing, customized on demand",42,10
"Guangdong Huantong Import And Export Co., Ltd.",,"Guangdong, China ",-1,-1,≤5h,100.0%,8 orders,"US $20,000+",-1,,,17276,-1,4,8000,45,Yes,4,"Africa(40%), Southeast Asia(17%), South America(10%)",,"Retailer, Engineer, Wholesaler, Brand business, For private use, Manufacturer","light customization, graphic processing, customized on demand, sample processing, light customization, sample processing, graphic processing, customized on demand",10,4
"Jiangsu Veik Technology & Materials Co., Ltd.",,"Jiangsu, China ",4.4,27 reviews,≤3h,92.8%,308 orders,"US $1,500,000+",-1,,,46591,-1,5,-1,21,Yes,5,"Domestic Market(58%), North America(13%), Western Europe(7%)",,"Retailer, Engineer, Wholesaler, Brand business, For private use, Manufacturer","sample processing, graphic processing, customized on demand",150,10
"Henan Botai Chemical Building Materials Co., Ltd.",,"Henan, China ",5.0,4 reviews,≤3h,93.3%,28 orders,"US $6,000+",-1,,,10433,-1,2,29000,15,Yes,3,"Southeast Asia(30%), Mid East(30%), South America(20%)",,"Retailer, Engineer, Wholesaler, Brand business, For private use, Manufacturer","light customization, graphic processing, customized on demand, sample processing, light customization, sample processing",55,5
"Jiangshan Qigu Adhesive Industry Co., Ltd.",,"Zhejiang Province, China ",-1,-1,≤4h,100.0%,- orders,-1,-1,,,11530,-1,20,-1,49,Yes,2,Domestic Market(100%),,"Retailer, Wholesaler, Brand business, For private use","sample processing, graphic processing, customized on demand",5,1
"Gomix (guangdong) Building Materials Co., Ltd.",,"Guangdong, China ",5.0,2 reviews,≤3h,100.0%,18 orders,"US $10,000+",-1,,,15375,-1,0,7200000,0,Yes,3,"Oceania(30%), South America(20%), North America(10%)",,"Retailer, Engineer, Wholesaler, Brand business, For private use","sample processing, customized on demand",23,3
"Hebei Kaixin Frp Co., Ltd.",,"Hebei, China ",4.3,13 reviews,≤4h,97.5%,89 orders,"US $550,000+",-1,,,5277,-1,3,-1,8,Yes,1,"North America(35%), Africa(15%), Oceania(10%)",,"Retailer, Engineer, Wholesaler, Brand business, For private use, Manufacturer","customized on demand, graphic processing",50,1
"Beijing Solarbio Science & Technology Co., Ltd.",,"Beijing, China ",4.9,37 reviews,≤5h,100.0%,244 orders,"US $170,000+",-1,,,7000,-1,2,-1,22,Yes,13,"Domestic Market(92%), Mid East(5%), Southeast Asia(2%)",,"Retailer, Engineer, Wholesaler, Brand business, Manufacturer","sample processing, graphic processing, customized on demand",150,40
"Guangzhou Yongbo Trading Co., Ltd.",,"Guangdong, China ",4.6,9 reviews,≤2h,100.0%,- orders,-1,-1,,,3000,-1,-1,-1,-1,Yes,3,"Africa(15%), North America(10%), South America(10%)",,"Retailer, Wholesaler, Brand business, For private use, Manufacturer","sample processing, customized on demand, graphic processing",-1,2
"Dongguan Senguang Machine Fittings Co., Ltd.",,"Guangdong, China ",4.8,3 reviews,≤2h,90.0%,52 orders,"US $50,000+",-1,,,2000,-1,6,-1,16,Yes,1,"Eastern Europe(28%), North America(20%), Southeast Asia(15%)",,"Retailer, Engineer, Wholesaler, Brand business, For private use, Manufacturer","light customization, sample processing, graphic processing, customized on demand",50,1
"Langfang Fangdun Fireproof Sealing Material Co., Ltd.",,"Hebei, China ",4.4,5 reviews,≤3h,90.5%,44 orders,"US $300,000+",-1,,,6000,-1,12,5403600,30,Yes,2,"Domestic Market(20%), Mid East(15%), South America(10%)",,"Retailer, Engineer, Wholesaler, Brand business, For private use, Manufacturer","light customization, sample processing, graphic processing, customized on demand, light customization, sample processing, graphic processing, customized on demand",-1,3
"Changsha Xinkang Advanced Materials Co., Ltd.",,"Hunan, China ",4.5,8 reviews,≤3h,77.8%,19 orders,"US $10,000+",-1,,,2416,4873366,1,85000,23,Yes,4,"Domestic Market(40%), North America(15%), Eastern Europe(11%)",,"Engineer, Brand business, Manufacturer","light customization, sample processing, graphic processing",320,1
"Taizhou Bison Machinery Industry Co., Ltd.",,"Zhejiang, China ",4.8,2 reviews,≤2h,100.0%,25 orders,"US $10,000+",-1,,,14458,41049684,5,-1,10,Yes,1,"South America(15%), Southeast Asia(15%), Eastern Europe(10%)",,"Retailer, Engineer, Wholesaler, Brand business, Manufacturer","sample processing, graphic processing, customized on demand",92,12
"Ningbo Vantar Plastic Co., Ltd.",,"Zhejiang, China ",4.8,12 reviews,≤2h,96.7%,57 orders,"US $150,000+",-1,,,2177,2321450,-1,-1,26,Yes,2,"Eastern Europe(21%), Western Europe(18%), South America(14%)",,"Retailer, Engineer, Wholesaler, Brand business, For private use, Manufacturer","sample processing, graphic processing, customized on demand, sample processing, graphic processing, customized on demand",260,2
"Anshan Fenghui Continuous Caster Machine Manufacture Co., Ltd.",,"Liaoning, China ",4.8,29 reviews,≤2h,100.0%,107 orders,"US $80,000+",-1,,,7200,15000000,2,115335,10,Yes,2,"Southeast Asia(40%), South America(22%), Western Europe(21%)",,"Retailer, Engineer, Wholesaler, For private use",customized on demand,10,1
"Chongqing Jiayang Industrial Co., Ltd.",,"Chongqing, China ",5.0,1 reviews,≤3h,100.0%,- orders,-1,-1,,,7688,-1,9,-1,194,Yes,12,"Eastern Europe(50%), South America(10%), Domestic Market(10%)",,"Retailer, Engineer, Wholesaler, Brand business, For private use, Manufacturer","customized on demand, graphic processing, sample processing",15,24
"Shanghai Kmcable Group Co., Ltd.",,"Shanghai, China ",4.8,15 reviews,≤2h,97.2%,62 orders,"US $50,000+",-1,,,3230,-1,3,-1,13,Yes,1,"Domestic Market(17%), North America(15%), Southeast Asia(15%)",,"Retailer, Engineer, Wholesaler, Brand business, For private use, Manufacturer","light customization, customized on demand, sample processing, graphic processing, sample processing, graphic processing, customized on demand",22,2
"Chongqing Jiayang Industrial Co., Ltd.",,"Chongqing, China ",4.8,23 reviews,≤2h,100.0%,- orders,-1,-1,,,7688,-1,9,-1,194,Yes,12,"Eastern Europe(50%), South America(10%), Domestic Market(10%)",,"Retailer, Engineer, Wholesaler, Brand business, For private use, Manufacturer","light customization, sample processing, graphic processing, customized on demand",15,24
"Hebei Dagang Cable Co., Ltd.",,"Hebei, China ",5.0,2 reviews,≤2h,100.0%,5 orders,"US $9,000+",-1,,,34680,-1,50,15000000,100,Yes,6,"South America(4%), Southeast Asia(3%), Africa(2%)",,"Retailer, Engineer, Wholesaler, Brand business, For private use, Manufacturer","sample processing, graphic processing, customized on demand",10,4
"Xiamen Yongfengsheng Generator Group Co., Ltd",,"FUJIAN, China ",4.8,4 reviews,≤2h,88.9%,47 orders,"US $450,000+",-1,,,3130,0,15,9000,15,-1,1,"Domestic Market(60%), Southeast Asia(20%), Africa(20%)",,"Retailer, Engineer, Wholesaler, Brand business, For private use, Manufacturer","sample processing, graphic processing, customized on demand, sample processing, graphic processing, customized on demand",35,2
"Hangzhou Junchi New Energy Technology Co., Ltd.",,"Zhejiang, China ",4.7,29 reviews,≤3h,100.0%,174 orders,"US $1,200,000+",-1,,,3368,-1,8,112000,97,Yes,4,"North America(40%), Western Europe(30%), Eastern Europe(10%)",,"Retailer, Wholesaler, Brand business, Manufacturer","light customization, graphic processing, light customization, sample processing, graphic processing, customized on demand",55,8
"Yueqing Yirui Electric Appliance Co., Ltd.",,"Zhejiang, China ",4.9,37 reviews,≤3h,91.2%,- orders,-1,-1,,,1800,1270000,-1,-1,-1,Yes,4,"Mid East(35%), Southeast Asia(15%), Western Europe(10%)",,"Retailer, Engineer, Wholesaler, Brand business, For private use, Manufacturer","sample processing, graphic processing, customized on demand",10,2
"Sichuan Leton Industry Co., Ltd.",,"Sichuan, China ",4.8,83 reviews,≤2h,100.0%,- orders,-1,-1,,,15350,7200000,8,23510,41,Yes,27,"Domestic Market(20%), North America(15%), North America(10%)",,"Retailer, Engineer, Wholesaler, For private use, Manufacturer","light customization, sample processing, graphic processing, customized on demand",13,30
"Fujian Gooall Power Technology Co., Ltd.",,"Fujian, China ",4.9,7 reviews,≤4h,100.0%,46 orders,"US $60,000+",-1,,,1500,-1,1,-1,5,-1,1,"Southeast Asia(70%), Domestic Market(20%), Africa(5%)",,Manufacturer,"light customization, graphic processing, sample processing, customized on demand",10,1
"Wenzhou Mingdun Electric Co., Ltd.",,"Zhejiang, China ",-1,-1,≤1h,100.0%,- orders,-1,-1,,,2500,-1,12,-1,21,Yes,1,"Domestic Market(45%), Southeast Asia(10%), South America(10%)",,-1,"sample processing, graphic processing, customized on demand",30,1
"Dongguan Yuanhai Wire And Cable Co., Ltd.",,"Guangdong, China ",5.0,2 reviews,≤2h,100.0%,- orders,-1,-1,,,4000,-1,8,-1,66,Yes,1,"Domestic Market(20%), Southeast Asia(10%), Mid East(10%)",,"Retailer, Engineer, Wholesaler, Brand business, Manufacturer","sample processing, graphic processing, customized on demand",20,1
"Chongqing Telijing Technology Co., Ltd.",,"Chonqginqg, China ",4.7,31 reviews,≤2h,86.3%,171 orders,"US $60,000+",-1,,,2000,-1,2,-1,-1,Yes,2,"Southeast Asia(20%), Mid East(20%), South Asia(20%)",,"Retailer, Engineer, Wholesaler, For private use, Brand business, Manufacturer","sample processing, graphic processing, customized on demand, sample processing, graphic processing, customized on demand",40,2
Xelite Electronics Co. Ltd,,"Guangdong, China ",-1,-1,≤2h,100.0%,- orders,-1,-1,,,2024,1213064,4,-1,19,Yes,5,"North America(42%), Domestic Market(20%), Western Europe(18%)",,"Retailer, Engineer, Wholesaler, Brand business, For private use, Manufacturer","sample processing, graphic processing, customized on demand",19,2
"Shantou Haowangda Electric Appliance Co., Ltd.",,"Guangdong, China ",4.8,46 reviews,≤2h,97.5%,- orders,-1,-1,,,2200,-1,-1,-1,-1,Yes,4,"North America(30%), Western Europe(20%), South America(10%)",,-1,"light customization, customized on demand, sample processing, graphic processing",30,3
"Jiangxi Boman Technology Co., Ltd.",,"Jiangxi, China ",4.7,6 reviews,≤3h,100.0%,59 orders,"US $160,000+",-1,,,1170,-1,2,-1,-1,Yes,2,"North America(20%), Domestic Market(20%), Oceania(15%)",,"Retailer, Engineer, Wholesaler, Brand business, For private use, Manufacturer","sample processing, graphic processing, customized on demand",-1,3
"Wenzhou Yufeng Import And Export Co., Ltd.",,"Zhejiang, China ",-1,-1,≤3h,100.0%,- orders,-1,-1,,,21090,8700000,8,-1,191,Yes,7,"North America(30%), Eastern Europe(20%), Western Europe(10%)",,"Retailer, Engineer, Wholesaler, Brand business, For private use, Manufacturer","sample processing, graphic processing, customized on demand, sample processing, graphic processing, customized on demand",24,7
"Foshan Top One Power Technology Co., Ltd.",,"Guangdong, China ",4.8,27 reviews,≤4h,91.7%,- orders,-1,-1,,,4500,2600000,-1,130000,-1,Yes,5,"North America(18%), Mid East(18%), Southern Europe(12%)",,"Retailer, Engineer, Wholesaler, Brand business, For private use, Manufacturer","light customization, sample processing, graphic processing, customized on demand",5,6
"Yiwu Jinmin Electric Equipment Co., Ltd.",,"Zhejiang, China ",4.6,13 reviews,≤5h,96.5%,- orders,-1,-1,,,6851,17409752,-1,-1,-1,Yes,5,"Africa(80%), Mid East(10%), Southeast Asia(5%)",,"Retailer, Engineer, Wholesaler, Brand business, For private use, Manufacturer","light customization, sample processing, graphic processing, customized on demand, graphic processing, customized on demand, sample processing",240,6
"Hebei Huatong Wires And Cables Group Co., Ltd.",,"Hebei, China ",-1,-1,≤5h,100.0%,- orders,-1,-1,,,94932,544000000,16,190000,232,Yes,100,"North America(24%), Domestic Market(20%), Mid East(12%)",,-1,"sample processing, graphic processing, customized on demand",22,46
"Chongqing Jiayang Import And Export Trading Co., Ltd.",,"Chongqing, China ",4.9,2 reviews,≤3h,100.0%,24 orders,"US $70,000+",-1,,,15300,4285000,4,220000,100,Yes,6,"Southeast Asia(20%), Mid East(20%), Eastern Europe(10%)",,"Retailer, Wholesaler, Brand business, For private use, Manufacturer","sample processing, graphic processing, customized on demand, sample processing, graphic processing, customized on demand",14,13
"Liaoning Huayuan Wire& Cable Manufacture Co., Ltd.",,"Liaoning, China ",5.0,1 reviews,≤5h,50.0%,- orders,-1,-1,,,6280,-1,4,400,17,Yes,2,Domestic Market(100%),,"Retailer, Engineer, Wholesaler, Brand business, For private use, Manufacturer","sample processing, graphic processing",-1,1
"Dongguan Sanmu Case Technology Co., Ltd.",,"Guangdong, China ",5.0,7 reviews,≤1h,100.0%,101 orders,"US $20,000+",-1,,,2800,-1,5,-1,13,Yes,6,"Mid East(21%), Domestic Market(20%), North America(12%)",,"Retailer, Engineer, Wholesaler, Brand business, For private use, Manufacturer","light customization, sample processing, graphic processing, customized on demand",50,4
"TTN New Energy Technology (Wenzhou) Co., Ltd.",,"Zhejiang, China ",4.7,58 reviews,≤3h,97.6%,260 orders,"US $1,800,000+",-1,,,30122,15274747,40,-1,45,Yes,17,"Western Europe(18%), North America(16%), South America(12%)",,"Retailer, Engineer, Wholesaler, Brand business, For private use, Manufacturer","sample processing, graphic processing, customized on demand, sample processing, graphic processing, customized on demand",50,12
"Guangdong NRE Technology Co., Ltd",,"Guangdong, China ",-1,-1,≤9h,100.0%,9 orders,"US $10,000+",-1,,,23532,9000000,30,4950000,300,Yes,50,"Domestic Market(50%), North America(10%), Southeast Asia(10%)",,"Retailer, Engineer, Wholesaler, Manufacturer","light customization, sample processing, graphic processing, customized on demand",300,30
"Sichuan Leton Industry Co., Ltd.",,"Sichuan, China ",4.6,80 reviews,≤2h,100.0%,168 orders,"US $600,000+",-1,,,15350,7200000,8,25510,41,Yes,27,"Domestic Market(20%), North America(15%), South America(10%)",,"Retailer, Engineer, Wholesaler, Brand business, For private use, Manufacturer","light customization, sample processing, graphic processing, customized on demand",12,30
"Wenzhou Leiweisi Lightning Protection Technology Co., Ltd.",,"Zhejiang, China ",-1,-1,≤5h,100.0%,22 orders,"US $20,000+",-1,,,-1,-1,-1,-1,-1,Yes,-1,"North America(20%), Southeast Asia(15%), Mid East(15%)",,"Retailer, Engineer, Wholesaler, Brand business, For private use, Manufacturer","sample processing, graphic processing, customized on demand",12,1
"Wenzhou Maidun Technology Co., Ltd.",,"Zhejiang, China ",-1,-1,≤2h,100.0%,- orders,-1,-1,,,2000,-1,3,-1,40,Yes,2,"Mid East(50%), Western Europe(25%), South America(10%)",,"Retailer, Engineer, Wholesaler, Brand business, For private use, Manufacturer","sample processing, graphic processing, customized on demand",40,1
"Yanggu Xinhui Cable Co., Ltd.",,"Shandong, China ",4.7,3 reviews,≤4h,100.0%,20 orders,"US $40,000+",-1,,,26676,6220280,10,2147483647,50,Yes,4,"Domestic Market(85%), Southeast Asia(4%), Africa(3%)",,"Retailer, Engineer, Wholesaler, Brand business, For private use, Manufacturer","light customization, sample processing, graphic processing, customized on demand",150,4
"Guangdong Province Sompom Industrial Co., Ltd.",,"Guangdong, China ",4.9,35 reviews,≤2h,100.0%,- orders,-1,-1,,,4750,1050000,3,12000000,16,Yes,5,"Southeast Asia(30%), Mid East(20%), South Asia(15%)",,"Retailer, Engineer, Wholesaler, Brand business, Manufacturer","customized on demand, graphic processing, sample processing, no",-1,5
"Zhejiang Ninuo Electical Co., Ltd.",,"Zhejiang, China ",4.9,15 reviews,≤3h,91.2%,58 orders,"US $50,000+",-1,,,5271,-1,-1,-1,-1,Yes,3,"Mid East(30%), South Asia(30%), North America(10%)",,"Retailer, Engineer, Wholesaler, Brand business, For private use, Manufacturer","light customization, sample processing, graphic processing, customized on demand, light customization, sample processing, graphic processing, customized on demand",-1,2
"Carryon Electric Technology (guangdong) Co., Ltd.",,"Guangdong, China ",4.7,7 reviews,≤1h,100.0%,- orders,-1,-1,,,5171,-1,28,-1,230,Yes,3,"Domestic Market(40%), North America(16%), South America(5%)",,"Retailer, Wholesaler, Brand business, Manufacturer","sample processing, graphic processing, customized on demand",-1,5
"Shenzhen Mysun Insulation Materials Co., Ltd.",,"Guangdong, China ",5.0,2 reviews,≤2h,100.0%,5 orders,"US $110,000+",-1,,,11740,-1,6,44000000,1325,Yes,20,"Domestic Market(45%), Southeast Asia(30%), North America(5%)",,"Retailer, Engineer, Wholesaler, Brand business, Manufacturer","light customization, sample processing, graphic processing, customized on demand",13,6
"Shenzhen JZD Wire & Cable Co., Ltd.",,"Guangdong, China ",5.0,1 reviews,≤4h,100.0%,58 orders,"US $360,000+",-1,,,3150,-1,-1,-1,14,Yes,3,"Southeast Asia(18%), Domestic Market(16%), South America(10%)",,"Retailer, Engineer, Wholesaler, Brand business, For private use, Manufacturer","light customization, sample processing, graphic processing, customized on demand",38,6
"Zhejiang Tolerance Electric Co., Ltd.",,"Zhejiang, China ",4.9,24 reviews,≤2h,100.0%,165 orders,"US $470,000+",-1,,,6605,5910211,17,2050,33,Yes,3,"Eastern Europe(35%), Domestic Market(25%), North America(15%)",,"Retailer, Wholesaler, For private use, Manufacturer","light customization, sample processing, graphic processing, customized on demand",40,4
"Wenzhou Weinuoxi Technology Co., Ltd.",,"Zhejiang, China ",4.8,6 reviews,≤6h,100.0%,- orders,-1,-1,,,6787,-1,10,13720000,17,Yes,7,"Africa(48%), Mid East(35%), Southeast Asia(5%)",,"Retailer, Wholesaler, Brand business, Manufacturer","light customization, customized on demand, sample processing, graphic processing",40,1
"Zhejiang Zhengxi Electric Group Co., Ltd.",,"Zhejiang, China ",4.9,15 reviews,≤10h,100.0%,70 orders,"US $200,000+",-1,,,3116,-1,10,-1,18,Yes,6,"Domestic Market(30%), North America(20%), Southeast Asia(15%)",,"Retailer, Engineer, Wholesaler, Brand business, For private use, Manufacturer","light customization, sample processing, graphic processing, customized on demand",26,3
"Fuan Taiyu Motor Co., Ltd.",,"Fujian, China ",3.4,3 reviews,≤4h,100.0%,- orders,-1,-1,,,3400,-1,1,25000,15,Yes,2,-1,,"Retailer, Engineer, Wholesaler, Brand business, For private use, Manufacturer","light customization, sample processing, graphic processing, customized on demand",4,1
"Tiantai Cable (Ningbo) Co., Ltd.",,"Zhejiang, China ",4.5,6 reviews,≤2h,87.5%,- orders,-1,-1,,,3000,-1,-1,-1,-1,Yes,2,"North America(30%), South America(20%), Eastern Europe(20%)",,"Retailer, Engineer, Wholesaler, Brand business","sample processing, graphic processing, customized on demand",-1,4
"Andeli Group Co., Ltd.",,"Zhejiang, China ",4.9,19 reviews,≤7h,100.0%,60 orders,"US $40,000+",-1,,,56311,30670000,12,14322000,150,Yes,7,"Domestic Market(66%), Africa(5%), Mid East(5%)",,"Retailer, Wholesaler, Manufacturer","light customization, customized on demand, graphic processing, sample processing",33,52
"Wenzhou Puzhu Electrical Technology Co., Ltd.",,"Zhejiang, China ",4.9,39 reviews,≤5h,100.0%,169 orders,"US $100,000+",-1,,,8000,-1,-1,-1,-1,Yes,2,"Domestic Market(55%), Southeast Asia(20%), North America(8%)",,"Retailer, Wholesaler, Brand business, Manufacturer",-1,-1,-1
"Foshan Cantell Electronic Co., Ltd.",,"Guangdong, China ",4.8,103 reviews,≤2h,98.6%,- orders,-1,-1,,,610,-1,2,-1,19,Yes,2,"North America(35%), Western Europe(25%), Eastern Asia(10%)",,"Retailer, Engineer, Wholesaler, Brand business, For private use","sample processing, graphic processing, customized on demand",30,2
"Dongguan Chipsen Electronics Technology Co., Ltd.",,"Guangdong, China ",5.0,4 reviews,≤2h,95.8%,48 orders,"US $10,000+",-1,,,3200,3779499,6,-1,46,Yes,17,"Domestic Market(60%), North America(10%), South America(6%)",,"Retailer, Engineer, Wholesaler, Brand business, For private use, Manufacturer","sample processing, graphic processing, customized on demand",1800,14
"Chongqing Hengbaili Technology Co., Ltd.",,"Chongqing, China ",5.0,1 reviews,≤3h,100.0%,- orders,-1,-1,,,33000,-1,3,42000,60,Yes,3,"Domestic Market(90%), Africa(5%), Southeast Asia(3%)",,"Retailer, Wholesaler, Brand business, For private use, Manufacturer","sample processing, graphic processing, customized on demand",15,2
"Zhejiang Galaxy Fuse Co., Ltd.",,"Zhejiang, China ",5.0,1 reviews,≤3h,100.0%,29 orders,"US $130,000+",-1,,,1510,-1,10,-1,167,Yes,3,"Domestic Market(50%), Southern Europe(22%), Eastern Europe(11%)",,"Retailer, Engineer, Wholesaler, Brand business, Manufacturer","customized on demand, graphic processing, sample processing",-1,2
"Wenzhou Sunny Electrical Co., Ltd.",,"Zhejiang, China ",4.9,5 reviews,≤2h,100.0%,- orders,-1,-1,,,17407,-1,6,-1,120,Yes,17,"South America(30%), Mid East(20%), North America(10%)",,"Retailer, Engineer, Wholesaler, Brand business, Manufacturer","sample processing, graphic processing, customized on demand, light customization, sample processing, graphic processing, customized on demand",40,10
"Yancheng Slong Machinery & Electric Co., Ltd.",,"Jiangsu, China ",5.0,1 reviews,≤5h,87.5%,11 orders,"US $20,000+",-1,,,27243,5147100,2,-1,4,Yes,2,"Southeast Asia(59%), Eastern Asia(18%), South Asia(12%)",,"Retailer, Engineer, Wholesaler, Brand business, For private use, Manufacturer","sample processing, graphic processing, customized on demand",8,5
"Yueqing Xianglang Electric Co., Ltd.",,"Zhejiang, China ",4.8,81 reviews,≤4h,95.7%,463 orders,"US $530,000+",-1,,,8700,-1,3,-1,65,Yes,-1,"Southeast Asia(20%), South America(15%), Eastern Europe(10%)",,"Retailer, Engineer, Wholesaler, Brand business, For private use, Manufacturer","sample processing, graphic processing, customized on demand",100,2
"Shenzhen Emylo Technology Co., Ltd.",,"Guangdong, China ",5.0,3 reviews,≤5h,100.0%,- orders,-1,-1,,,2000,-1,4,574000,10,Yes,3,"North America(30%), South America(25%), Western Europe(25%)",,"Retailer, Engineer, Wholesaler, Brand business, Manufacturer","sample processing, graphic processing, customized on demand",31,4
"Dongguan Ermai Electronic Technology Co., Ltd.",,"Guangdong, China ",4.6,26 reviews,≤5h,96.7%,140 orders,"US $130,000+",-1,,,1250,-1,3,-1,30,Yes,4,"North America(28%), Eastern Europe(18%), Eastern Asia(18%)",,"Retailer, Engineer, Wholesaler, Brand business, For private use, Manufacturer","sample processing, graphic processing, customized on demand",90,2
"Guang Er Zhong (zhaoqing) Electronics Co., Ltd.",,"Guangdong, China ",4.3,3 reviews,≤5h,76.9%,- orders,-1,-1,,,3000,-1,12,-1,63,Yes,6,"Domestic Market(20%), North America(15%), Southeast Asia(10%)",,"Retailer, Wholesaler, Brand business, For private use, Manufacturer","sample processing, graphic processing, customized on demand",-1,6
"Henan Longjian Electric Power Equipment Co., Ltd.",,"Henan, China ",-1,-1,≤3h,100.0%,- orders,-1,-1,,,66666,1689516,3,-1,25,Yes,6,"Domestic Market(80%), South America(6%), Southeast Asia(6%)",,"Retailer, Engineer, Wholesaler, Brand business, For private use, Manufacturer","sample processing, graphic processing, customized on demand",4,5
"Qingdao Flyer Agricultural Equipment Co., Ltd.",,"Shandong, China ",4.6,10 reviews,≤2h,100.0%,- orders,-1,-1,,,3235,-1,5,1300,5,Yes,8,"South America(20%), Eastern Europe(13%), Southeast Asia(12%)",,"Retailer, Engineer, Wholesaler, For private use, Brand business, Manufacturer","sample processing, graphic processing, customized on demand",12,5
"Yueqing Fly Electric Co., Ltd.",,"Zhejiang, China ",4.3,7 reviews,≤3h,100.0%,29 orders,"US $460,000+",-1,,,2500,-1,3,-1,15,Yes,3,"Southeast Asia(30%), Mid East(30%), South America(10%)",,"Retailer, Engineer, Wholesaler, Brand business, For private use, Manufacturer","sample processing, graphic processing, customized on demand",5,2
"Shantou Ruide Electrical Co., Ltd.",,"Guangdong, China ",4.1,2 reviews,≤4h,100.0%,22 orders,"US $20,000+",-1,,,10000,-1,5,5000000,40,Yes,5,"Domestic Market(30%), Africa(25%), Mid East(18%)",,"Retailer, Engineer, Wholesaler, Brand business, Manufacturer","light customization, sample processing, graphic processing, customized on demand",100,5
"Shanghai Aiyinbeike International Trade Co., Ltd.",,"Shanghai, China ",4.6,1 reviews,≤3h,100.0%,9 orders,"US $170,000+",-1,,,5900,-1,-1,-1,-1,Yes,4,"Domestic Market(55%), Southeast Asia(30%), North America(5%)",,"Retailer, Engineer, Wholesaler, Brand business, Manufacturer","light customization, sample processing, graphic processing, customized on demand, no",5,8
Yueqing Beibaixiang Xingpeng Electrical Switch Factory,,"Zhejiang, China ",4.8,63 reviews,≤3h,99.3%,284 orders,"US $820,000+",-1,,,6600,-1,4,7610000,25,Yes,18,"Eastern Europe(20%), North America(12%), South Asia(12%)",,"Retailer, Engineer, Wholesaler, Brand business, For private use, Manufacturer","light customization, sample processing, graphic processing, customized on demand",28,13
"Wenzhou Hawai Electron & Electric Manufacture Co., Ltd.",,"Zhejiang, China ",5.0,1 reviews,≤6h,100.0%,18 orders,"US $7,000+",-1,,,12514,-1,4,64000000,71,Yes,8,"Southeast Asia(33%), Western Europe(28%), Africa(22%)",,"Retailer, Engineer, Wholesaler, Brand business, For private use, Manufacturer","light customization, sample processing, graphic processing, customized on demand",31,5
"Zhejiang Xurui Electronic Co., Ltd.",,"Zhejiang, China ",4.8,23 reviews,≤5h,100.0%,99 orders,"US $130,000+",-1,,,3716,1852875,-1,-1,-1,Yes,8,"Domestic Market(40%), North America(15%), South America(8%)",,"Retailer, Engineer, Wholesaler, Brand business, For private use, Manufacturer","sample processing, graphic processing, customized on demand",30,6
"Fato Mechanical And Electrical Co.,ltd",,"Zhejiang, China ",4.8,25 reviews,≤5h,100.0%,149 orders,"US $100,000+",-1,,,100000,8105921,-1,-1,-1,Yes,55,"Domestic Market(72%), Southeast Asia(10%), South America(5%)",,"Retailer, Engineer, Wholesaler, Brand business, For private use, Manufacturer","sample processing, graphic processing, customized on demand",5,45
"Zhejiang Mingtuo Electric Technology Co., Ltd.",,"Zhejiang, China ",4.9,20 reviews,≤2h,95.2%,45 orders,"US $110,000+",-1,,,1200,-1,-1,-1,-1,Yes,1,"Domestic Market(70%), South America(10%), Africa(10%)",,"Retailer, Engineer, Wholesaler, Brand business, For private use, Manufacturer","sample processing, graphic processing, customized on demand",-1,3
"Yueqing Sonapa Electrical Co., Ltd.",,"Zhejiang, China ",4.6,1 reviews,≤4h,100.0%,16 orders,"US $890,000+",-1,,,13000,2100000,-1,-1,-1,Yes,10,"Southeast Asia(30%), Africa(23%), Mid East(15%)",,"Retailer, Engineer, Wholesaler, Brand business, For private use, Manufacturer","sample processing, graphic processing, customized on demand, sample processing, graphic processing, customized on demand",240,5
"Ningbo Holden Cable Co., Ltd.",,"Zhejiang, China ",5.0,1 reviews,≤10h,100.0%,14 orders,"US $880,000+",-1,,,2400,7000000,7,-1,9,Yes,2,"North America(20%), Mid East(20%), Western Europe(20%)",,"Retailer, Engineer, Wholesaler, Brand business, For private use, Manufacturer","light customization, sample processing, graphic processing, customized on demand",50,1
Shenzhen K-Easy Electrical Automation Company Limited,,"Guangdong, China ",4.9,30 reviews,≤11h,100.0%,- orders,-1,-1,,,550,-1,-1,180000,-1,Yes,-1,"Eastern Europe(50%), South America(30%), Domestic Market(10%)",,"Retailer, Engineer, Wholesaler, Brand business, For private use, Manufacturer","sample processing, graphic processing, customized on demand, sample processing, graphic processing, customized on demand",13,-1
"Zhitao Electric Group Co., Ltd.",,"Zhejing, China ",4.9,14 reviews,≤2h,92.0%,47 orders,"US $20,000+",-1,,,1575,-1,4,1000000,27,Yes,5,"North America(25%), Western Europe(20%), Domestic Market(16%)",,"Retailer, Engineer, Wholesaler, Brand business, Manufacturer","light customization, sample processing, graphic processing",35,3
"Hefei Pinergy Solar Technology Co., Ltd.",,"Anhui, China ",5.0,30 reviews,≤3h,100.0%,41 orders,"US $2,300,000+",-1,,,34100,60000000,2,260,133,Yes,19,"Southern Europe(30%), Domestic Market(30%), Southeast Asia(20%)",,"Retailer, Engineer, Wholesaler, Brand business, For private use","no, no",15,5
"Guangzhou Bosslyn Electric Co., Ltd.",,"Guangdong, China ",4.6,20 reviews,≤5h,100.0%,91 orders,"US $170,000+",-1,,,500,342152,3,-1,6,Yes,1,"Domestic Market(40%), North America(20%), Western Europe(16%)",,"Retailer, Engineer, Wholesaler, Brand business, For private use, Manufacturer","sample processing, graphic processing, customized on demand, sample processing, graphic processing, customized on demand",150,1
"Shandong Huali Electromechanical Co., Ltd.",,"Shandong, China ",-1,-1,≤5h,100.0%,1 orders,"US $9,000+",-1,,,75000,21000000,8,12000,53,Yes,25,"Africa(50%), Mid East(30%), South America(20%)",,-1,"customized on demand, customized on demand",9,28
"Zhejiang Shuntong Electric Co., Ltd.",,"Zhejiang, China ",4.0,6 reviews,≤4h,100.0%,- orders,-1,-1,,,2000,-1,-1,-1,-1,Yes,1,"Mid East(30%), Africa(15%), South Asia(15%)",,"Retailer, Engineer, Wholesaler, Brand business, Manufacturer","light customization, sample processing, graphic processing, customized on demand, sample processing, customized on demand, graphic processing",-1,1
"Guangzhou Idealplusing Information Technology Co., Ltd.",,"Guangdong, China ",4.9,36 reviews,≤2h,96.2%,332 orders,"US $380,000+",-1,,,2530,-1,2,-1,15,Yes,2,"Eastern Europe(10%), Southeast Asia(10%), Eastern Asia(10%)",,"Retailer, Engineer, Wholesaler, Brand business, For private use, Manufacturer","no, sample processing, graphic processing, customized on demand",50,2
"Hefei Pinergy Solar Technology Co., Ltd.",,"Anhui, China ",5.0,29 reviews,≤5h,92.0%,42 orders,"US $2,600,000+",-1,,,34100,60000000,2,260,133,Yes,19,"Southern Europe(30%), Domestic Market(30%), Southeast Asia(20%)",,"Retailer, Engineer, Wholesaler, Brand business, For private use","no, no",15,5
"Zhejiang Lingben Machinery And Electronics Co., Ltd.",,"Zhejiang, China ",4.5,3 reviews,≤15h,100.0%,5 orders,"US $290,000+",-1,,,17189,-1,-1,-1,-1,Yes,8,"Eastern Europe(25%), Africa(22%), Western Europe(15%)",,"Retailer, Engineer, Wholesaler, Brand business, For private use, Manufacturer","light customization, sample processing, graphic processing, customized on demand",-1,5
"Jiangsu Excalibur Power Machinery Co., Ltd.",,"Jiangsu, China ",4.0,4 reviews,≤7h,100.0%,14 orders,"US $170,000+",-1,,,12868,-1,-1,-1,-1,Yes,8,"Domestic Market(60%), South America(15%), Africa(13%)",,"Retailer, Engineer, Wholesaler, Brand business, For private use, Manufacturer","sample processing, graphic processing, customized on demand",5,6
"Changzhou Jinda Electronics Co., Ltd.",,"Jiangsu, China ",-1,-1,≤7h,87.5%,18 orders,"US $90,000+",-1,,,10000,-1,5,-1,63,Yes,5,"South America(15%), Eastern Europe(14%), Western Europe(14%)",,"Retailer, Engineer, Wholesaler, Brand business, For private use, Manufacturer","light customization, sample processing, graphic processing, customized on demand",20,3
"Xiamen Kehan Electronics Co., Ltd.",,"Fujian, China ",5.0,3 reviews,≤5h,100.0%,- orders,-1,-1,,,1056,-1,5,-1,62,Yes,6,"Domestic Market(40%), North America(35%), Oceania(15%)",,"Retailer, Engineer, Wholesaler, Brand business, For private use, Manufacturer","sample processing, graphic processing, customized on demand",200,2
"Yueqing Heyuan Electronic Technology Co., Ltd.",,"Zhejiang, China ",4.6,5 reviews,≤6h,94.7%,45 orders,"US $210,000+",-1,,,5391,2000000,3,300000,26,Yes,1,"Eastern Europe(70%), Africa(10%), Eastern Asia(10%)",,-1,"light customization, sample processing, graphic processing, customized on demand",1,1
"Shanghai Star Electronic Technology Co., Ltd.",,"Shagnhai, China ",4.9,27 reviews,≤4h,100.0%,133 orders,"US $1,900,000+",-1,,,1128,0,-1,-1,-1,Yes,2,"North America(35%), South America(15%), Domestic Market(15%)",,"Retailer, Engineer, Wholesaler, Brand business, For private use, Manufacturer","sample processing, graphic processing, customized on demand, sample processing, graphic processing, customized on demand",60,4
"Hangzhou Manlong Forklift Parts Co., Ltd.",,"Zhejiang, China ",4.8,52 reviews,≤5h,98.0%,170 orders,"US $80,000+",-1,,,2200,1541627,4,-1,4,Yes,3,"Southeast Asia(35%), South America(15%), Eastern Asia(10%)",,"Retailer, Engineer, Wholesaler, Brand business, For private use, Manufacturer","sample processing, graphic processing, customized on demand, sample processing, graphic processing, customized on demand",30,2
"Chongqing Dinking Power Machinery Co., Ltd.",,"Chongqing, China ",5.0,10 reviews,≤5h,100.0%,12 orders,"US $10,000+",-1,,,38111,52710000,7,607000,350,Yes,65,"North America(44%), South America(10%), Southeast Asia(10%)",,"Retailer, Engineer, Wholesaler, Brand business, For private use, Manufacturer","customized on demand, sample processing",26,52
"Shenzhen Guozhi Electronic Co., Ltd.",,"Guangdong, China ",4.9,79 reviews,≤2h,98.6%,411 orders,"US $250,000+",-1,,,1690,-1,1,-1,4,Yes,4,"Domestic Market(45%), North America(10%), Eastern Europe(10%)",,"Retailer, Wholesaler, Brand business, Manufacturer","sample processing, graphic processing, customized on demand",-1,0
"Taizhou Tontek Power Technology Co., Ltd.",,"Jiangsu, China ",-1,-1,≤3h,100.0%,4 orders,"US $190,000+",-1,,,3300,4297567,2,-1,7,Yes,2,"Southeast Asia(70%), Africa(10%), Domestic Market(10%)",,"Retailer, Engineer, Wholesaler, Brand business, For private use, Manufacturer","light customization, sample processing, graphic processing, customized on demand, light customization, sample processing, graphic processing, customized on demand",40,3
"Zhejiang Hiitio New Energy Co., Ltd.",,"Zhejiang, China ",4.8,2 reviews,≤2h,95.5%,- orders,-1,-1,,,6577,-1,3,-1,31,Yes,7,"North America(49%), Southern Europe(21%), Western Europe(20%)",,"Engineer, Wholesaler, Brand business, Manufacturer","sample processing, graphic processing, customized on demand, customized on demand, graphic processing, sample processing",48,22
"Xiamen Leaka Electrical Equipment Co., Ltd.",,"Fujian, China ",4.9,52 reviews,≤1h,100.0%,- orders,-1,-1,,,1296,-1,-1,-1,-1,Yes,3,"North America(25%), Southeast Asia(15%), South America(10%)",,"Retailer, Engineer, Wholesaler, Brand business, For private use, Manufacturer","sample processing, graphic processing, customized on demand, no",30,4
"Weifang AOBO Instrument Technology Development Co.,Ltd",,"Shandong, China ",5.0,4 reviews,≤1h,100.0%,- orders,-1,-1,,,12000,-1,7,-1,7,Yes,2,"Domestic Market(96%), North America(1%), Southeast Asia(1%)",,"Retailer, Engineer, Wholesaler, Manufacturer","light customization, sample processing, graphic processing, customized on demand",2,12
"Dongguan Nangudi Electronics Co., Ltd.",,"Guangdong, China ",4.9,34 reviews,≤1h,96.6%,183 orders,"US $300,000+",-1,,,10000,-1,15,-1,115,Yes,29,"North America(30%), Eastern Europe(20%), South America(10%)",,"Retailer, Wholesaler, Brand business, For private use, Manufacturer","light customization, sample processing, graphic processing, customized on demand, light customization, sample processing, graphic processing, customized on demand",6000,30
"Dongguan Cableforce Connector Co., Limited.",,"Guangdong, China ",5.0,1 reviews,≤10h,100.0%,- orders,-1,-1,,,4500,2985000,15,-1,75,Yes,5,"North America(25%), Domestic Market(23%), Western Europe(12%)",,"Retailer, Engineer, Wholesaler, Brand business, For private use, Manufacturer",-1,150,8
"Guangdong Ronglan Cable Industry Co., Ltd.",,"Guangdong, China ",5.0,6 reviews,≤2h,100.0%,- orders,-1,-1,,,12500,-1,22,-1,77,Yes,7,"Domestic Market(35%), Southeast Asia(15%), North America(10%)",,"Retailer, Engineer, Wholesaler, Brand business, For private use, Manufacturer","sample processing, graphic processing, customized on demand, sample processing, graphic processing, customized on demand",240,7
"RST ELECTRIC INDUSTRY CO., LTD.",,"Taiwan, China ",4.8,34 reviews,≤9h,100.0%,134 orders,"US $110,000+",-1,,,9907,-1,2,-1,-1,Yes,2,"South America(40%), Southeast Asia(27%), Mid East(14%)",,"Retailer, Engineer, Wholesaler, For private use, Brand business, Manufacturer, other|Trading firm.","customized on demand, no",0,0
"Shandong Gangxin Steel Co., Ltd.",,"Shandong, China ",-1,-1,≤2h,100.0%,- orders,-1,-1,,,1700,-1,-1,-1,-1,Yes,1,"Domestic Market(95%), South America(3%), North America(2%)",,"Retailer, Engineer, Wholesaler, Brand business, For private use, Manufacturer","customized on demand, graphic processing, sample processing, sample processing, customized on demand",-1,1
"Bao-Wu(Tianjin) Import & Export Co.,Ltd.",,"Tianjin, China ",5.0,5 reviews,≤2h,93.8%,33 orders,"US $50,000+",-1,,,2445,-1,1,-1,10,Yes,2,Domestic Market(100%),,"Retailer, Engineer, Wholesaler, Brand business, For private use, Manufacturer","light customization, sample processing, graphic processing, customized on demand, light customization, customized on demand, graphic processing, sample processing",5000,1
"Shandong Unibit Steel Manufacturing Co., Ltd.",,"Shandong, China ",-1,-1,≤3h,100.0%,- orders,-1,-1,,,1582,-1,-1,-1,-1,Yes,2,Domestic Market(100%),,"Retailer, Engineer, Wholesaler, Brand business, For private use, Manufacturer","light customization, sample processing, graphic processing, customized on demand",15,2
"Anping Chengxin Metal Mesh Co., Ltd.",,"Hebei, China ",4.9,7 reviews,≤3h,97.4%,84 orders,"US $1,700,000+",-1,,,3700,-1,3,3020000,60,Yes,3,"Western Europe(45%), Oceania(20%), North America(19%)",,"Retailer, Wholesaler, Brand business, Manufacturer","light customization, graphic processing, customized on demand, light customization, sample processing, graphic processing, customized on demand",16,2
"Shenzhou City Shengsen Metal Products Co., Ltd.",,"Hebei, China ",4.8,20 reviews,≤2h,100.0%,46 orders,"US $1,000,000+",-1,,,44582,4500000,1,-1,63,Yes,5,"Domestic Market(70%), South America(8%), Southeast Asia(8%)",,"Wholesaler, Brand business, For private use","sample processing, graphic processing, customized on demand",150,8
"Tata Steel (Tianjin) Co., Ltd.",,"Tianjin, China ",4.9,40 reviews,≤3h,100.0%,- orders,-1,-1,,,4524,-1,0,-1,5,Yes,1,"Africa(50%), Mid East(50%)",,"Retailer, Engineer, Wholesaler, Brand business, For private use, Manufacturer","no, sample processing, graphic processing, customized on demand",-1,2
"Shandong Baotai Metal Materials Group Co., Ltd.",,"Shandong, China ",5.0,3 reviews,≤1h,100.0%,- orders,-1,-1,,,2214,28100000,2,-1,2,Yes,4,"Southeast Asia(19%), Africa(12%), Mid East(10%)",,"Retailer, Engineer, Wholesaler, Brand business, For private use, Manufacturer","customized on demand, customized on demand, light customization, sample processing, graphic processing",-1,1
"Ganzhou Great Magnet Technology Co., Ltd.",,"Jiangxi, China ",5.0,3 reviews,≤2h,100.0%,1 orders,US $900+,-1,,,52000,-1,-1,3000,-1,Yes,4,"Domestic Market(80%), Southeast Asia(10%), North America(4%)",,"Retailer, Wholesaler, Brand business, Manufacturer","sample processing, graphic processing, customized on demand",50,12
"Dongyang Zhongxiang Magnetic Industry Co., Ltd.",,"Zhejiang, China ",4.3,7 reviews,≤2h,100.0%,- orders,-1,-1,,,1700,-1,3,-1,13,No,2,"Mid East(40%), South America(30%), Domestic Market(30%)",,"Retailer, Wholesaler","sample processing, graphic processing, customized on demand, sample processing, graphic processing, customized on demand",-1,1
"Foshan City Nuotuo Metal Co., Ltd.",,"Guangdong, China ",5.0,14 reviews,≤1h,100.0%,11 orders,"US $390,000+",-1,,,40000,1120000,15,-1,13,Yes,12,"Domestic Market(66%), North America(6%), Southeast Asia(5%)",,"Retailer, Engineer, Wholesaler, Brand business, For private use, Manufacturer","sample processing, graphic processing, customized on demand",2500,8
"Hebei Yongwei Metal Produce Co., Ltd.",,"Hebei, China ",5.0,3 reviews,≤3h,100.0%,14 orders,"US $980,000+",-1,,,40000,-1,5,100000,128,Yes,5,"Domestic Market(60%), Mid East(15%), Africa(10%)",,"Retailer, Engineer, Wholesaler, For private use, Brand business, Manufacturer",no,-1,10
"Shanghai Taixiong Magnetic Industrial Co., Ltd.",,"Shanghai, China ",4.7,11 reviews,≤5h,98.0%,111 orders,"US $480,000+",-1,,,1800,-1,-1,-1,-1,Yes,2,"Domestic Market(60%), North America(16%), South America(5%)",,"Retailer, Engineer, Wholesaler, For private use, Brand business, Manufacturer","light customization, sample processing, graphic processing, customized on demand, light customization, sample processing, graphic processing, customized on demand",15,3
"Anping County Jingsi Hardware Mesh Co., Ltd.",,"Hebei, China ",5.0,3 reviews,≤2h,100.0%,20 orders,"US $30,000+",-1,,,8000,-1,-1,-1,22,Yes,2,"North America(40%), Southeast Asia(20%), Western Europe(20%)",,"Retailer, Engineer, Wholesaler, Brand business, For private use, Manufacturer","graphic processing, customized on demand, sample processing",-1,15
"Dongguan Xinyuan Magnetic Products Co., Ltd.",,"Guangdong, China ",4.9,69 reviews,≤2h,94.9%,563 orders,"US $490,000+",-1,,,6664,-1,10,1800,280,Yes,4,"Domestic Market(30%), North America(20%), Eastern Europe(20%)",,"Retailer, Wholesaler, Brand business, For private use, Manufacturer","sample processing, graphic processing, customized on demand",30,2
"Shandong Jinlin Steel Processing Co., Ltd.",,"Shandong, China ",-1,-1,≤5h,100.0%,- orders,-1,-1,,,12600,-1,6,-1,66,Yes,2,"Domestic Market(41%), Southeast Asia(11%), Africa(11%)",,"Retailer, Engineer, Wholesaler, Brand business, For private use, Manufacturer","graphic processing, sample processing, customized on demand, sample processing, graphic processing, customized on demand",20,3
Dongguan Meitian Technology Limited,,"Guangdong, China ",4.8,67 reviews,≤2h,100.0%,212 orders,"US $120,000+",-1,,,2000,1350000,3,-1,97,Yes,3,"North America(25%), Mid East(15%), Northern Europe(10%)",,"Retailer, Engineer, Wholesaler, Brand business, For private use, Manufacturer","light customization, sample processing, graphic processing, customized on demand",30,4
"Guangdong New Daming Aluminium Co., Ltd.",,"Guangdong, China ",-1,-1,≤2h,100.0%,- orders,-1,-1,,,259294,9120000,15,-1,56,Yes,20,"South America(20%), Africa(20%), Domestic Market(20%)",,"Retailer, Engineer, Wholesaler, Brand business, For private use, Manufacturer","sample processing, graphic processing, customized on demand",120,10
"Anping Qiangguan Ironware Wire Mesh Co., Ltd.",,"Hebei, China ",5.0,7 reviews,≤6h,100.0%,19 orders,"US $470,000+",-1,,,15000,5347225,5,12067600,29,Yes,4,"Southeast Asia(60%), Africa(20%), South America(10%)",,"Retailer, Engineer, Wholesaler, Brand business, For private use, Manufacturer","graphic processing, sample processing, sample processing, graphic processing",-1,0
"Shandong YushunTai Steel Pipe Co., Ltd",,"Shandong Province, China ",-1,-1,≤3h,100.0%,- orders,-1,-1,,,6200,-1,1,-1,4,Yes,2,"Domestic Market(97%), Mid East(3%)",,"Retailer, Engineer, Wholesaler, Brand business, For private use, Manufacturer","sample processing, graphic processing, customized on demand, sample processing, graphic processing, customized on demand",-1,3
"Xi'an Dongmeng Steel Co.,Ltd",,"Shaanxi, China ",4.6,12 reviews,≤3h,100.0%,- orders,-1,-1,,,920,-1,-1,-1,-1,Yes,2,"North America(30%), Western Europe(30%), South America(20%)",,"Retailer, Engineer, Wholesaler, Brand business, Manufacturer","light customization, sample processing, graphic processing, customized on demand, sample processing, customized on demand, graphic processing",-1,1
"Zhuhai Hong Sheng Solder Produtcs Co., Ltd.",,"Guangdong, China ",5.0,16 reviews,≤1h,86.1%,- orders,-1,-1,,,4800,-1,-1,-1,-1,Yes,4,"Domestic Market(40%), Mid East(25%), South Asia(20%)",,"Retailer, Engineer, Wholesaler, Brand business, For private use, Manufacturer","sample processing, graphic processing, customized on demand, sample processing, graphic processing, customized on demand",3,2
"Zhuzhou Jinxin Cemented Carbide Group Co., Ltd.",,"Hunan, China ",4.9,21 reviews,≤3h,68.0%,- orders,-1,-1,,,5500,-1,5,-1,50,Yes,6,"Eastern Europe(35%), Southeast Asia(25%), North America(10%)",,"Retailer, Engineer, Wholesaler, Brand business, For private use, Manufacturer","sample processing, light customization, graphic processing, customized on demand, no",100,8
"Xuyi Ouge Electronic Co., Ltd.",,"Jiangsu, China ",5.0,11 reviews,≤4h,100.0%,87 orders,"US $100,000+",-1,,,9261,-1,2,-1,64,Yes,9,"Domestic Market(72%), South America(9%), Eastern Europe(6%)",,"Retailer, Engineer, Wholesaler, Brand business, For private use, Manufacturer","sample processing, graphic processing, customized on demand, sample processing, graphic processing, customized on demand",400,13
"Anping County Jikai Wire Mesh Products Co., Ltd.",,"Hebei, China ",-1,-1,≤2h,100.0%,- orders,-1,-1,,,2500,-1,12,10000,14,Yes,1,"Domestic Market(70%), North America(20%), Mid East(10%)",,"Retailer, Engineer, Wholesaler, Brand business, For private use, Manufacturer","sample processing, graphic processing, customized on demand, customized on demand, graphic processing, sample processing",-1,0
"Shandong Liaocheng Jiuyang Steel Pipe Manufacturing Co., Ltd.",,"Shandong Province, China ",-1,-1,≤1h,100.0%,- orders,-1,-1,,,21000,-1,3,-1,18,Yes,2,Domestic Market(100%),,"Retailer, Engineer, Wholesaler, Brand business, For private use, Manufacturer","sample processing, graphic processing, customized on demand",50,2
"Anhui Konaflex Abrasives Products Mfg Co., Ltd.",,"Anhui, China ",5.0,1 reviews,≤7h,100.0%,- orders,-1,-1,,,5010,1600000,11,12300000,35,Yes,2,"Mid East(23%), Southeast Asia(16%), North America(13%)",,"Retailer, Engineer, Wholesaler, Brand business, Manufacturer","sample processing, graphic processing, customized on demand",35,2
"Shanghai Cj Magnet Industry Co., Ltd.",,"Shanghai, China ",5.0,6 reviews,≤5h,100.0%,20 orders,"US $10,000+",-1,,,38169,23086201,4,6000,115,Yes,35,"Western Europe(25%), Domestic Market(21%), North America(18%)",,"Retailer, Engineer, Wholesaler, Brand business, Manufacturer","light customization, graphic processing, sample processing, customized on demand, sample processing, graphic processing, customized on demand",400,25
"Huizhou Adp Optical Communications Co., Ltd",,"Guangdong, China ",5.0,7 reviews,≤3h,100.0%,10 orders,"US $490,000+",-1,,,15010,10115848,20,-1,91,Yes,8,"Southeast Asia(30%), South America(10%), North America(5%)",,"Retailer, Engineer, Wholesaler, Brand business, For private use, Manufacturer","sample processing, graphic processing, customized on demand, sample processing, graphic processing, customized on demand",50,9
Foshan Bigger Group,,"Guangdong, China ",5.0,13 reviews,≤3h,100.0%,46 orders,"US $360,000+",-1,,,3000,0,2,2000,22,Yes,5,"Mid East(30%), Southeast Asia(20%), Domestic Market(10%)",,"Retailer, Engineer, Wholesaler, Brand business, For private use, Manufacturer","sample processing, graphic processing, customized on demand",530,3
"Anshan Zhongjda Industry Co., Ltd.",,"Liaoning, China ",4.4,5 reviews,≤2h,95.2%,55 orders,"US $400,000+",-1,,,2005,-1,-1,-1,-1,Yes,2,"North America(40%), Western Europe(30%), Southeast Asia(10%)",,"Retailer, Engineer, Wholesaler, Brand business, For private use, Manufacturer","sample processing, graphic processing, customized on demand, sample processing, graphic processing, customized on demand",50,2
Nanhai Huixin Aluminum Company Limited Of Foshan,,"Guangdong, China ",5.0,5 reviews,≤3h,100.0%,22 orders,"US $1,400,000+",-1,,,10000,5000000,6,-1,25,Yes,8,"Africa(25%), South America(17%), Mid East(13%)",,"Retailer, Engineer, Wholesaler, Brand business, For private use, Manufacturer","sample processing, graphic processing, customized on demand, sample processing, graphic processing, customized on demand",450,8
"Shanghai Sansheng Health Technology Co., Ltd.",,"Shanghai, China ",4.9,5 reviews,≤3h,91.7%,20 orders,"US $20,000+",-1,,,20000,-1,20,1500000,35,Yes,6,"Domestic Market(35%), North America(25%), Western Europe(20%)",,"Retailer, Engineer, Wholesaler, Brand business, Manufacturer","sample processing, graphic processing, customized on demand",90,6
"Anping Yuda Wire Mesh Co., Ltd.",,"Hebei, China ",-1,-1,≤3h,100.0%,10 orders,"US $6,000+",-1,,,8500,2800000,5,10000,130,Yes,5,"Domestic Market(40%), Africa(10%), North America(5%)",,-1,"light customization, sample processing, graphic processing, customized on demand, sample processing, graphic processing, customized on demand",-1,0
"Shandong Kehuan Petroleum Equipment Co., Ltd.",,"Shandong, China ",-1,-1,≤2h,87.5%,- orders,-1,-1,,,149834,41250000,55,-1,25,Yes,4,"Domestic Market(70%), Southeast Asia(10%), Africa(5%)",,"Wholesaler, Brand business, For private use","sample processing, graphic processing, customized on demand",26,36
"Shenzhen Sinowares Technology Co., Ltd.",,"Guangdong, China ",-1,-1,≤3h,100.0%,11 orders,"US $6,000+",-1,,,1000,-1,10,-1,39,Yes,10,"Domestic Market(80%), North America(5%), Mid East(5%)",,"Retailer, Engineer, Wholesaler, Brand business, For private use, Manufacturer","sample processing, graphic processing, customized on demand",10,6
"Tianjin Longford Metal Products Co., Ltd.",,"Tianjin, China ",5.0,5 reviews,≤3h,98.6%,147 orders,"US $1,000,000+",-1,,,2818,9502000,6,-1,8,Yes,4,"Domestic Market(50%), North America(10%), Southeast Asia(10%)",,"Retailer, Engineer, Wholesaler, Brand business, For private use, Manufacturer","sample processing, graphic processing, customized on demand, no",-1,1
"Shanghai Taixiong Magnetic Industrial Co., Ltd.",,"Shanghai, China ",4.8,7 reviews,≤5h,88.5%,121 orders,"US $470,000+",-1,,,1800,-1,-1,3000,-1,Yes,2,"Domestic Market(60%), North America(16%), South America(5%)",,"Retailer, Wholesaler, Brand business, For private use, Manufacturer","sample processing, graphic processing, customized on demand, sample processing, graphic processing, customized on demand",100,3
"Zhuzhou Chuangde Cemented Carbide Co., Ltd.",,"Hunan, China ",4.9,9 reviews,≤4h,100.0%,- orders,-1,-1,,,1000,726744,2,-1,23,Yes,2,"South America(30%), South Asia(21%), Western Europe(19%)",,"Retailer, Engineer, Wholesaler, Brand business, For private use, Manufacturer","sample processing, graphic processing, light customization, customized on demand",30,1
"Anping Dongjie Wire Mesh Products Co., Ltd.",,"Hebei, China ",-1,-1,≤2h,100.0%,41 orders,"US $240,000+",-1,,,3980,-1,-1,1902000,-1,Yes,2,"Domestic Market(40%), North America(27%), Eastern Europe(6%)",,"Retailer, Engineer, Wholesaler, Brand business, For private use, Manufacturer","sample processing, graphic processing, customized on demand, sample processing, customized on demand, graphic processing",-1,3
"Foshan Kaiya Aluminum Co., Ltd.",,"Guangdong, China ",5.0,4 reviews,≤4h,100.0%,35 orders,"US $1,500,000+",-1,,,2780,-1,4,541,30,Yes,4,"Western Europe(52%), Oceania(26%), North America(7%)",,"Retailer, Engineer, Wholesaler, Brand business, For private use, Manufacturer","sample processing, graphic processing, customized on demand, sample processing, graphic processing, customized on demand",22,6
"Shenzhen Sunhuy Magnetoelectric Co., Ltd.",,"Guangdong, China ",4.7,26 reviews,≤1h,97.0%,115 orders,"US $80,000+",-1,,,984,1250000,1,29550000,10,No,0,"North America(18%), Northern Europe(17%), South America(13%)",,"Engineer, For private use, Manufacturer","no, no",50,0
"Xinghua Shunjie High Temperature Alloy Products Co., Ltd.",,"Jiangsu Province, China ",5.0,2 reviews,≤3h,100.0%,- orders,-1,-1,,,7458,-1,5,-1,108,Yes,3,Domestic Market(100%),,"Retailer, Engineer, Wholesaler, Brand business, For private use, Manufacturer","graphic processing, sample processing, customized on demand",-1,2
"Shandong Hengda Engineering Materials Co., Ltd.",,"Shandong, China ",5.0,3 reviews,≤2h,100.0%,- orders,-1,-1,,,1150,-1,1,-1,3,Yes,1,Domestic Market(100%),,"Retailer, Wholesaler, Brand business, For private use, Manufacturer","customized on demand, light customization, graphic processing, sample processing, light customization, customized on demand, sample processing, graphic processing",10,1
"SAKY STEEL CO., LIMITED",,"Shanghai, China ",5.0,3 reviews,≤3h,100.0%,24 orders,"US $480,000+",-1,,,1980,1100000,3,-1,80,Yes,3,"Southeast Asia(20%), Mid East(15%), Eastern Asia(10%)",,"Retailer, Engineer, Wholesaler, Brand business, For private use, Manufacturer","sample processing, graphic processing, customized on demand, sample processing, graphic processing, customized on demand",109,3
"Hangzhou Shengshideng Magnetics Co., Ltd.",,"Zhejiang, China ",4.8,9 reviews,≤8h,89.6%,381 orders,"US $1,800,000+",-1,,,7471,16809307,-1,-1,300,Yes,8,"North America(20%), Western Europe(18%), Southern Europe(18%)",,"Retailer, Engineer, Wholesaler, Brand business, For private use, Manufacturer","sample processing, graphic processing, customized on demand, sample processing, graphic processing, customized on demand",6,10
"Wuxi Kuaifa Steel Pipe Manufacturing Co., Ltd.",,"Jiangsu, China ",5.0,3 reviews,≤5h,100.0%,- orders,-1,-1,,,5040,-1,4,-1,5,Yes,1,"Domestic Market(60%), North America(20%), Mid East(20%)",,"Retailer, Engineer, Wholesaler, Brand business, For private use, Manufacturer","light customization, sample processing, graphic processing, customized on demand, light customization, graphic processing, customized on demand",80,3
"Hangzhou SDM Magnetics Co., Ltd.",,"Zhejiang, China ",1.6,1 reviews,≤10h,97.4%,60 orders,"US $200,000+",-1,,,3489,21150337,4,150000000,91,Yes,3,"North America(20%), Western Europe(20%), Southern Europe(20%)",,"Retailer, Engineer, Wholesaler, Brand business, Manufacturer","light customization, graphic processing, sample processing",36,2
"Shanghai Tankii Alloy Material Co., Ltd.",,"Shanghai, China ",4.9,6 reviews,≤3h,100.0%,15 orders,"US $30,000+",-1,,,1200,3258700,3,-1,79,Yes,1,"Southern Europe(15%), North America(10%), Eastern Asia(10%)",,"Retailer, Engineer, Wholesaler, Brand business, Manufacturer","sample processing, graphic processing, customized on demand, sample processing, graphic processing, customized on demand",-1,1
"Shandong Kuaima Steel Co., Ltd.",,"Shandong, China ",-1,-1,≤4h,100.0%,15 orders,"US $120,000+",-1,,,1500,-1,-1,-1,-1,Yes,1,"North America(40%), Southeast Asia(20%), South Asia(20%)",,"Retailer, Engineer, Wholesaler, Brand business, For private use, Manufacturer","graphic processing, sample processing, customized on demand, sample processing, graphic processing, customized on demand",-1,1
"Anping Yachao Hardware Wire Mesh Manufacture Co., Ltd.",,"Hebei, China ",4.8,18 reviews,≤2h,100.0%,94 orders,"US $460,000+",-1,,,3100,2450000,36,-1,120,Yes,5,"North America(22%), Mid East(20%), Domestic Market(20%)",,"Retailer, Engineer, Wholesaler, Brand business, For private use, Manufacturer","sample processing, graphic processing, customized on demand",200,4
"Lichenghui Metal Technology (Foshan) Co., Ltd.",,"Guangdong, China ",5.0,4 reviews,≤2h,100.0%,- orders,-1,-1,,,3000,-1,-1,10605000,-1,Yes,4,"Domestic Market(54%), North America(27%), Eastern Europe(5%)",,"Retailer, Engineer, Wholesaler, Brand business, For private use, Manufacturer","light customization, sample processing, graphic processing, customized on demand",32,4
"Dongguan Maghard Flexible Magnet Co., Ltd.",,"Guangdong, China ",4.8,22 reviews,≤8h,98.5%,113 orders,"US $220,000+",-1,,,7050,-1,6,24003600,50,Yes,6,"Domestic Market(34%), Eastern Asia(17%), North America(13%)",,"Retailer, Wholesaler, Brand business","light customization, sample processing, graphic processing, customized on demand",2700,3
"Henan Retop Aluminum Co., Ltd.",,"Henan, China ",4.8,14 reviews,≤8h,100.0%,58 orders,"US $1,000,000+",-1,,,120000,-1,8,-1,40,Yes,6,"Domestic Market(70%), Africa(7%), North America(6%)",,"Retailer, Engineer, Wholesaler, Brand business, For private use, Manufacturer","sample processing, graphic processing, customized on demand",24,5
"Jiangsu Hanpu Mechanical Technology Co., Ltd",,"Jiangsu, China ",5.0,1 reviews,≤4h,100.0%,17 orders,"US $240,000+",-1,,,5000,12000000,1,96850,15,Yes,5,"North America(30%), South America(20%), Africa(10%)",,"Retailer, Engineer, Wholesaler, For private use, Manufacturer",no,0,0
"Shanghai Common Metal Products Co., Ltd.",,"Shanghai, China ",5.0,5 reviews,≤2h,97.1%,- orders,-1,-1,,,3300,-1,9,-1,15,Yes,1,"Domestic Market(50%), Northern Europe(20%), North America(10%)",,"Retailer, Engineer, Wholesaler, Brand business, Manufacturer","light customization, sample processing, graphic processing, customized on demand, sample processing, graphic processing, customized on demand",2000,2
"Xi'an Huafeng Construction Engineering Co., Ltd.",,"Shaanxi, China ",5.0,7 reviews,≤4h,100.0%,- orders,-1,-1,,,2000,272672,-1,421130,-1,Yes,1,"North America(30%), Mid East(15%), Southeast Asia(12%)",,"Retailer, Engineer, Wholesaler, Brand business, For private use, Manufacturer","customized on demand, light customization, sample processing, graphic processing",-1,3
"Guangdong South Magnet Technology Co., Ltd.",,"GuangDong, China ",5.0,3 reviews,≤2h,92.9%,24 orders,"US $100,000+",-1,,,10800,1621200,5,11517269,88,Yes,6,"Domestic Market(93%), North America(2%), Western Europe(2%)",,"Retailer, Wholesaler","sample processing, graphic processing, customized on demand, no",36,10
"Hebei MSD Metal Product Co., Ltd.",,"Hebei, China ",-1,-1,≤5h,100.0%,7 orders,"US $2,000+",-1,,,9136,1412719,8,-1,-1,Yes,2,"North America(40%), Eastern Europe(20%), Eastern Asia(10%)",,"Retailer, Engineer, Wholesaler, Brand business, For private use, Manufacturer","sample processing, graphic processing, customized on demand",75,2
"Tianjin Yuantai Derun International Trade Co., Ltd.",,"Tianjin, China ",5.0,3 reviews,≤5h,100.0%,4 orders,"US $40,000+",-1,,,960150,17139974,72,6000000,140,Yes,40,"Mid East(40%), South America(15%), Southeast Asia(15%)",,"Retailer, Engineer, Wholesaler, Brand business, For private use, Manufacturer","light customization, graphic processing, sample processing, customized on demand, light customization, sample processing, graphic processing, customized on demand",0,7
"hebei ruihao metal products co.,ltd",,"Hebei, China ",4.8,3 reviews,≤12h,100.0%,5 orders,"US $3,000+",-1,,,13986,-1,13,22613200,45,Yes,2,"Mid East(30%), Eastern Europe(25%), Southeast Asia(25%)",,"Retailer, Engineer, Wholesaler, Brand business, For private use, Manufacturer","sample processing, customized on demand, customized on demand, light customization, sample processing, graphic processing",-1,0
"Tianjin Zhanzhi Steel Co., Ltd.",,"Tianjin, China ",5.0,1 reviews,≤3h,100.0%,16 orders,"US $2,200,000+",-1,,,13680,58316953,-1,840000,-1,Yes,6,"Domestic Market(40%), Mid East(17%), South America(8%)",,"Retailer, Engineer, Wholesaler, Brand business, For private use, Manufacturer","light customization, sample processing, graphic processing, customized on demand, light customization, sample processing, graphic processing",-1,2
"Huaping Steel (Shandong) Co., Ltd.",,"Shandong, China ",5.0,6 reviews,≤11h,57.1%,- orders,-1,-1,,,6200,9700000,2,50000,2,Yes,1,"South America(26%), Africa(22%), Mid East(18%)",,"Retailer, Engineer, Wholesaler, Brand business, For private use, Manufacturer",-1,-1,1
"Yiwu Heer Clothing Co., Ltd.",,"Zhejiang, China ",4.9,195 reviews,≤2h,99.7%,- orders,-1,-1,,,1156,-1,2,-1,-1,Yes,4,"North America(35%), Western Europe(13%), Southeast Asia(12%)",,-1,"sample processing, graphic processing, customized on demand, sample processing, graphic processing, customized on demand",850,2
"Henan Banghong Industry And Trade Co., Ltd.",,"Henan, China ",4.5,51 reviews,≤2h,98.3%,- orders,-1,-1,,,21731,25506043,-1,-1,-1,Yes,3,"North America(81%), Western Europe(11%), Africa(8%)",,"Retailer, Engineer, Wholesaler, Brand business, For private use, Manufacturer","sample processing, graphic processing, customized on demand, sample processing, graphic processing, customized on demand",13,3
Everich Commerce Group Limited,,"Zhejiang, China ",4.9,15 reviews,≤4h,88.9%,- orders,-1,-1,,,66394,114811088,-1,-1,-1,Yes,58,"North America(55%), Southern Europe(9%), Eastern Europe(7%)",,"Retailer, Engineer, Wholesaler, Brand business, For private use, Manufacturer","sample processing, light customization, graphic processing, customized on demand, light customization, sample processing, graphic processing, customized on demand",500,32
"Xuchang Jian'an Area Usexy Trading Co., Ltd.",,"Henan, China ",4.8,432 reviews,≤2h,99.0%,1363 orders,"US $510,000+",-1,,,1370,-1,5,-1,37,No,5,"North America(70%), Western Europe(14%), Eastern Europe(5%)",,"Retailer, Engineer, Wholesaler, Brand business, For private use, Manufacturer","no, sample processing, graphic processing, customized on demand",-1,1
"Yiwu Biusee Import & Export Co., Ltd.",,"Zhejiang, China ",4.8,343 reviews,≤2h,100.0%,- orders,-1,-1,,,1450,-1,-1,-1,-1,Yes,2,"North America(35%), Western Europe(13%), Southeast Asia(12%)",,"Retailer, Engineer, Wholesaler, For private use, Brand business, Manufacturer","light customization, sample processing, graphic processing, customized on demand, sample processing, graphic processing, customized on demand",850,1
"Guangzhou Fenqi Leather Co., Ltd.",,"Guangdong, China ",4.7,1321 reviews,≤2h,99.7%,- orders,-1,-1,,,2100,-1,-1,-1,26,Yes,5,"North America(54%), Western Europe(15%), Mid East(5%)",,"Retailer, Wholesaler, Brand business, For private use, Manufacturer","light customization, sample processing, graphic processing, customized on demand",100,2
"Dongguan Topway Clothing Co., Ltd.",,"Guangdong, China ",5.0,16 reviews,≤2h,96.8%,- orders,-1,-1,,,200,-1,1,-1,7,Yes,1,"North America(30%), Eastern Europe(15%), Western Europe(15%)",,"Retailer, Wholesaler, Brand business, For private use","graphic processing, sample processing, graphic processing, sample processing",60,0
"Yangjiang Yinlong Hardware Products Co., Ltd.",,"Guangdong, China ",4.8,6 reviews,≤1h,100.0%,- orders,-1,-1,,,1100,-1,-1,6000000,-1,Yes,3,"North America(60%), Southeast Asia(15%), South America(15%)",,"Retailer, Engineer, Wholesaler, Brand business, Manufacturer","sample processing, graphic processing, customized on demand",10,3
Ningbo Yinzhou Rilong Hardware Tools Factory,,"Zhejiang, China ",4.9,13 reviews,≤3h,88.9%,- orders,-1,-1,,,3500,-1,3,-1,68,Yes,3,"North America(20%), Western Europe(20%), Eastern Europe(15%)",,"Retailer, Engineer, Wholesaler, Brand business, For private use, Manufacturer","sample processing, graphic processing, customized on demand, sample processing, graphic processing, customized on demand",10,3
"Zhejiang Niuli Electric Co., Ltd.",,"Zhejiang, China ",4.7,23 reviews,≤4h,98.8%,150 orders,"US $90,000+",-1,,,3161,1836662,3,-1,24,Yes,2,"Domestic Market(60%), North America(10%), South America(5%)",,"Retailer, Engineer, Wholesaler, Brand business, For private use, Manufacturer","light customization, sample processing, graphic processing, customized on demand, light customization, sample processing, graphic processing, customized on demand",-1,2
"Nantong Yameili Power Tools Co., Ltd.",,"Jiangsu, China ",4.5,53 reviews,≤4h,100.0%,- orders,-1,-1,,,5000,-1,4,-1,25,Yes,4,"North America(20%), South America(10%), Southeast Asia(10%)",,"Retailer, Engineer, Wholesaler, Brand business, For private use, Manufacturer","light customization, sample processing, graphic processing, customized on demand",10,2
Chongqing Dazu District Caiyi Hardware Factory,,"Chongqing, China ",4.9,135 reviews,≤2h,98.4%,266 orders,"US $280,000+",-1,,,6278,-1,30,101008500,120,Yes,5,"Domestic Market(68%), South America(8%), Mid East(6%)",,"Retailer, Engineer, Wholesaler, Brand business, For private use, Manufacturer","sample processing, graphic processing, customized on demand, sample processing, graphic processing",68,5
Yangjiang Yangdong Sunsky Hardware & Plastic Products Factory,,"Guangdong, China ",4.9,14 reviews,≤2h,87.1%,- orders,-1,-1,,,1080,-1,1,-1,14,Yes,1,"North America(70%), Western Europe(10%), Mid East(5%)",,"Retailer, Engineer, Wholesaler, Brand business, For private use, Manufacturer","sample processing, graphic processing, customized on demand",200,1
Yangjiang City Jiangcheng Area Homeyee Hardware Factory,,"Guangdong, China ",4.7,8 reviews,≤9h,100.0%,58 orders,"US $30,000+",-1,,,4479,700000,1,10000000,50,Yes,3,"North America(60%), South America(10%), Eastern Europe(10%)",,"Retailer, Brand business","light customization, sample processing, graphic processing, customized on demand",22,3
"Nantong Shunhui Electronic Technology Co., Ltd.",,"Jiangsushen, China ",4.7,33 reviews,≤6h,94.7%,- orders,-1,-1,,,7521,-1,10,-1,58,Yes,6,"Domestic Market(80%), North America(5%), South America(5%)",,"Retailer, For private use",-1,20,1
"Yongkang Shark Abrasive Co., Ltd.",,"Zhejiang, China ",4.7,16 reviews,≤12h,96.4%,26 orders,"US $3,100,000+",-1,,,6400,-1,16,12300000,33,Yes,6,"North America(19%), Domestic Market(12%), Mid East(10%)",,"Retailer, Engineer, Wholesaler, Brand business, For private use, Manufacturer","light customization, sample processing, graphic processing, customized on demand, light customization, sample processing, graphic processing, customized on demand",15,6
"Shenzhen Chenzhou Technology Co., Ltd.",,"Guangdong, China ",4.6,252 reviews,≤3h,96.9%,652 orders,"US $110,000+",-1,,,3478,-1,-1,-1,-1,Yes,5,"North America(20%), Southeast Asia(20%), South America(10%)",,"Retailer, Engineer, Wholesaler, Brand business, For private use, Manufacturer","sample processing, graphic processing, customized on demand",20,5
"Ningbo Boxik Hardware Tools Co., Ltd.",,"Zhejiang, China ",4.4,8 reviews,≤2h,96.8%,- orders,-1,-1,,,7000,-1,-1,-1,225,Yes,3,"Domestic Market(65%), Mid East(8%), Northern Europe(4%)",,"Retailer, Engineer, Wholesaler, Brand business, For private use, Manufacturer","sample processing, graphic processing, customized on demand",6,2
"Ningbo Runda Machinery Co., Ltd.",,"Zhejiang, China ",4.5,13 reviews,≤12h,95.2%,40 orders,"US $4,000+",-1,,,18701,2687292,-1,-1,149,Yes,3,"North America(40%), Western Europe(30%), Domestic Market(7%)",,"Retailer, Engineer, Wholesaler, Brand business, For private use, Manufacturer","light customization, customized on demand, sample processing, graphic processing",-1,3
"Envoor (Jiangsu) Intelligent Manufacturing Co.,Ltd",,"Jiangsu, China ",4.7,29 reviews,≤2h,98.7%,157 orders,"US $60,000+",-1,,,2700,2471615,3,-1,22,Yes,4,"Domestic Market(40%), North America(10%), South America(10%)",,"Retailer, Wholesaler, Brand business, For private use, Manufacturer","customized on demand, graphic processing, sample processing, no",20,4
Meinengda Hardware Tools Manufacturer,,"Zhejiang, China ",4.7,13 reviews,≤2h,100.0%,- orders,-1,-1,,,5001,-1,10,-1,35,Yes,3,"South America(30%), North America(10%), Eastern Europe(10%)",,"Retailer, Wholesaler, Brand business, For private use","sample processing, graphic processing, customized on demand",10,5
"Yiwu Shenjue Technology Co., Ltd.",,"Zhejiang, China ",4.3,2 reviews,≤9h,100.0%,- orders,-1,-1,,,3000,-1,1,1000000,5,Yes,1,"North America(40%), Eastern Europe(20%), Mid East(20%)",,"Retailer, Brand business","light customization, sample processing, graphic processing, customized on demand",5,1
"Shantou Mingtu Hardware Co., Ltd.",,"Guangdong, China ",4.8,42 reviews,≤4h,98.5%,- orders,-1,-1,,,3388,2000000,6,-1,19,Yes,3,"North America(35%), Western Europe(20%), Oceania(15%)",,Brand business,"sample processing, graphic processing, customized on demand",90,3
"Jining Optimal Construction Machinery Co., Ltd.",,"Shandong, China ",5.0,4 reviews,≤2h,100.0%,- orders,-1,-1,,,14553,-1,5,-1,15,Yes,3,"Domestic Market(50%), Southeast Asia(15%), Eastern Europe(10%)",,"Retailer, Engineer, Wholesaler, Brand business, For private use, Manufacturer","sample processing, graphic processing, customized on demand, sample processing, graphic processing, customized on demand",35,4
Henan Drills-King Mining Technology Ltd.,,"Henan Province, China ",4.8,69 reviews,≤2h,98.3%,356 orders,"US $520,000+",-1,,,-1,1383815,2,-1,0,Yes,1,"Domestic Market(50%), South America(8%), Western Europe(8%)",,"Retailer, Engineer, Wholesaler, Brand business, For private use, Manufacturer","sample processing, graphic processing, customized on demand, sample processing, graphic processing, customized on demand",5,1
"Shandong Xiaolong Industry And Trade Co., Ltd.",,"Shandong, China ",4.8,15 reviews,≤2h,100.0%,- orders,-1,-1,,,2550,-1,30,-1,43,Yes,3,"South America(30%), Mid East(20%), Africa(15%)",,"Retailer, Engineer, Wholesaler, Brand business, For private use, Manufacturer","sample processing, graphic processing, customized on demand, customized on demand, graphic processing, sample processing",30,2
"Zhejiang Double-Lin Valves Co., Ltd.",,"Zhejiang, China ",4.5,3 reviews,≤11h,75.0%,- orders,-1,-1,,,41811,18730000,-1,-1,-1,Yes,9,"Domestic Market(40%), South America(11%), Eastern Europe(8%)",,"Retailer, Engineer, Wholesaler, Brand business, For private use, Manufacturer","sample processing, graphic processing, customized on demand",-1,12
"Hebei Shenghui Pump Co., Ltd.",,"Hebei, China ",4.2,14 reviews,≤2h,100.0%,86 orders,"US $100,000+",-1,,,10000,-1,1,400000,49,Yes,2,"Mid East(20%), Southeast Asia(15%), Eastern Europe(10%)",,"Wholesaler, For private use, Manufacturer","light customization, sample processing, graphic processing, customized on demand, no",-1,2
"Shining Industrial Co., Ltd.",,"Shandong, China ",5.0,3 reviews,≤2h,77.8%,8 orders,"US $140,000+",-1,,,1264,-1,1,-1,12,Yes,2,"North America(20%), South America(20%), Africa(20%)",,"Retailer, Engineer, Wholesaler, For private use, Brand business, Manufacturer","light customization, customized on demand, sample processing, graphic processing, sample processing, graphic processing",-1,-1
"NANTONG YIZHIHANG POWER TOOLS CO.,LTD",,"Jiangsu, China ",4.8,108 reviews,≤9h,97.4%,453 orders,"US $1,000,000+",-1,,,5400,-1,3,-1,36,Yes,2,"Eastern Europe(80%), Northern Europe(15%), South Asia(5%)",,"Retailer, Wholesaler, Brand business, For private use, Manufacturer","no, sample processing, graphic processing, customized on demand",60,2
"Unison(qingdao) Industrial Co., Ltd.",,"Shandong, China ",4.8,48 reviews,≤8h,86.7%,158 orders,"US $370,000+",-1,,,1626,-1,2,-1,12,Yes,3,"South America(40%), Eastern Europe(20%), Western Europe(20%)",,"Retailer, Engineer, Wholesaler, Brand business, For private use, Manufacturer","light customization, sample processing, graphic processing, customized on demand, light customization, customized on demand, graphic processing, sample processing",50,4
"Hangzhou Ok Import & Export Co., Ltd.",,"Zhejiang, China ",4.8,12 reviews,≤1h,97.4%,134 orders,"US $340,000+",-1,,,18089,6811827,2,-1,12,Yes,-1,"North America(25%), Mid East(15%), Eastern Europe(10%)",,"Retailer, Wholesaler, Brand business, For private use","sample processing, graphic processing, customized on demand, light customization",138,3
"Shanghai SkyHammerTools Co.,Ltd",,"Shanghai, China ",4.9,27 reviews,≤3h,100.0%,- orders,-1,-1,,,24602,1300000,4,-1,51,Yes,3,"Western Europe(70%), Southern Europe(15%), North America(5%)",,"Retailer, Wholesaler, Brand business, For private use, Manufacturer","sample processing, graphic processing, customized on demand, no",25,2
"Ningbo Western Fitting Co., Ltd.",,"Zhejiang, China ",4.9,4 reviews,≤2h,100.0%,13 orders,"US $240,000+",-1,,,1433,3121178,-1,-1,-1,Yes,3,"North America(40%), South America(20%), Central America(10%)",,"Retailer, Engineer, Wholesaler, Brand business, For private use, Manufacturer","light customization, sample processing, graphic processing, customized on demand, light customization, sample processing, graphic processing, customized on demand",-1,3
"Hangzhou Hereditary Technology Co., Ltd.",,"Zhejiang, China ",4.2,56 reviews,≤11h,100.0%,144 orders,"US $20,000+",-1,,,3343,-1,-1,-1,-1,Yes,0,-1,,"Retailer, Engineer, Wholesaler, Brand business, For private use, Manufacturer",-1,-1,0
"Anhui Konaflex Abrasives Products Mfg Co., Ltd.",,"Anhui, China ",5.0,1 reviews,≤7h,100.0%,- orders,-1,-1,,,5010,1600000,11,12300000,35,Yes,2,"Mid East(23%), Southeast Asia(16%), North America(13%)",,"Retailer, Engineer, Wholesaler, Brand business, Manufacturer","sample processing, graphic processing, customized on demand",35,2
"Yiwu Canfly Import & Export Co., Ltd.",,"Zhejiang Province, China ",4.7,10 reviews,≤5h,88.2%,- orders,-1,-1,,,8186,8963550,-1,-1,-1,Yes,4,"South Asia(70%), Southeast Asia(20%), Mid East(4%)",,"Retailer, Engineer, Wholesaler, Brand business, For private use, Manufacturer","light customization, sample processing, graphic processing, customized on demand, sample processing, graphic processing, customized on demand",12,2
"Zhejiang Green Valve & Fitting Co., Ltd.",,"Zhejiang, China ",4.9,7 reviews,≤2h,88.0%,57 orders,"US $50,000+",-1,,,14251,-1,4,-1,-1,Yes,2,"Mid East(15%), South Asia(15%), North America(10%)",,"Retailer, Engineer, Wholesaler, Brand business, For private use, Manufacturer","sample processing, graphic processing, customized on demand",30,3
"Jiangsu Goldenline Intelligent Equipment Co., Ltd.",,"Jiangsu, China ",4.7,28 reviews,≤5h,100.0%,- orders,-1,-1,,,2815,-1,1,-1,19,Yes,2,"Western Europe(40%), Northern Europe(10%), Domestic Market(10%)",,"Retailer, Engineer, Wholesaler, Brand business, For private use, Manufacturer","sample processing, graphic processing, customized on demand, light customization, sample processing, graphic processing, customized on demand",12,8
"YUCHENG YONGHENG MEASURING TOOLS CO., LTD.",,"Henan, China ",4.8,17 reviews,≤3h,97.2%,63 orders,"US $30,000+",-1,,,3066,-1,3,240000,15,Yes,5,"Domestic Market(47%), Western Europe(15%), Southeast Asia(12%)",,"Retailer, Wholesaler, Brand business","sample processing, customized on demand",5,1
Shenzhen Hennsery Craft Limited,,"Guangdong, China ",4.9,38 reviews,≤6h,100.0%,228 orders,"US $360,000+",-1,,,2400,1100000,3,-1,22,Yes,2,"North America(50%), Eastern Europe(20%), South America(5%)",,"Retailer, Engineer, Wholesaler, Brand business, For private use, Manufacturer","light customization, sample processing, graphic processing, customized on demand, sample processing, graphic processing, customized on demand, light customization",90,3
"Ningbo Langdi Intel M&E Co., Ltd.",,"Zhejiang, China ",4.8,3 reviews,≤3h,100.0%,8 orders,"US $20,000+",-1,,,16000,3245278,-1,-1,-1,Yes,15,"Domestic Market(54%), North America(13%), Western Europe(12%)",,"Retailer, Engineer, Wholesaler, Brand business, For private use, Manufacturer","sample processing, graphic processing, customized on demand",12,15
Nanhe County Tianhua Saw Industry,,"Hebei, China ",4.9,19 reviews,≤3h,100.0%,- orders,-1,-1,,,7200,-1,2,-1,-1,Yes,4,"Southeast Asia(40%), North America(20%), South America(20%)",,"Retailer, Wholesaler, Brand business, For private use, Manufacturer","customized on demand, sample processing, graphic processing, sample processing, graphic processing, customized on demand",-1,2
"Qingdao Huilisheng Rigging Hardware Product Co., Ltd.",,"Shandong, China ",4.9,20 reviews,≤1h,100.0%,73 orders,"US $40,000+",-1,,,2165,-1,3,-1,32,Yes,2,"North America(60%), Eastern Europe(10%), Oceania(10%)",,"Retailer, Wholesaler, Brand business, For private use","sample processing, graphic processing, customized on demand, sample processing, graphic processing, customized on demand",300,2
"Tianjin Theone Metal Products Co., Ltd.",,"Tianjin, China ",5.0,7 reviews,≤3h,89.2%,64 orders,"US $90,000+",-1,,,4197,8200000,3,126700000,102,Yes,3,"Domestic Market(21%), Mid East(16%), North America(14%)",,-1,"sample processing, graphic processing, light customization, customized on demand",-1,3
"Taian Liang Teng Industry And Trade Co., Ltd.",,"Shandong, China ",4.8,80 reviews,≤2h,100.0%,403 orders,"US $270,000+",-1,,,5748,1350000,3,2740000,42,Yes,2,"Domestic Market(60%), North America(16%), South America(5%)",,"Retailer, Engineer, Wholesaler, Brand business, For private use, Manufacturer","sample processing, graphic processing, customized on demand",10,4
"Guangdong Dkv Valve Co., Limited",,"Guangdong, China ",4.7,30 reviews,≤1h,98.8%,158 orders,"US $80,000+",-1,,,2608,2027204,1,-1,8,Yes,3,"Domestic Market(30%), South Asia(14%), Southeast Asia(10%)",,"Retailer, Engineer, Wholesaler, Brand business, For private use, Manufacturer","sample processing, graphic processing, customized on demand, sample processing, graphic processing, customized on demand",30,2
"Yongkang Topvei Industry&trade Co., Ltd.",,"Zhejiang, China ",5.0,4 reviews,≤4h,100.0%,- orders,-1,-1,,,10000,-1,-1,-1,-1,Yes,2,"Western Europe(30%), Domestic Market(30%), Eastern Europe(10%)",,"Retailer, Engineer, Wholesaler, Brand business, Manufacturer","sample processing, light customization, graphic processing, customized on demand",7,3
"Guangzhou Baolin Plastic Manufacturer Co., Ltd.",,"Guangdong, China ",5.0,1 reviews,≤3h,100.0%,19 orders,"US $80,000+",-1,,,20000,-1,2,-1,14,Yes,5,"Domestic Market(22%), North America(20%), Eastern Europe(10%)",,"Retailer, Wholesaler, Brand business, Manufacturer","sample processing, graphic processing, customized on demand, sample processing, graphic processing, customized on demand",220,5
"Ninghai Xinming Cleaning Equipment Co., Ltd.",,"Zhejiang, China ",5.0,2 reviews,≤4h,90.0%,35 orders,"US $20,000+",-1,,,10000,-1,1,-1,30,Yes,1,"Domestic Market(28%), North America(26%), South America(5%)",,"Retailer, Wholesaler, Brand business, For private use",no,-1,1
"Hangzhou Xinsheng Precision Machinery Co., Ltd.",,"Zhejiang, China ",4.8,47 reviews,≤3h,93.2%,154 orders,"US $70,000+",-1,,,11952,-1,-1,500000,-1,Yes,20,"Domestic Market(80%), Southeast Asia(10%), North America(5%)",,"Retailer, Engineer, Wholesaler, Brand business, For private use, Manufacturer","sample processing, graphic processing, light customization, customized on demand",16,5
"Changzhou Super Dragon Abrasives Co., Ltd.",,"Jiangsu, China ",4.9,6 reviews,≤4h,100.0%,39 orders,"US $20,000+",-1,,,2350,-1,2,-1,15,Yes,2,"Domestic Market(50%), Southeast Asia(15%), North America(10%)",,"Retailer, Wholesaler, Brand business, Manufacturer",light customization,-1,0
"Handan Wangsheng Fastener Co., Ltd.",,"Hebei, China ",4.4,11 reviews,≤3h,100.0%,- orders,-1,-1,,,7000,-1,23,-1,-1,Yes,4,"Domestic Market(41%), Eastern Asia(10%), South Asia(10%)",,"Retailer, Engineer, Wholesaler, Brand business","sample processing, graphic processing, customized on demand, sample processing, graphic processing, customized on demand",450,2
Jinhua Jiuxin Industrial & Trading Inc.,,"Zhejiang, China ",5.0,1 reviews,≤10h,100.0%,7 orders,"US $20,000+",-1,,,19820,-1,3,-1,53,Yes,3,"North America(22%), Eastern Europe(22%), South America(14%)",,"Retailer, Wholesaler, Brand business","sample processing, graphic processing, customized on demand",10,2
"Hebei Duotong Trading Co., Ltd.",,"Hebei, China ",4.9,18 reviews,≤3h,88.9%,125 orders,"US $140,000+",-1,,,8300,-1,12,600000000,32,Yes,3,"Domestic Market(80%), North America(10%), Western Europe(5%)",,"Retailer, Engineer, Wholesaler, Brand business, For private use, Manufacturer","light customization, sample processing, graphic processing, customized on demand, customized on demand",90,4
"Taizhou Green Rain Valves Co.,ltd",,"Zhejinag, China ",4.6,4 reviews,≤5h,50.0%,40 orders,"US $110,000+",-1,,,1400,-1,-1,-1,-1,Yes,3,"Southeast Asia(15%), Mid East(15%), South America(10%)",,"Retailer, Engineer, Wholesaler, Brand business, For private use, Manufacturer","sample processing, graphic processing, light customization, customized on demand",40,4
"Hebei SPT Seals Technology Co., Ltd.",,"Hebei, China ",4.9,17 reviews,≤2h,100.0%,107 orders,"US $70,000+",-1,,,2500,-1,2,-1,23,Yes,2,"Domestic Market(45%), North America(20%), Southeast Asia(8%)",,"Retailer, Wholesaler, Brand business, For private use, Manufacturer","light customization, sample processing, graphic processing, customized on demand",-1,1
"Shandong Rayman Machinery Co., Ltd.",,"Shandong, China ",4.9,5 reviews,≤1h,96.4%,35 orders,"US $130,000+",-1,,,4200,750000,4,-1,10,Yes,3,"South America(22%), North America(20%), Eastern Europe(12%)",,"Retailer, Engineer, Wholesaler, Brand business, For private use, Manufacturer","sample processing, graphic processing, customized on demand, sample processing, graphic processing, customized on demand",33,5
"Kunshan Grace Precision Hardware Co., Ltd.",,"Jiangsu, China ",-1,-1,≤8h,100.0%,9 orders,"US $5,000+",-1,,,1354,-1,5,2770,14,Yes,5,"Domestic Market(88%), Eastern Asia(6%), North America(2%)",,-1,"light customization, sample processing, graphic processing, customized on demand, no",336,3
"Hangzhou John Hardware Tools Co., Ltd",,"Zhejiang, China ",4.3,1 reviews,≤14h,90.0%,13 orders,"US $200,000+",-1,,,32328,-1,7,8550000,56,Yes,20,"North America(32%), Western Europe(30%), Eastern Europe(10%)",,"Retailer, Wholesaler, Brand business","light customization, sample processing, graphic processing, customized on demand",168,20
"Shandong Beinaiya Automotive Tools Co., Ltd.",,"Shandong, China ",5.0,12 reviews,≤2h,100.0%,- orders,-1,-1,,,11696,-1,7,11400000,149,Yes,3,"Domestic Market(50%), North America(10%), Southeast Asia(10%)",,"Retailer, Engineer, Wholesaler, Brand business, For private use, Manufacturer","graphic processing, sample processing, customized on demand",100,2
"Shandong Juhuan New Material Technology Co., Ltd.",,"Shandong, China ",4.8,12 reviews,≤5h,100.0%,49 orders,"US $1,500,000+",-1,,,100000,12800000,7,-1,80,Yes,20,"Domestic Market(76%), Mid East(5%), South America(3%)",,"Retailer, Engineer, Wholesaler, Brand business, Manufacturer","sample processing, graphic processing, customized on demand",15,20
"Jiangmen Jiangyi Abrasive Wheel Product Co., Ltd.",,"Guangdong, China ",5.0,20 reviews,≤6h,95.7%,46 orders,"US $10,000+",-1,,,10576,-1,1,230000,22,Yes,3,"Domestic Market(46%), Southeast Asia(18%), Central America(5%)",,"Retailer, Engineer, Wholesaler, Brand business, For private use, Manufacturer","sample processing, graphic processing, customized on demand",25,4
"Suzhou Shande Precision Tools Co., Ltd.",,"Jiangsu, China ",4.5,3 reviews,≤4h,100.0%,- orders,-1,-1,,,2300,-1,79,-1,79,Yes,3,"Domestic Market(55%), Eastern Europe(20%), South Asia(10%)",,"Retailer, other|E-commerce Customers, Wholesaler","sample processing, graphic processing, customized on demand",1200,5
"Shanghai EVP Vacuum Technology Co., Ltd.",,"Shanghai, China ",5.0,2 reviews,≤4h,100.0%,41 orders,"US $100,000+",-1,,,4316,14000000,1,4460,39,Yes,3,"Domestic Market(20%), Eastern Asia(15%), North America(10%)",,"Retailer, Engineer, Wholesaler, Brand business, For private use, Manufacturer","light customization, graphic processing, sample processing, graphic processing, customized on demand",50,8
"Shandong Zhihua Pipe Industry Co., Ltd.",,"Shandong, China ",5.0,7 reviews,≤3h,100.0%,- orders,-1,-1,,,16665,8602227,-1,50000,-1,Yes,28,"Domestic Market(75%), South America(6%), Mid East(4%)",,"Retailer, Engineer, Wholesaler, Brand business, Manufacturer","sample processing, graphic processing, customized on demand",200,20
"Wenzhou Bangxin Fastener Co., Ltd.",,"Zhejiang, China ",-1,-1,≤7h,100.0%,- orders,-1,-1,,,3137,5000000,-1,-1,-1,Yes,3,"North America(55%), Domestic Market(17%), Eastern Europe(5%)",,"Retailer, Engineer, Wholesaler, Brand business, For private use, Manufacturer","sample processing, graphic processing, customized on demand",300,3
"Kafuwell (hangzhou) Industry Co., Ltd.",,"Zhejiang, China ",4.7,4 reviews,≤1h,100.0%,17 orders,"US $10,000+",-1,,,17089,2292449,4,-1,10,Yes,3,"Western Europe(50%), Domestic Market(30%), North America(10%)",,"Retailer, Engineer, Wholesaler, Brand business, For private use, Manufacturer","sample processing, graphic processing, customized on demand",230,1
"Zhejiang Kelong Hardware Co., Ltd.",,"Zhejiang, China ",5.0,2 reviews,≤5h,100.0%,- orders,-1,-1,,,20000,-1,4,-1,32,Yes,4,"North America(60%), Western Europe(35%), South America(5%)",,"Retailer, Engineer, Wholesaler, Brand business, For private use, Manufacturer","sample processing, graphic processing, customized on demand",20,4
"Henan Changhong Mechanical & Electrical Equipment Co., Ltd.",,"Henan, China ",5.0,3 reviews,≤3h,72.7%,19 orders,"US $90,000+",-1,,,5400,-1,1,-1,33,Yes,5,"Southeast Asia(60%), North America(10%), Eastern Europe(10%)",,"Retailer, Engineer, Wholesaler, Manufacturer","customized on demand, graphic processing, sample processing",-1,3
"Henan Protool Tools Co., Ltd.",,"Henan, China ",4.7,10 reviews,≤8h,100.0%,- orders,-1,-1,,,1800,-1,5,-1,7,Yes,2,"Southeast Asia(30%), South America(20%), Eastern Asia(20%)",,"Retailer, Brand business","sample processing, graphic processing, customized on demand",20,2
Shenzhen Allwin Gifts Limited,,"Guangdong, China ",3.3,5 reviews,≤3h,88.1%,- orders,-1,-1,,,1000,3179363,-1,-1,28,Yes,2,"Oceania(17%), Mid East(15%), North America(10%)",,"Retailer, Wholesaler, Brand business, For private use","light customization, customized on demand, sample processing, graphic processing",120,4
"Quanzhou Midstar Abrasive Co., Ltd.",,"Fujian, China ",4.6,23 reviews,≤2h,98.3%,118 orders,"US $110,000+",-1,,,2504,-1,1,-1,-1,Yes,1,"Mid East(40%), Domestic Market(30%), North America(5%)",,"Retailer, Wholesaler, Brand business, Manufacturer","light customization, sample processing, graphic processing, customized on demand",2,1
"Jinhua Coofixtools I And E Co., Ltd.",,"Zhejiang, China ",5.0,15 reviews,≤5h,97.1%,81 orders,"US $2,600,000+",-1,,,6379,13589105,3,-1,13,Yes,7,"South America(24%), Africa(20%), Mid East(20%)",,"Retailer, Engineer, Wholesaler, Brand business","sample processing, graphic processing, customized on demand, sample processing, graphic processing, customized on demand",40,7
"Jiangmen Huaduo Hardware Co., Ltd.",,"Guangdong, China ",4.9,12 reviews,≤3h,90.3%,- orders,-1,-1,,,3095,-1,1,-1,44,Yes,2,"Southeast Asia(60%), North America(10%), South America(10%)",,"Retailer, Engineer, Wholesaler, Brand business, For private use, Manufacturer","sample processing, graphic processing, customized on demand",-1,3
"Zhejiang Zhifu Technology Co., Ltd.",,"Zhejiang, China ",3.6,2 reviews,≤5h,100.0%,- orders,-1,-1,,,3500,600000,2,1000000,5,Yes,2,"Domestic Market(60%), North America(30%), Western Europe(10%)",,"Retailer, Wholesaler, Brand business","sample processing, graphic processing, customized on demand",10,1
"Shenyang Ezd Sign Co., Ltd.",,"Liaoning, China ",4.9,13 reviews,≤2h,98.5%,- orders,-1,-1,,,1370,1050000,-1,-1,-1,Yes,1,"North America(30%), Mid East(30%), Oceania(20%)",,"Retailer, Engineer, Wholesaler, Brand business, Manufacturer","sample processing, graphic processing, customized on demand",500,5
"Shenyang Dongyue Industrial Co., Ltd.",,"Liaoning, China ",5.0,4 reviews,≤2h,90.0%,- orders,-1,-1,,,16566,-1,-1,-1,0,Yes,-1,-1,,"Retailer, Engineer, Wholesaler, Brand business, For private use, Manufacturer","sample processing, graphic processing, customized on demand",500,3
"Shenzhen WiViTouch Technology Co., Ltd.",,"Guangdong, China ",4.8,30 reviews,≤1h,97.7%,- orders,-1,-1,,,1500,2250000,1,22000,-1,Yes,2,"North America(70%), Domestic Market(10%), Central America(5%)",,"Retailer, Engineer, Wholesaler, Brand business, For private use, Manufacturer","light customization, sample processing, customized on demand, graphic processing",10,4
Shenzhen Jeetop Technology Limited,,"Guangdong, China ",4.4,9 reviews,≤2h,96.0%,- orders,-1,-1,,,2000,2850000,-1,-1,-1,Yes,2,"North America(80%), South America(5%), Western Europe(4%)",,"Retailer, Engineer, Wholesaler, Brand business, For private use, Manufacturer","light customization, sample processing, graphic processing, customized on demand, light customization, sample processing, graphic processing, customized on demand",10,3
"Bazhou Yizhan Exhibition Equipment Co., Ltd.",,"Hebei, China ",4.7,49 reviews,≤3h,99.2%,221 orders,"US $550,000+",-1,,,4000,-1,4,-1,57,Yes,2,"Domestic Market(36%), North America(10%), Eastern Asia(10%)",,"Retailer, Engineer, Wholesaler, Brand business, For private use, Manufacturer","sample processing, graphic processing, customized on demand",150,5
"Shenzhen Oux Technology Co., Ltd.",,"Guangdong, China ",4.7,89 reviews,≤2h,99.7%,665 orders,"US $290,000+",-1,,,2420,-1,-1,50000,-1,Yes,3,"Western Europe(45%), North America(30%), Oceania(5%)",,-1,"light customization, sample processing, graphic processing, customized on demand, light customization, sample processing, graphic processing, customized on demand",26,7
"Ningbo SICEN Refrigeration Equipment Co., Ltd.",,"Zhejiang, China ",4.9,27 reviews,≤7h,100.0%,160 orders,"US $420,000+",-1,,,8000,-1,3,-1,8,Yes,5,"Domestic Market(30%), North America(14%), Western Europe(10%)",,"Retailer, Engineer, Wholesaler, Brand business, For private use, Manufacturer","light customization, sample processing, graphic processing, customized on demand",-1,5
"Shanghai Xingye Shelf Co., Ltd.",,"Shanghai, China ",4.9,17 reviews,≤2h,100.0%,- orders,-1,-1,,,4543,-1,6,-1,17,Yes,2,"North America(30%), Southeast Asia(30%), Mid East(30%)",,"Retailer, Engineer, Wholesaler, Brand business, For private use, Manufacturer","sample processing, graphic processing, customized on demand",1000,2
"Chongqing Changbaotian Machinery Technology Co., Ltd.",,"Chongqing, China ",4.6,24 reviews,≤4h,100.0%,- orders,-1,-1,,,6334,-1,2,-1,25,Yes,2,"Domestic Market(80%), Oceania(8%), North America(5%)",,"Retailer, Wholesaler, For private use, Manufacturer","sample processing, graphic processing, customized on demand, sample processing, graphic processing, customized on demand",3,2
Guangzhou Baokang Western Kitchen Equipment Factory,,"Guangdong, China ",4.6,47 reviews,≤2h,95.1%,249 orders,"US $80,000+",-1,,,5000,-1,4,-1,27,Yes,2,"Eastern Europe(45%), Southeast Asia(20%), Africa(20%)",,"Retailer, Wholesaler, Brand business, For private use, Manufacturer","sample processing, graphic processing, customized on demand",-1,1
"Taizhou Genteck Electric Co., Ltd.",,"Zhejiang, China ",4.3,10 reviews,≤4h,97.1%,64 orders,"US $50,000+",-1,,,6314,-1,8,-1,12,Yes,6,"Eastern Europe(20%), Southeast Asia(20%), South America(18%)",,"Retailer, Wholesaler, Brand business","light customization, sample processing, graphic processing, customized on demand",40,3
"Qingdao Ruihong Fengmao Animal Husbandry Equipment Co., Ltd.",,"Shandong, China ",4.8,4 reviews,≤2h,100.0%,- orders,-1,-1,,,4000,1986657,3,-1,9,Yes,3,"Domestic Market(70%), North America(10%), South America(5%)",,"Retailer, Engineer, Wholesaler, Brand business, For private use, Manufacturer","sample processing, graphic processing, customized on demand",150,1
"Jinyun Qilong Machinery Co., Ltd.",,"Zhejiang, China ",4.6,20 reviews,≤4h,100.0%,107 orders,"US $20,000+",-1,,,14994,2060000,2,510000,43,Yes,3,"Africa(70%), South Asia(16%), Domestic Market(10%)",,"Retailer, Wholesaler, Brand business, Manufacturer","sample processing, graphic processing, customized on demand",110,0
"Suzhou Guyun Tent Co., Ltd.",,"Jiangsu, China ",4.4,7 reviews,≤5h,60.0%,- orders,-1,-1,,,8335,-1,-1,-1,-1,Yes,3,"Domestic Market(40%), North America(20%), Mid East(20%)",,"Retailer, Engineer, Wholesaler, Brand business, For private use, Manufacturer","sample processing, graphic processing, customized on demand, sample processing, graphic processing, customized on demand",-1,4
"Guangzhou Lc Sign Co., Ltd.",,"Guangdong, China ",4.9,150 reviews,≤2h,100.0%,- orders,-1,-1,,,18060,3000000,-1,6500000,-1,Yes,8,"North America(35%), Eastern Europe(20%), Oceania(15%)",,"Retailer, Engineer, Wholesaler, Brand business, For private use, Manufacturer","light customization, sample processing, graphic processing, customized on demand",180,18
"Guangzhou Lc Sign Co., Ltd.",,"Guangdong, China ",5.0,30 reviews,≤6h,98.3%,232 orders,"US $240,000+",-1,,,18060,3000000,-1,6500000,-1,Yes,8,"North America(35%), Eastern Europe(20%), Oceania(15%)",,"Retailer, Engineer, Wholesaler, Brand business, For private use, Manufacturer","sample processing, graphic processing, customized on demand",180,18
"Zhuji Qihong Electro-Mechanical Co., Ltd.",,"Zhjiang, China ",4.8,49 reviews,≤2h,100.0%,120 orders,"US $550,000+",-1,,,1710,-1,2,-1,3,Yes,1,"North America(20%), Western Europe(15%), Mid East(12%)",,"Retailer, Engineer, Wholesaler, Brand business, For private use, Manufacturer","sample processing, graphic processing, customized on demand",3,1
"Talent (tianjin) Electronics Co., Ltd.",,"Tianjin, China ",4.9,58 reviews,≤11h,87.8%,487 orders,"US $700,000+",-1,,,4725,-1,4,18000,21,Yes,4,"Eastern Europe(22%), Eastern Asia(20%), South America(18%)",,"Retailer, Engineer, Wholesaler, Brand business, For private use, Manufacturer","light customization, sample processing, graphic processing, customized on demand",-1,4
"Shanghai Second Printing Co., Ltd.",,"Shanghai, China ",4.8,26 reviews,≤2h,100.0%,94 orders,"US $10,000+",-1,,,681,-1,2,-1,29,Yes,2,"North America(45%), Oceania(35%), Domestic Market(9%)",,"Retailer, Engineer, Wholesaler, Brand business, For private use, Manufacturer","sample processing, graphic processing, customized on demand, sample processing, graphic processing, customized on demand",8,3
"Qingdao Jiachenxin Metal Products Co., Ltd.",,"Shandong, China ",4.9,11 reviews,≤2h,100.0%,- orders,-1,-1,,,4606,-1,12,-1,64,Yes,5,"Domestic Market(80%), North America(10%), South Asia(5%)",,"Retailer, Wholesaler, Brand business, For private use, Manufacturer","light customization, sample processing, graphic processing, customized on demand",30,5
"Shenzhen Hilan Optoelectronic Co., Ltd.",,"Guangdong, China ",4.0,2 reviews,≤2h,90.3%,- orders,-1,-1,,,3000,1200000,3,1122000,76,Yes,3,"Domestic Market(80%), Mid East(8%), North America(3%)",,"Engineer, Wholesaler, Brand business, For private use, Manufacturer","light customization, sample processing, graphic processing, customized on demand, customized on demand, light customization, sample processing, graphic processing",8,2
"Dongguan Geshifeng Metal Products Co., Ltd.",,"Guangdong, China ",4.5,39 reviews,≤4h,100.0%,160 orders,"US $200,000+",-1,,,7000,1150000,16,-1,85,Yes,8,"Domestic Market(17%), North America(14%), Mid East(12%)",,"Retailer, Engineer, Wholesaler, Brand business, For private use, Manufacturer","sample processing, graphic processing, customized on demand",178,3
"Shenzhen Uhled Technology Co., Ltd.",,"Guangdong, China ",4.7,21 reviews,≤1h,100.0%,92 orders,"US $2,100,000+",-1,,,4418,-1,3,-1,-1,Yes,2,"North America(45%), Western Europe(20%), South America(15%)",,"Retailer, Engineer, Wholesaler, Brand business, For private use, Manufacturer","light customization, sample processing, graphic processing, customized on demand",-1,4
Yiwu Kaimai Machinery Equipment Factory,,"Zhejiang, China ",4.8,64 reviews,≤4h,96.7%,- orders,-1,-1,,,800,-1,1,-1,2,Yes,1,"North America(65%), South America(20%), Africa(10%)",,"Retailer, Wholesaler, Brand business","sample processing, graphic processing, customized on demand, no",5,1
"Guangzhou Boxue Shelves Co., Ltd.",,"Guangdong, China ",4.8,7 reviews,≤3h,100.0%,- orders,-1,-1,,,4387,-1,1,-1,51,Yes,3,"Domestic Market(90%), North America(4%), South America(3%)",,"Retailer, Engineer, Wholesaler, Brand business, For private use, Manufacturer","sample processing, graphic processing, customized on demand, no",30,7
Chaozhou Chaoan Longhu Yuantai Hardware Manufactory,,"Guangdong, China ",4.3,211 reviews,≤5h,100.0%,640 orders,"US $310,000+",-1,,,9000,1260000,1,1000000,32,Yes,2,"North America(20%), Southeast Asia(15%), South America(10%)",,"Retailer, Wholesaler","sample processing, graphic processing, customized on demand",8,2
"Shenzhen Yirui Electronic Technology Co., Ltd.",,"Guangdong, China ",4.6,14 reviews,≤2h,92.2%,67 orders,"US $110,000+",-1,,,2500,4500000,-1,-1,-1,Yes,4,"North America(30%), Southeast Asia(25%), Western Europe(20%)",,"Retailer, Engineer, Wholesaler, Brand business, For private use, Manufacturer","sample processing, graphic processing, customized on demand",50,4
Enping Tact Audio Equipment Factory,,"Guangdong, China ",4.9,8 reviews,≤5h,100.0%,101 orders,"US $220,000+",-1,,,18000,1000000,6,-1,20,Yes,5,"Domestic Market(40%), Southeast Asia(30%), Eastern Asia(10%)",,"Retailer, Engineer, Wholesaler, Brand business, For private use, Manufacturer","light customization, sample processing, graphic processing, customized on demand",10,4
"Zhejiang Fanghua Sewing Machine Co., Ltd.",,"Zhejiang, China ",4.5,54 reviews,≤3h,94.0%,182 orders,"US $540,000+",-1,,,30077,10060000,10,-1,148,Yes,4,"Africa(30%), South America(15%), Eastern Europe(15%)",,"Retailer, Wholesaler, Brand business, For private use, Manufacturer","sample processing, graphic processing, customized on demand",5,3
Guangzhou Joy Inflatable Limited,,"Guangdong, China ",4.5,12 reviews,≤2h,100.0%,- orders,-1,-1,,,1500,899325,2,960,20,Yes,2,"North America(30%), Western Europe(30%), Domestic Market(14%)",,"Retailer, Wholesaler, For private use, Brand business",customized on demand,67,2
"Qingdao Seahisun Food Truck Technology Co., Ltd.",,"Shandong, China ",4.0,49 reviews,≤2h,94.9%,- orders,-1,-1,,,8000,8000000,3,-1,14,Yes,5,"North America(24%), Mid East(15%), Oceania(12%)",,"Retailer, Brand business, For private use","sample processing, graphic processing, customized on demand",90,8
"Guangxi Guichang Shelves Manufacturing Co., Ltd.",,"Guangxi, China ",4.9,33 reviews,≤2h,100.0%,- orders,-1,-1,,,28500,7854896,10,-1,80,Yes,15,"North America(20%), Domestic Market(18%), Southeast Asia(15%)",,"Retailer, Engineer, Wholesaler, Brand business, For private use, Manufacturer","sample processing, graphic processing, customized on demand",10,5
"Gongyi Wanlong Machinery Manufacturing Co., Ltd.",,"Henan, China ",4.5,20 reviews,≤2h,95.6%,- orders,-1,-1,,,3100,-1,3,2100,25,Yes,3,"Africa(38%), South America(21%), North America(17%)",,"Retailer, Engineer, For private use","light customization, sample processing, graphic processing, customized on demand",20,3
"Dongguan Kingone Electronics Co., Ltd.",,"Guangdong, China ",4.9,16 reviews,≤2h,97.3%,208 orders,"US $930,000+",-1,,,15000,4558000,4,-1,4,Yes,11,"North America(21%), Domestic Market(20%), South America(15%)",,"Retailer, Wholesaler, Brand business, For private use, Manufacturer","sample processing, graphic processing, customized on demand",150,16
"Shenzhen Fantasy View Technology Co., Ltd.",,"Guangdong, China ",4.5,116 reviews,≤2h,94.3%,864 orders,"US $1,000,000+",-1,,,2340,5236468,1,16700,0,Yes,6,"North America(20%), Mid East(15%), Western Europe(15%)",,"Retailer, Engineer, Wholesaler, Brand business, For private use","light customization, graphic processing, customized on demand, sample processing, light customization, sample processing, graphic processing, customized on demand",60,2
"Guangzhou Heda Shelves Co., Ltd",,"Guangdong, China ",4.8,28 reviews,≤4h,100.0%,- orders,-1,-1,,,2885,21000000,5,-1,54,Yes,3,"South America(15%), Southeast Asia(15%), Africa(15%)",,"Retailer, Engineer, Wholesaler, Brand business, Manufacturer","light customization, sample processing, graphic processing, customized on demand, light customization, sample processing, graphic processing, customized on demand",50,7
"Enping Dingbang Electronic Technology Co., Ltd.",,"Guangdong, China ",4.7,196 reviews,≤3h,100.0%,- orders,-1,-1,,,3000,5000000,6,350000,32,Yes,8,"Domestic Market(50%), South America(15%), North America(10%)",,"Retailer, Wholesaler, Brand business","customized on demand, sample processing, graphic processing, customized on demand",60,5
"Shenzhen Xinyu Automation Technology Co., Ltd.",,"Guangdong, China ",4.4,78 reviews,≤6h,99.8%,- orders,-1,-1,,,3000,-1,-1,-1,-1,Yes,4,"North America(65%), Domestic Market(13%), South America(6%)",,"Retailer, Engineer, Wholesaler, Brand business, For private use, Manufacturer","light customization, sample processing, graphic processing, customized on demand",15,6
"Shandong Greenfist Industry Co., Ltd.",,"Shandong, China ",3.5,4 reviews,≤2h,100.0%,- orders,-1,-1,,,3000,1500000,-1,-1,-1,Yes,6,"Eastern Europe(20%), Western Europe(20%), North America(15%)",,"Retailer, Brand business, For private use","sample processing, graphic processing, customized on demand",90,3
"Shenzhen Yixunwei Electronics Co., Ltd.",,"Guangdong, China ",5.0,7 reviews,≤2h,86.1%,50 orders,"US $190,000+",-1,,,145,1130000,-1,-1,-1,Yes,1,"Western Europe(40%), North America(30%), Eastern Europe(10%)",,"Retailer, Engineer, Wholesaler, Brand business, For private use, Manufacturer","sample processing, graphic processing, customized on demand, sample processing, graphic processing, customized on demand",25,2
"Spm (shandong) Intelligent Equipment Co., Ltd.",,"Shandong, China ",4.3,12 reviews,≤2h,100.0%,49 orders,"US $90,000+",-1,,,1700,1380000,3,10000,5,Yes,2,"North America(30%), South America(20%), Oceania(20%)",,"Retailer, Engineer, Wholesaler, Brand business, For private use, Manufacturer",-1,20,3
"Shandong Tianzong Food Truck Co., Ltd.",,"Shandong, China ",-1,-1,≤5h,100.0%,- orders,-1,-1,,,7436,-1,6,6000,110,Yes,5,"Domestic Market(75%), Mid East(9%), Oceania(8%)",,-1,"light customization, customized on demand",15,3
"Guangdong Weiyi Industrial Internet Technology Co., Ltd.",,"Guangdong, China ",5.0,16 reviews,≤2h,100.0%,- orders,-1,-1,,,7537,-1,4,-1,36,Yes,6,"Oceania(15%), Western Europe(15%), Central America(15%)",,"Retailer, Wholesaler, Brand business, Manufacturer","sample processing, graphic processing, customized on demand, sample processing, graphic processing, customized on demand",-1,-1
"Qingdao Tianrui Technology Group Co., Ltd.",,"Shandong, China ",5.0,1 reviews,≤2h,100.0%,3 orders,"US $180,000+",-1,,,43000,-1,1,-1,30,Yes,5,"Domestic Market(50%), Africa(20%), Southeast Asia(18%)",,"Engineer, Brand business, Manufacturer","graphic processing, customized on demand, sample processing",20,23
"Anhui Huanmei Brush Co., Ltd.",,"Anhui, China ",4.9,14 reviews,≤5h,91.4%,54 orders,"US $80,000+",-1,,,10130,3000000,12,4200000,38,Yes,5,"Domestic Market(40%), Eastern Asia(20%), North America(10%)",,"Retailer, Engineer, Wholesaler, Brand business, Manufacturer","sample processing, graphic processing, customized on demand",30,1
Chaozhou Chaoan Caitang Dongzhaowei Stainless Steel Factory,,"Guangdong, China ",4.5,109 reviews,≤3h,98.5%,523 orders,"US $320,000+",-1,,,6000,1617570,2,-1,75,Yes,2,"Mid East(50%), Domestic Market(20%), Africa(15%)",,-1,"light customization, sample processing, graphic processing, customized on demand",10,2
"Yiwu Maike Digital Imaging Co., Ltd.",,"Zhejiang, China ",4.6,68 reviews,≤5h,92.3%,229 orders,"US $60,000+",-1,,,2650,-1,2,900000,8,Yes,1,"South America(50%), North America(30%), Mid East(10%)",,-1,"light customization, sample processing, customized on demand, graphic processing",50,2
"Guangzhou Bems Electronics Co., Ltd.",,"Guangdong, China ",4.3,14 reviews,≤2h,98.8%,171 orders,"US $770,000+",-1,,,4035,-1,-1,70000,-1,Yes,2,"Domestic Market(70%), North America(10%), Mid East(10%)",,"Retailer, Wholesaler, Brand business, For private use, Manufacturer","light customization, sample processing, graphic processing, customized on demand",20,5
"Qingzhou Gongle Electric Fan Co., Ltd.",,"Shandong, China ",4.8,17 reviews,≤3h,93.3%,184 orders,"US $360,000+",-1,,,26640,-1,3,151500,14,Yes,2,"Domestic Market(38%), Mid East(16%), Southeast Asia(15%)",,"Retailer, Engineer, Brand business, For private use, Manufacturer","light customization, sample processing, graphic processing",5,1
"Yiwu Courage Digital Technology Co., Ltd.",,"Zhejiang, China ",4.8,116 reviews,≤6h,100.0%,421 orders,"US $180,000+",-1,,,3220,-1,4,2040000,27,Yes,2,"North America(50%), South Asia(15%), South America(10%)",,"Retailer, Wholesaler, Brand business, Manufacturer","light customization, sample processing, graphic processing, customized on demand, light customization, sample processing, graphic processing, customized on demand",190,3
"Nanjing Prosky Food Machinery Manufacturing Co., Ltd.",,"Jiangsu, China ",4.8,19 reviews,≤3h,93.2%,71 orders,"US $290,000+",-1,,,10000,-1,4,-1,5,Yes,12,"Oceania(40%), Domestic Market(15%), North America(10%)",,"Retailer, Engineer, Wholesaler, Brand business, For private use, Manufacturer","customized on demand, light customization, sample processing, graphic processing, sample processing, graphic processing, customized on demand",25,3
"Henan Camp Industrial Co., Ltd.",,"Henan, China ",4.0,34 reviews,≤2h,97.7%,- orders,-1,-1,,,10211,-1,-1,-1,-1,Yes,1,"North America(35%), Oceania(25%), Western Europe(15%)",,"Retailer, Wholesaler, Brand business, For private use, Manufacturer","sample processing, graphic processing, customized on demand, light customization, customized on demand, graphic processing",5,5
"Hangzhou Anhang Advertisement Co., Ltd.",,"Zhejiang, China ",4.8,40 reviews,≤3h,100.0%,194 orders,"US $210,000+",-1,,,780,-1,1,12000,10,Yes,1,"North America(60%), Eastern Europe(12%), Southern Europe(10%)",,"Retailer, Engineer, Wholesaler, Brand business, For private use, Manufacturer","sample processing, graphic processing, customized on demand, sample processing, graphic processing, customized on demand",130,3
"Qingdao Truth Technology Co., Ltd.",,"Shandong, China ",4.0,23 reviews,≤2h,100.0%,- orders,-1,-1,,,3000,10000000,-1,-1,-1,Yes,2,"North America(20%), Eastern Europe(20%), Oceania(15%)",,"Retailer, Brand business, For private use","sample processing, graphic processing, customized on demand",30,2
"Shenzhen Topwon Group Co., Ltd.",,"Guangdong, China ",5.0,26 reviews,≤1h,100.0%,136 orders,"US $190,000+",-1,,,2300,-1,-1,-1,-1,Yes,1,"North America(25%), Oceania(20%), Eastern Europe(10%)",,"Retailer, Engineer, Wholesaler, Brand business, For private use, Manufacturer","light customization, graphic processing, customized on demand, sample processing, sample processing, graphic processing, customized on demand",200,-1
"Shenzhen RAYBO LED Display Manufactory Co., Ltd.",,"Guangdong, China ",5.0,40 reviews,≤1h,100.0%,142 orders,"US $1,000,000+",-1,,,2117,-1,-1,-1,-1,Yes,3,"North America(55%), Western Europe(30%), Southeast Asia(5%)",,"Retailer, Wholesaler, Brand business, For private use, Manufacturer","sample processing, graphic processing, customized on demand, sample processing, graphic processing, customized on demand",10,2
"Shuangfeng Xiangdong Machinery Manufacturing Co., Ltd.",,"Hunan, China ",4.3,24 reviews,≤5h,83.3%,82 orders,"US $40,000+",-1,,,9865,-1,1,-1,60,Yes,-1,"Southeast Asia(55%), Domestic Market(45%)",,"Retailer, Wholesaler, For private use, Manufacturer","light customization, sample processing, graphic processing, customized on demand",3,2
"Shanghai Keshi Refrigeration Equipment Co., Ltd.",,"Zhejiang, China ",5.0,13 reviews,≤4h,93.2%,96 orders,"US $210,000+",-1,,,5030,-1,-1,-1,24,Yes,2,"Western Europe(30%), Domestic Market(30%), North America(20%)",,"Retailer, Engineer, Wholesaler, Brand business, For private use, Manufacturer","sample processing, graphic processing, customized on demand",20,3
"Sunmeta Digital Graphic Co., Ltd.",,"Zhejiang, China ",4.6,66 reviews,≤2h,92.5%,354 orders,"US $160,000+",-1,,,34018,-1,-1,-1,-1,Yes,8,"South America(25%), Mid East(17%), North America(14%)",,"Retailer, Engineer, Wholesaler, Brand business, For private use, Manufacturer","light customization, customized on demand, sample processing, graphic processing",35,6
"Shenzhen Best Special Display Technology Co., Ltd.",,"Guangdong, China ",4.9,34 reviews,≤3h,96.9%,- orders,-1,-1,,,510,-1,1,-1,5,-1,-1,"North America(20%), Mid East(15%), Western Europe(15%)",,"Retailer, Engineer, Wholesaler, Brand business, For private use, Manufacturer","light customization, sample processing, graphic processing, customized on demand, sample processing, graphic processing, customized on demand",12,1
"Liaocheng Voiern Laser Technology Co., Ltd.",,"Shandong, China ",4.6,31 reviews,≤2h,97.5%,148 orders,"US $2,600,000+",-1,,,20217,10400000,3,12000,3,Yes,2,"Domestic Market(20%), South America(10%), Eastern Europe(10%)",,"Brand business, For private use","sample processing, graphic processing, customized on demand",18,6
"Zhejiang Chuanwei Electronic Technology Co., Ltd.",,"Zhejjiang, China ",4.8,15 reviews,≤14h,97.2%,80 orders,"US $380,000+",-1,,,8307,21515436,-1,-1,-1,Yes,8,"Domestic Market(45%), North America(10%), Southeast Asia(10%)",,"Retailer, Wholesaler, Brand business, Manufacturer","sample processing, graphic processing, customized on demand",10,20
"Zhengzhou Zhimuren Machinery Co,, Ltd.",,"Henan, China ",4.5,100 reviews,≤6h,99.4%,330 orders,"US $110,000+",-1,,,4400,-1,3,-1,12,Yes,5,"South America(25%), Eastern Europe(21%), North America(18%)",,"Retailer, Wholesaler, other|Farm","customized on demand, graphic processing, sample processing",15,4
"Caoxian Jiacheng Wooden Products Co., Ltd.",,"Shandong, China ",-1,-1,≤3h,100.0%,- orders,-1,-1,,,9000,5700000,-1,-1,29,Yes,8,"Eastern Europe(40%), Western Europe(40%), North America(20%)",,"Retailer, Engineer, Wholesaler, Brand business, For private use, Manufacturer","sample processing, graphic processing, customized on demand",100,4
Guangzhou J&H Storefixture Ltd.,,"Guangdong, China ",4.8,27 reviews,≤5h,100.0%,- orders,-1,-1,,,5682,1463844,5,-1,40,Yes,5,"North America(30%), South America(20%), Southeast Asia(5%)",,"Retailer, Engineer, Wholesaler, Brand business, For private use, Manufacturer","sample processing, graphic processing, customized on demand, sample processing, graphic processing, customized on demand",1000,4
"Shenzhen Sinis Technologies Co., Ltd.",,"Guangdong, China ",4.8,129 reviews,≤2h,100.0%,590 orders,"US $1,800,000+",-1,,,2050,-1,1,73000,7,Yes,4,"Western Europe(40%), North America(30%), Eastern Europe(10%)",,"Retailer, Brand business","light customization, sample processing, graphic processing, customized on demand, no",12,9
"Zhengzhou Yituo Machinery Co., Ltd.",,"Henan, China ",4.8,16 reviews,≤2h,100.0%,101 orders,"US $310,000+",-1,,,1344,1270916,-1,-1,-1,Yes,1,"Eastern Europe(22%), Western Europe(18%), North America(15%)",,"Retailer, Engineer, Wholesaler, Brand business, For private use, Manufacturer","sample processing, graphic processing, customized on demand, sample processing, graphic processing, customized on demand",440,4
"Wenling Hemu Import & Export Co., Ltd.",,"Zhejiang, China ",4.8,7 reviews,≤2h,100.0%,27 orders,"US $10,000+",-1,,,77506,-1,-1,-1,-1,Yes,14,"Domestic Market(35%), Mid East(30%), Southeast Asia(15%)",,"Retailer, Engineer, Wholesaler, Brand business, For private use, Manufacturer","no, graphic processing, sample processing, light customization, customized on demand",15,20
Dongguang Lihui Technology Company Limited,,"Guangdong, China ",4.5,16 reviews,≤2h,100.0%,34 orders,"US $10,000+",-1,,,1623,-1,1,-1,-1,Yes,1,"North America(20%), Southeast Asia(20%), South America(10%)",,"Retailer, Wholesaler, Brand business, For private use, Manufacturer","light customization, customized on demand, sample processing, graphic processing",6,7
"Zhengzhou Yituo Machinery Co., Ltd.",,"Henan, China ",4.5,16 reviews,≤2h,100.0%,78 orders,"US $390,000+",-1,,,1344,1270916,-1,-1,-1,Yes,1,"Eastern Europe(22%), Western Europe(18%), North America(15%)",,"Retailer, Engineer, Wholesaler, Brand business, For private use, Manufacturer","sample processing, graphic processing, customized on demand, sample processing, graphic processing, customized on demand",70,4
"Zhejiang Genuine Machine Co., Ltd.",,"Zhejiang, China ",4.9,35 reviews,≤2h,100.0%,115 orders,"US $990,000+",-1,,,4847,-1,-1,-1,-1,Yes,1,"Southeast Asia(30%), Africa(30%), Eastern Europe(10%)",,"Retailer, Wholesaler, Brand business","light customization, sample processing, graphic processing, customized on demand",45,2
"Guangzhou Gelgoog Foods Co., Ltd.",,"Guangdong, China ",5.0,5 reviews,≤3h,100.0%,14 orders,"US $140,000+",-1,,,6248,-1,5,6500,21,Yes,5,"Eastern Europe(15%), North America(13%), South America(12%)",,"Retailer, Engineer, Wholesaler, For private use, Manufacturer","light customization, sample processing, graphic processing, customized on demand, graphic processing, sample processing, customized on demand",50,10
"Zhejiang Shuimoli Machinery And Electric Equipment Co., Ltd.",,"Zhejiang, China ",4.3,5 reviews,≤2h,100.0%,27 orders,"US $30,000+",-1,,,10000,2600000,10,-1,50,Yes,2,"Domestic Market(50%), South Asia(25%), Southeast Asia(10%)",,"Retailer, Engineer, Wholesaler, Brand business, For private use, Manufacturer","light customization, sample processing, graphic processing, customized on demand",5,3
"Anhui Yageli Display Co., Ltd.",,"Anhui, China ",4.8,22 reviews,≤4h,93.9%,138 orders,"US $690,000+",-1,,,-1,7820000,-1,-1,-1,Yes,5,"Western Europe(19%), North America(17%), Central America(16%)",,"Retailer, Wholesaler, Brand business, For private use, Manufacturer","sample processing, graphic processing, customized on demand",10,4
Dongguan Hicon Pop Displays Ltd.,,"Guangdong, China ",4.9,39 reviews,≤3h,100.0%,- orders,-1,-1,,,4500,-1,2,200000,16,Yes,3,"North America(60%), Oceania(10%), Western Europe(10%)",,"Retailer, Engineer, Wholesaler, Brand business, Manufacturer","sample processing, graphic processing, customized on demand",200,5
"Taizhou Bison Machinery Industry Co., Ltd.",,"Zhejiang, China ",4.9,12 reviews,≤3h,90.9%,52 orders,"US $220,000+",-1,,,14358,24000000,-1,590000,-1,Yes,2,"North America(60%), South America(10%), Mid East(10%)",,"Retailer, Wholesaler, Manufacturer","light customization, sample processing, graphic processing, customized on demand",50,12
"Hangzhou Meisda Electric Appliance Co., Ltd.",,"Zhejiang, China ",-1,-1,≤2h,100.0%,14 orders,"US $200,000+",-1,,,37529,-1,2,-1,38,Yes,7,"North America(40%), Western Europe(30%), Eastern Asia(14%)",,"Retailer, Wholesaler, Brand business, For private use","sample processing, graphic processing, customized on demand, light customization, sample processing, graphic processing, customized on demand",70,6
Guangzhou Xinbaosheng Audio Equipment Company Limited,,"Guangdong, China ",4.7,35 reviews,≤4h,97.6%,183 orders,"US $140,000+",-1,,,925,-1,6,-1,13,Yes,3,"North America(23%), South America(15%), Central America(15%)",,"Retailer, Engineer, Wholesaler, Brand business, For private use, Manufacturer","sample processing, graphic processing, customized on demand",10,2
Zhengzhou Glory Enterprise Development Corporation,,"Henan, China ",4.7,26 reviews,≤2h,100.0%,198 orders,"US $360,000+",-1,,,2300,2560000,1,-1,10,Yes,2,"North America(15%), Western Europe(14%), South America(10%)",,"Retailer, Wholesaler, For private use","light customization, sample processing, graphic processing, customized on demand, light customization, sample processing, graphic processing, customized on demand",9,4
"Shandong Rippa Machinery Group Co., Ltd.",,"Shandong, China ",4.8,130 reviews,≤1h,100.0%,328 orders,"US $10,000,000+",-1,,,32000,24782881,5,-1,21,Yes,9,"North America(25%), Domestic Market(16%), Western Europe(14%)",,"Retailer, Engineer, Wholesaler, Brand business, For private use, Manufacturer","sample processing, graphic processing, customized on demand",10,39
"Shandong Youert Intelligent Heavy Industry Machinery Co., Ltd.",,"Shandong, China ",5.0,6 reviews,≤2h,100.0%,- orders,-1,-1,,,1650,-1,-1,-1,-1,Yes,2,Domestic Market(100%),,"Retailer, Engineer, Wholesaler, Brand business, For private use, Manufacturer",-1,-1,2
"Shandong Nuoman Engineering Machinery Co., Ltd.",,"Shandong, China ",4.5,201 reviews,≤2h,96.7%,605 orders,"US $4,600,000+",-1,,,2042,-1,1,900,90,Yes,6,"North America(40%), Domestic Market(25%), Northern Europe(15%)",,-1,"light customization, customized on demand",-1,5
"Shandong Wonway Machinery Co., Ltd.",,"Shandong, China ",4.5,137 reviews,≤2h,98.7%,454 orders,"US $2,800,000+",-1,,,3580,1600000,1,-1,20,Yes,3,"Domestic Market(20%), Oceania(18%), Western Europe(14%)",,-1,"light customization, sample processing, graphic processing",-1,2
"Shandong Nuote Machinery Co., Ltd.",,"Shandong, China ",4.5,112 reviews,≤2h,98.6%,- orders,-1,-1,,,3300,-1,-1,-1,-1,Yes,2,"North America(28%), Western Europe(12%), Eastern Europe(8%)",,"Retailer, Engineer, Wholesaler, Brand business, For private use, Manufacturer","sample processing, graphic processing, customized on demand",5,2
"Shandong Baisway Machinery Co., Ltd.",,"Shandong, China ",4.8,41 reviews,≤2h,100.0%,73 orders,"US $1,400,000+",-1,,,32812,25191868,5,-1,21,Yes,14,"Eastern Europe(16%), Western Europe(16%), North America(12%)",,"Retailer, Engineer, Wholesaler, Brand business, For private use, Manufacturer","light customization, sample processing, graphic processing, customized on demand, light customization, sample processing, graphic processing, customized on demand",40,41
"Jining VOTE Machinery Technology Co., Ltd.",,"Shandong, China ",4.7,47 reviews,≤3h,100.0%,189 orders,"US $2,400,000+",-1,,,29736,8170723,10,-1,45,Yes,16,"North America(18%), Western Europe(11%), South America(8%)",,"Retailer, Engineer, Wholesaler, Brand business, For private use, Manufacturer","light customization, sample processing, graphic processing, customized on demand, light customization, sample processing, graphic processing, customized on demand",100,28
"Xi'an Jinteng Hoisting Machinery Co., Ltd.",,"Shaanxi, China ",4.8,16 reviews,≤2h,99.0%,- orders,-1,-1,,,6050,-1,-1,-1,-1,Yes,6,"North America(20%), Southeast Asia(20%), South America(15%)",,"Retailer, Engineer, Wholesaler, Brand business, For private use, Manufacturer","sample processing, graphic processing, customized on demand, sample processing, graphic processing, customized on demand",155,4
"Shandong Huayee Heavy Industry Machinery Group Co., Ltd.",,"Shandong Province, China ",4.8,38 reviews,≤3h,100.0%,158 orders,"US $6,000,000+",-1,,,18296,5024793,20,-1,20,Yes,31,"North America(30%), Western Europe(20%), South America(15%)",,"Retailer, Engineer, Wholesaler, Brand business, For private use, Manufacturer","light customization, sample processing, graphic processing, customized on demand, light customization, customized on demand, sample processing, graphic processing",57,42
"Gongyi Xinruida Machinery Equipment Co., Ltd.",,"Henan, China ",4.7,4 reviews,≤2h,100.0%,- orders,-1,-1,,,5000,-1,1,500,15,Yes,1,-1,,"Retailer, Wholesaler, For private use, Manufacturer","graphic processing, sample processing, customized on demand",25,5
"Henan Hengyou Machinery Equipment Co., Ltd.",,"Henan, China ",5.0,2 reviews,≤1h,100.0%,- orders,-1,-1,,,12800,-1,3,15000,25,Yes,6,-1,,"Retailer, Engineer, Wholesaler, For private use, Manufacturer","sample processing, graphic processing, customized on demand",40,3
Henan Drills-King Mining Technology Ltd.,,"Henan Province, China ",4.8,69 reviews,≤2h,98.3%,356 orders,"US $520,000+",-1,,,-1,1383815,2,-1,0,Yes,1,"Domestic Market(50%), South America(8%), Western Europe(8%)",,"Retailer, Engineer, Wholesaler, Brand business, For private use, Manufacturer","sample processing, graphic processing, customized on demand, sample processing, graphic processing, customized on demand",5,1
"Anhui Jin Shi Tuo Machinery Co., Ltd.",,"Anhui, China ",5.0,1 reviews,≤3h,50.0%,- orders,-1,-1,,,-1,1230000,1,-1,9,Yes,1,"North America(20%), South America(15%), Mid East(15%)",,"Retailer, Wholesaler, Brand business, Manufacturer","sample processing, graphic processing, customized on demand, sample processing, graphic processing, customized on demand",100,-1
"Shandong Carti Machinery Co., Ltd.",,"Shandong, China ",4.8,63 reviews,≤3h,100.0%,152 orders,"US $1,300,000+",-1,,,1000,2900000,4,2000,6,Yes,3,"Domestic Market(30%), North America(15%), Western Europe(15%)",,"Retailer, Engineer, Wholesaler, Brand business, For private use, Manufacturer","sample processing, graphic processing, customized on demand, sample processing, graphic processing, customized on demand",70,5
"Yantai Bojun International Trade Co., Ltd.",,"Shandong, China ",-1,-1,≤3h,100.0%,- orders,-1,-1,,,28000,-1,-1,-1,-1,Yes,9,"Eastern Europe(80%), Domestic Market(15%), Africa(5%)",,"Retailer, Engineer, Wholesaler, Brand business, For private use, Manufacturer","sample processing, graphic processing, customized on demand, sample processing, graphic processing, customized on demand",90,42
"Jining Haineng Electronics Technology Co., Ltd.",,"Shandong, China ",5.0,1 reviews,≤3h,100.0%,- orders,-1,-1,,,8518,-1,5,118000,18,Yes,8,"Domestic Market(30%), Southeast Asia(15%), Eastern Europe(14%)",,"Retailer, Engineer, Wholesaler, Brand business, For private use, Manufacturer","sample processing, graphic processing, customized on demand, sample processing, graphic processing, customized on demand",125,10
"Henan Rockwell Machinery Co., Ltd.",,"Henan, China ",5.0,5 reviews,≤1h,100.0%,- orders,-1,-1,,,10000,2100000,1,350,19,Yes,2,"Africa(35%), Domestic Market(30%), North America(10%)",,Retailer,-1,-1,0
"Shandong Toros Machinery Co., Ltd.",,"Shandong, China ",4.8,28 reviews,≤3h,100.0%,179 orders,"US $1,900,000+",-1,,,22736,-1,2,-1,15,Yes,16,"Western Europe(24%), Eastern Europe(16%), North America(12%)",,"Retailer, Engineer, Wholesaler, Brand business, For private use, Manufacturer","light customization, sample processing, graphic processing, customized on demand, light customization, sample processing, graphic processing, customized on demand",100,19
"Shandong Infront Machinery Co., Ltd.",,"Shandong, China ",4.7,39 reviews,≤2h,97.0%,106 orders,"US $1,400,000+",-1,,,30240,-1,3,-1,5,Yes,3,"North America(30%), Oceania(20%), Western Europe(10%)",,"Retailer, Engineer, Wholesaler, Brand business","sample processing, graphic processing, customized on demand, sample processing",15,1
"Shandong Hengjianhang Construction Machinery Co., Ltd.",,"Shandong, China ",5.0,1 reviews,≤3h,100.0%,- orders,-1,-1,,,1456,-1,1,-1,-1,Yes,1,"Eastern Europe(50%), South America(20%), North America(15%)",,"Retailer, Engineer, Wholesaler, Brand business, For private use, Manufacturer","sample processing, graphic processing, customized on demand, sample processing, graphic processing, customized on demand",12,5
"Shandong Pailien Machinery Manufacturing Co., Ltd.",,"Shandong, China ",5.0,6 reviews,≤3h,100.0%,7 orders,"US $9,000+",-1,,,8600,-1,-1,-1,25,Yes,1,"Southeast Asia(15%), Eastern Asia(15%), North America(14%)",,"Retailer, Engineer, Wholesaler, Brand business, For private use, Manufacturer","sample processing, graphic processing, customized on demand",50,2
"Taizhou Chengbang Import & Export Co., Ltd.",,"Zhejiang, China ",5.0,3 reviews,≤4h,100.0%,- orders,-1,-1,,,2950,-1,4,-1,13,Yes,1,"North America(30%), South America(20%), Eastern Asia(20%)",,"Retailer, Engineer, Wholesaler, Brand business, Manufacturer","no, sample processing, graphic processing, customized on demand",15,1
"Shandong Eachan Machinery Group Co., Ltd.",,"Shandong, China ",4.7,52 reviews,≤3h,100.0%,- orders,-1,-1,,,5060,4000000,-1,-1,-1,Yes,2,"Domestic Market(50%), Western Europe(20%), North America(10%)",,"Wholesaler, Brand business, For private use","sample processing, graphic processing, customized on demand, sample processing, graphic processing, customized on demand",46,9
"Shandong Mingdegangcheng Machinery Co., Ltd.",,"Shandong, China ",4.9,8 reviews,≤2h,100.0%,23 orders,"US $110,000+",-1,,,22872,-1,4,3710,33,Yes,10,"Domestic Market(90%), North America(3%), Eastern Europe(2%)",,"Engineer, Wholesaler, For private use, Manufacturer","customized on demand, graphic processing",21,10
"Shandong Zhengke Automation Co., Ltd.",,"Shandong, China ",-1,-1,≤2h,100.0%,- orders,-1,-1,,,2465,-1,6,-1,10,Yes,5,"Western Europe(15%), South Asia(15%), North America(10%)",,"Retailer, Wholesaler, Brand business, For private use, Manufacturer","sample processing, graphic processing, customized on demand",4,3
"Jining Yuanheng Machinery Manufacturing Co., Ltd.",,"Shandong, China ",4.7,19 reviews,≤1h,100.0%,- orders,-1,-1,,,7853,2800000,5,-1,30,Yes,5,"Domestic Market(30%), South America(25%), Southeast Asia(10%)",,"Retailer, Engineer, Wholesaler, Brand business, For private use, Manufacturer","sample processing, graphic processing, customized on demand",25,4
"Shandong Benma Engineering Machinery Co., Ltd.",,"Shandong, China ",4.8,24 reviews,≤2h,100.0%,- orders,-1,-1,,,6690,-1,-1,-1,-1,Yes,3,"South America(30%), North America(20%), Central America(10%)",,"Retailer, Engineer, Wholesaler, Brand business, For private use, Manufacturer","no, sample processing, graphic processing, customized on demand",6,6
"Jining Luheng Machinery Equipment Co., Ltd.",,"Shandong, China ",5.0,1 reviews,≤7h,100.0%,- orders,-1,-1,,,14046,-1,5,-1,30,Yes,15,"Domestic Market(20%), South America(16%), Eastern Europe(12%)",,"Retailer, Engineer, Wholesaler, Brand business, For private use, Manufacturer","no, sample processing, graphic processing, customized on demand",30,12
"Henan Shiwei Heavy lndustry Machinery Co., Ltd",,"Henan, China ",-1,-1,≤2h,100.0%,- orders,-1,-1,,,6666,-1,1,-1,28,Yes,1,Domestic Market(100%),,"Retailer, Wholesaler, For private use","sample processing, graphic processing, customized on demand",5,1
"Ningbo Yasheng Casting Industry Co., Ltd.",,"Zhejiang, China ",5.0,50 reviews,≤4h,100.0%,62 orders,"US $810,000+",-1,,,10000,7650000,4,-1,21,Yes,2,"Domestic Market(27%), South America(13%), North America(10%)",,"Retailer, Engineer, Wholesaler, Brand business, For private use, Manufacturer","sample processing, graphic processing, customized on demand",55,2
"Shandong Laigong International Business Co., Ltd.",,"Shandong, China ",5.0,1 reviews,≤4h,100.0%,26 orders,"US $940,000+",-1,,,72464,13000000,6,-1,40,Yes,10,"Southeast Asia(30%), Eastern Europe(20%), Western Europe(13%)",,"Retailer, Engineer, Wholesaler, Brand business, For private use, Manufacturer","sample processing, graphic processing, sample processing, graphic processing, customized on demand",50,27
"Jining Fangze Machinery Co., Ltd.",,"Shandong, China ",1.0,1 reviews,≤7h,100.0%,- orders,-1,-1,,,2320,2300000,5,-1,17,Yes,7,"Domestic Market(50%), Southeast Asia(20%), North America(10%)",,"Retailer, Engineer, Wholesaler, Brand business, Manufacturer","sample processing, sample processing, graphic processing",10,2
"Shandong LeKing Machinery Manufacturing Co., Ltd.",,"Shandong, China ",4.4,7 reviews,≤4h,100.0%,33 orders,"US $1,000,000+",-1,,,6500,-1,1,5500,10,Yes,3,"Domestic Market(45%), North America(20%), Southeast Asia(10%)",,Retailer,graphic processing,5,1
"Luoyang Yujie Industry & Trade Co., Ltd.",,"Henan, China ",5.0,2 reviews,≤2h,100.0%,9 orders,"US $10,000+",-1,,,8000,3668061,3,-1,43,Yes,5,"Domestic Market(29%), South America(10%), Southeast Asia(8%)",,"Retailer, Engineer, Wholesaler, Manufacturer","customized on demand, graphic processing",6,4
"Shandong Loongsheen Heavy Industry Co., Ltd.",,"Shandong, China ",4.8,3 reviews,≤3h,100.0%,21 orders,"US $480,000+",-1,,,6000,-1,3,-1,57,Yes,3,"North America(20%), Eastern Europe(20%), Oceania(15%)",,"Retailer, Engineer, Wholesaler, Brand business, For private use, Manufacturer","light customization, sample processing, graphic processing, customized on demand",12,5
"Guangzhou Fast Horse Technology Co., Ltd.",,"Guangdong, China ",4.7,49 reviews,≤2h,97.8%,242 orders,"US $240,000+",-1,,,2100,-1,3,-1,20,Yes,2,"Domestic Market(45%), Eastern Europe(15%), Southeast Asia(10%)",,"Retailer, Engineer, Wholesaler, Brand business, For private use","light customization, customized on demand, sample processing, graphic processing, customized on demand, light customization",-1,3
"Xiamen LTMG Co., Ltd.",,"Fujian, China ",5.0,168 reviews,≤2h,100.0%,118 orders,"US $4,000,000+",-1,,,8000,82705400,1,-1,9,Yes,3,"Africa(16%), South America(12%), Western Europe(12%)",,"Retailer, Engineer, Wholesaler, Brand business, For private use, Manufacturer","light customization, sample processing, customized on demand, graphic processing, graphic processing, customized on demand",125,7
"Gongyi Yuanhang Machinery Equipment Co., Ltd.",,"Henan, China ",4.5,27 reviews,≤4h,100.0%,75 orders,"US $190,000+",-1,,,4690,1655088,1,-1,-1,Yes,1,"South America(25%), Africa(25%), South Asia(12%)",,"Retailer, Engineer, Wholesaler, Brand business, For private use, Manufacturer","sample processing, graphic processing, customized on demand",-1,1
"Liaoda (LAD) Glass Machinery Co., Ltd.",,"Guangdong, China ",5.0,2 reviews,≤5h,100.0%,6 orders,"US $100,000+",-1,,,4000,-1,-1,-1,-1,Yes,1,"Domestic Market(50%), Southern Europe(10%), Eastern Europe(6%)",,"Retailer, Engineer, Wholesaler, Brand business, For private use, Manufacturer","light customization, sample processing, graphic processing, customized on demand",3,8
"Linyi Xiangrong Machinery Co., Ltd.",,"Shandong, China ",5.0,4 reviews,≤2h,100.0%,8 orders,"US $130,000+",-1,,,11000,1450000,2,13693,42,Yes,2,"Domestic Market(30%), Africa(28%), South America(19%)",,-1,"light customization, sample processing, graphic processing, customized on demand",-1,3
"Gaode Equipment Co., Ltd.",,"Henan, China ",5.0,8 reviews,≤3h,100.0%,82 orders,"US $720,000+",-1,,,3296,3215472,-1,-1,-1,Yes,2,"Southeast Asia(39%), Mid East(25%), South Asia(10%)",,"Retailer, Engineer, Wholesaler, Brand business, For private use, Manufacturer","light customization, customized on demand, sample processing, graphic processing, light customization, sample processing, graphic processing, customized on demand",24,9
"Shandong Jiesheng Heavy Industry Machinery Co., Ltd.",,"Shandong, China ",3.9,28 reviews,≤4h,96.2%,135 orders,"US $250,000+",-1,,,1353,3000000,2,-1,30,Yes,2,"Eastern Europe(20%), Southeast Asia(20%), North America(15%)",,"Retailer, Engineer, Wholesaler, Brand business, For private use, Manufacturer","sample processing, graphic processing, customized on demand",10,3
"Xuzhou Bob-Lift Construction Machinery Co., Ltd.",,"Jiangsu, China ",5.0,4 reviews,≤2h,100.0%,19 orders,"US $320,000+",-1,,,12550,-1,2,-1,4,Yes,5,"Southeast Asia(30%), Domestic Market(20%), North America(15%)",,"Retailer, Engineer, Wholesaler, Brand business, For private use, Manufacturer","light customization, sample processing, graphic processing, customized on demand",10,6
"Yantai Jiwei Construction Machinery Equipment Co., LTD",,"shandong, China ",4.7,11 reviews,≤6h,93.1%,61 orders,"US $1,200,000+",-1,,,12584,13000000,3,49000,36,Yes,5,"North America(28%), Western Europe(16%), South America(13%)",,"Retailer, Engineer, Wholesaler, Brand business, For private use, Manufacturer","light customization, customized on demand, sample processing, graphic processing",12,2
"Jining Kunhang Hydraulic Machinery Co., Ltd.",,"Shandong, China ",4.8,16 reviews,≤2h,100.0%,- orders,-1,-1,,,5000,-1,3,-1,13,Yes,3,"North America(30%), Oceania(20%), Southeast Asia(15%)",,"Retailer, Engineer, Wholesaler, Brand business, Manufacturer","no, sample processing, graphic processing, customized on demand",60,2
"Wuxi Geotec Geological Equipment Co., Ltd.",,"Jiangsu, China ",5.0,1 reviews,≤12h,100.0%,6 orders,"US $10,000+",-1,,,39600,-1,4,-1,81,Yes,5,"Eastern Europe(15%), Southeast Asia(15%), Oceania(15%)",,"Retailer, Engineer, Wholesaler, Brand business, For private use, Manufacturer","graphic processing, customized on demand",10,4
"Luoyang Wangli Heavy Machinery Co., Ltd.",,"Henan, China ",5.0,3 reviews,≤4h,100.0%,5 orders,"US $200,000+",-1,,,13362,4502864,2,-1,15,Yes,5,"Domestic Market(42%), Eastern Europe(35%), Western Europe(15%)",,-1,"light customization, customized on demand, sample processing, graphic processing",-1,13
"Jinan Senke Cnc Machine Co., Ltd.",,"Shandong, China ",5.0,1 reviews,≤3h,100.0%,9 orders,"US $40,000+",-1,,,6145,1296000,5,-1,5,Yes,4,"South America(30%), Africa(15%), South Asia(15%)",,"Retailer, Engineer, Wholesaler, Brand business, Manufacturer","sample processing, sample processing, graphic processing, customized on demand",12,4
"Jining Haohong Industrial And Mining Equipment Co., Ltd.",,"Shandong, China ",4.5,13 reviews,≤4h,100.0%,- orders,-1,-1,,,1500,-1,1,-1,1,Yes,1,"Western Europe(25%), North America(20%), Southeast Asia(10%)",,"Retailer, Engineer, Wholesaler, Brand business, For private use, Manufacturer","light customization, customized on demand, sample processing, graphic processing, sample processing, customized on demand, graphic processing",3,2
"Jiangsu Harriston Machinery Co., Ltd.",,"Jiangsu, China ",4.6,5 reviews,≤6h,100.0%,- orders,-1,-1,,,22196,-1,1,-1,7,Yes,2,"Domestic Market(50%), Southeast Asia(40%), South America(8%)",,"Retailer, Engineer, Wholesaler, Brand business, For private use, Manufacturer","sample processing, graphic processing, sample processing, graphic processing, customized on demand",-1,2
"Xiamen Bestlink Factory Co., Ltd.",,"Fujian, China ",5.0,2 reviews,≤2h,95.0%,55 orders,"US $460,000+",-1,,,935,-1,-1,-1,-1,Yes,1,"North America(15%), Mid East(12%), South America(10%)",,"Retailer, Engineer, Wholesaler, Brand business, Manufacturer","graphic processing, sample processing, light customization, light customization, sample processing, graphic processing",-1,2
"Wuhan Squirrel Construction Machinery Co., Ltd.",,"Hubei, China ",4.6,46 reviews,≤4h,97.3%,203 orders,"US $190,000+",-1,,,845,-1,-1,-1,-1,Yes,2,"Domestic Market(35%), Southeast Asia(20%), South America(20%)",,"Retailer, Engineer, Wholesaler, Manufacturer","sample processing, graphic processing, customized on demand, light customization, sample processing",50,1
"Guangdong Team-D Group Co., Ltd.",,"Guangdong, China ",4.8,2 reviews,≤11h,100.0%,1 orders,US $300+,-1,,,1261,-1,6,24,5,Yes,2,"Southeast Asia(40%), North America(20%), Eastern Asia(10%)",,"Retailer, Engineer, Wholesaler, Brand business, For private use, Manufacturer","light customization, sample processing, graphic processing, customized on demand",22,2
"Jiangxi Hengchang Mining Machinery Manufacturing Co., Ltd.",,"Jiangxi, China ",4.7,16 reviews,≤2h,100.0%,17 orders,"US $170,000+",-1,,,18134,-1,2,-1,20,Yes,2,"Africa(40%), Southeast Asia(25%), South America(10%)",,"Retailer, Engineer, Wholesaler, Brand business, For private use, Manufacturer","sample processing, graphic processing, customized on demand",5,6
"Hangzhou Nuzhuo Technology Group Co., Ltd.",,"Zhejiang, China ",4.2,4 reviews,≤3h,100.0%,10 orders,"US $190,000+",-1,,,15900,907513,31,-1,31,Yes,2,"Southeast Asia(20%), Africa(20%), South America(15%)",,"Retailer, Engineer, Wholesaler, Brand business, For private use, Manufacturer","sample processing, customized on demand, light customization, graphic processing",-1,2
"The Nile Machinery Co., Ltd.",,"Henan, China ",5.0,8 reviews,≤3h,100.0%,38 orders,"US $2,000,000+",-1,,,29075,-1,3,-1,30,Yes,4,"Africa(45%), Eastern Europe(25%), North America(21%)",,"Retailer, Engineer, Wholesaler, Brand business, For private use, Manufacturer","sample processing, graphic processing, customized on demand",150,3
"Henan Haolu Machinery Equipment Co., Ltd.",,"Hennan, China ",5.0,1 reviews,≤1h,100.0%,- orders,-1,-1,,,4000,-1,1,-1,8,No,1,"Domestic Market(63%), North America(11%), South America(10%)",,"Retailer, Engineer, Wholesaler, Brand business, For private use, Manufacturer",no,-1,0
"Jining Qianyu Commercial & Trade Co.,ltd",,"Shandong, China ",4.6,25 reviews,≤5h,93.8%,168 orders,"US $370,000+",-1,,,1760,-1,-1,-1,-1,Yes,3,"Eastern Europe(20%), South America(18%), Southeast Asia(13%)",,"Retailer, Engineer, Wholesaler, Brand business, For private use, Manufacturer","light customization, light customization, sample processing, graphic processing, customized on demand",2,3
"Jining Juheng Hydraulic Machinery Co., Ltd.",,"Shandong, China ",4.5,27 reviews,≤3h,96.4%,128 orders,"US $300,000+",-1,,,2000,-1,2,2300,6,Yes,1,"North America(20%), Africa(20%), Oceania(20%)",,"Retailer, Engineer, Wholesaler, Brand business, For private use, Manufacturer","light customization, sample processing, graphic processing, customized on demand, light customization, customized on demand, sample processing, graphic processing",6,3
"Foshan YXH Import & Export Co., Ltd.",,"Guangdong, China ",4.9,21 reviews,≤4h,100.0%,32 orders,"US $1,200,000+",-1,,,2300,4700000,-1,-1,35,Yes,2,"Domestic Market(50%), South Asia(13%), Southeast Asia(10%)",,"Retailer, Engineer, Wholesaler, Brand business, For private use, Manufacturer","light customization, sample processing, customized on demand, graphic processing, sample processing, graphic processing, customized on demand",-1,4
"Ganzhou Gelin Mining Machinery Co., Ltd.",,"Jiangxi, China ",-1,-1,≤11h,100.0%,1 orders,US $500+,-1,,,3000,611082,3,-1,10,Yes,2,"Domestic Market(53%), Africa(20%), South Asia(9%)",,"Retailer, Engineer, Wholesaler, Brand business, For private use, Manufacturer","sample processing, graphic processing",10,4
"Nantong Change Electric Tools Co., Ltd.",,"Jiangsu, China ",5.0,2 reviews,≤23h,100.0%,- orders,-1,-1,,,29886,-1,-1,-1,-1,Yes,11,"Eastern Europe(60%), Southeast Asia(19%), South America(15%)",,"Retailer, Wholesaler, Brand business, For private use, Manufacturer","sample processing, graphic processing, customized on demand, no",10,8
"Shandong Chuansheng Hydraulic Technology Co., Ltd.",,"Shandong, China ",-1,-1,≤23h,100.0%,- orders,-1,-1,,,2290,500000,5,-1,12,Yes,2,"Domestic Market(90%), Mid East(5%), Eastern Europe(3%)",,"Retailer, Engineer, Wholesaler, Brand business","sample processing, graphic processing, customized on demand",9,1
"Hangzhou Jiahuang Transmission Technology Co.,ltd.",,"Zhejiang, China ",5.0,10 reviews,≤2h,100.0%,- orders,-1,-1,,,14000,-1,-1,-1,-1,Yes,3,"Domestic Market(60%), Mid East(24%), South America(5%)",,"Retailer, Engineer, Wholesaler, Brand business, For private use, Manufacturer","sample processing, graphic processing, customized on demand",10,4
"Wuhan Sifang Stationery Co., Ltd.",,"Hubei, China ",5.0,1 reviews,≤1h,100.0%,- orders,-1,-1,,,11680,-1,20,-1,164,No,4,"South America(75%), North America(15%), Western Europe(10%)",,"Retailer, Engineer, Wholesaler, For private use, Manufacturer",customized on demand,500,20
"Jiangxi Jishui Jixing Stationery Co., Ltd.",,"Jiangxi, China ",4.6,11 reviews,≤2h,88.9%,76 orders,"US $370,000+",-1,,,20000,-1,35,-1,177,Yes,11,"South America(40%), North America(10%), Domestic Market(10%)",,"Retailer, Wholesaler, Brand business","graphic processing, light customization, sample processing, customized on demand",300,5
"Shenzhen Newlight Industrial Co., Ltd.",,"Guangdong, China ",4.7,125 reviews,≤2h,100.0%,593 orders,"US $470,000+",-1,,,1520,-1,0,2300000,0,Yes,3,"Domestic Market(15%), North America(13%), Eastern Asia(10%)",,"Retailer, Wholesaler, Brand business, For private use","light customization, sample processing, customized on demand, graphic processing, light customization, sample processing, graphic processing, customized on demand",18,3
"Shenzhen Asta Co., Ltd.",,"Guangdong, China ",4.9,9 reviews,≤2h,100.0%,132 orders,"US $1,000,000+",-1,,,10891,12825937,12,-1,32,Yes,15,-1,,"Retailer, Engineer, Wholesaler, Brand business, For private use, Manufacturer","sample processing, graphic processing, customized on demand, sample processing, graphic processing, customized on demand",20,24
"Hunan Hope Mints Stationery Co., Ltd.",,"Hunan, China ",-1,-1,≤3h,100.0%,- orders,-1,-1,,,27300,-1,5,-1,23,Yes,5,"Africa(40%), Mid East(30%), Southeast Asia(20%)",,"Retailer, Wholesaler",sample processing,-1,6
"Ningbo Focus Stationery Co., Ltd.",,"Zhejiang, China ",5.0,1 reviews,≤3h,100.0%,- orders,-1,-1,,,8200,-1,7,-1,40,Yes,4,"North America(50%), Eastern Europe(25%), Western Europe(25%)",,"Retailer, Engineer, Wholesaler, Brand business, For private use, Manufacturer","sample processing, graphic processing, customized on demand, sample processing, graphic processing, customized on demand",17,4
"Dongguan Tianyi Stationery Co., Ltd.",,"Guangdong, China ",4.8,104 reviews,≤1h,98.7%,- orders,-1,-1,,,10000,-1,5,-1,65,Yes,12,"North America(15%), South America(15%), Domestic Market(15%)",,"Retailer, Engineer, Wholesaler, Brand business, For private use, Manufacturer",-1,100,5
"Dongyang Zequan Office Supplies Co., Ltd.",,"Zhejiang, China ",4.7,135 reviews,≤2h,97.8%,433 orders,"US $90,000+",-1,,,4278,-1,2,1800000,31,Yes,2,"Domestic Market(25%), North America(20%), Western Europe(20%)",,"Retailer, Engineer, Wholesaler, Brand business, Manufacturer",-1,10,2
"Wenzhou Pinyange Stationery Co., Ltd.",,"Zhejiang, China ",4.6,1 reviews,≤4h,100.0%,- orders,-1,-1,,,2558,-1,-1,-1,-1,Yes,1,-1,,"Retailer, Engineer, Wholesaler, Brand business, For private use, Manufacturer","sample processing, graphic processing, customized on demand, sample processing, graphic processing, customized on demand",60,1
"Zhejiang Moka Stationery Co., Ltd.",,"Zhejiang, China ",5.0,4 reviews,≤4h,76.5%,- orders,-1,-1,,,16000,-1,6,116600000,100,Yes,3,-1,,"Retailer, Wholesaler, Brand business, For private use, Manufacturer","sample processing, graphic processing, customized on demand",353,1
"Hefei Kaxing Digital Control Equipment Co., Ltd.",,"Anhui, China ",4.7,84 reviews,≤3h,100.0%,364 orders,"US $480,000+",-1,,,13000,-1,10,-1,6,Yes,8,"Domestic Market(50%), North America(20%), Southeast Asia(15%)",,"Retailer, Engineer, Wholesaler, Brand business, For private use, Manufacturer","light customization, customized on demand, sample processing, graphic processing",20,20
"Wuyi Longshun Industry & Trade Co., Ltd.",,"Zhejiang, China ",4.6,24 reviews,≤9h,100.0%,- orders,-1,-1,,,4200,13500000,4,-1,13,Yes,2,"North America(55%), Western Europe(25%), Domestic Market(10%)",,"Retailer, Engineer, Wholesaler, Brand business, For private use, Manufacturer","sample processing, graphic processing, customized on demand, sample processing, graphic processing, customized on demand",150,3
"Shenzhen Yuezhicai Printing Co., Ltd.",,"Guangdong, China ",-1,-1,≤1h,100.0%,- orders,-1,-1,,,6600,-1,5,-1,45,Yes,6,Domestic Market(100%),,"Retailer, Engineer, Wholesaler, Brand business, Manufacturer","sample processing, graphic processing, customized on demand",730,5
"Tonglu Ido Imp & Exp Co., Ltd.",,"Zhejaing, China ",4.8,111 reviews,≤1h,97.8%,420 orders,"US $140,000+",-1,,,3438,-1,-1,15000000,-1,Yes,4,"Eastern Europe(25%), North America(10%), Southeast Asia(10%)",,"Retailer, Brand business","sample processing, graphic processing, customized on demand, sample processing, graphic processing, customized on demand",30,3
"Yiwu Guole Trading Co., Ltd.",,"Zhejiang, China ",4.1,11 reviews,≤2h,95.9%,- orders,-1,-1,,,981,-1,6,-1,6,Yes,2,"North America(31%), Southeast Asia(22%), Eastern Europe(10%)",,"Retailer, Wholesaler, Brand business","sample processing, graphic processing, customized on demand, sample processing, graphic processing, customized on demand",200,2
"Yiwu Yuanxin Crafts Co., Ltd.",,"Zhejiang, China ",4.5,27 reviews,≤4h,98.1%,105 orders,"US $390,000+",-1,,,4722,-1,2,-1,32,Yes,0,"Western Europe(35%), North America(23%), Domestic Market(23%)",,"Retailer, Engineer, Wholesaler, Brand business, For private use, Manufacturer","sample processing, graphic processing, customized on demand",55,2
"Beijing Huiyinda Technology Co., Ltd.",,"Beijing, China ",4.4,20 reviews,≤4h,100.0%,- orders,-1,-1,,,3074,-1,15,-1,45,Yes,3,"Domestic Market(40%), North America(30%), Southeast Asia(11%)",,"Retailer, Engineer, Wholesaler, Brand business, For private use, Manufacturer","light customization, sample processing, graphic processing, customized on demand, light customization, sample processing, graphic processing, customized on demand",-1,3
"Wenzhou Guikang Stationery & Gifts Co., Ltd.",,"Zhejiang, China ",4.8,90 reviews,≤2h,99.6%,389 orders,"US $90,000+",-1,,,1200,-1,3,252000000,10,Yes,1,"Western Europe(30%), South Asia(30%), North America(15%)",,-1,"sample processing, graphic processing, customized on demand, no",30,1
"Yiwu Jipinshe Cultural Products Co., Ltd.",,"Zhejiang, China ",4.6,168 reviews,≤3h,96.7%,456 orders,"US $130,000+",-1,,,960,-1,3,1620000,24,Yes,1,"North America(30%), Western Europe(30%), Domestic Market(30%)",,"Retailer, Engineer, Wholesaler, Brand business, For private use, Manufacturer","light customization, graphic processing, sample processing, customized on demand, no",140,1
"Guangzhou Bieju Jiangxin Stationery Co., Ltd.",,"Guangdong, China ",4.8,5 reviews,≤1h,100.0%,59 orders,"US $40,000+",-1,,,465,-1,4,-1,26,Yes,2,"North America(15%), South America(15%), Eastern Europe(15%)",,"Retailer, Wholesaler, For private use","no, graphic processing, sample processing, customized on demand",130,1
"Shenzhen Asta Co., Ltd.",,"Guangdong, China ",4.6,15 reviews,≤4h,100.0%,103 orders,"US $230,000+",-1,,,12302,1380394,12,-1,20,Yes,16,-1,,"Retailer, Wholesaler, Brand business, For private use, Manufacturer","light customization, sample processing, graphic processing, customized on demand, light customization, sample processing, graphic processing, customized on demand",40,26
"Zhengzhou Yuhe Print&Design Co., Ltd.",,"Henan, China ",4.7,41 reviews,≤6h,100.0%,256 orders,"US $580,000+",-1,,,1163,1620000,-1,5500000,-1,Yes,3,"North America(30%), Africa(15%), Mid East(15%)",,"Retailer, Engineer, Wholesaler, Brand business, For private use, Manufacturer","sample processing, graphic processing, customized on demand, sample processing, graphic processing, customized on demand",-1,2
"Hefei Colorfly Stationery Co., Ltd.",,"Anhui, China ",5.0,2 reviews,≤5h,100.0%,- orders,-1,-1,,,8080,-1,7,-1,8,Yes,6,"Africa(40%), Mid East(15%), Domestic Market(10%)",,"Retailer, Engineer, Wholesaler, Brand business, For private use, Manufacturer","graphic processing, customized on demand, sample processing, graphic processing, customized on demand, sample processing",100,5
"Guangdong Hongjin Cultural Technology Co., Ltd.",,"Guangdong, China ",4.9,24 reviews,≤9h,100.0%,- orders,-1,-1,,,10910,5058697,-1,-1,-1,Yes,8,"North America(40%), Eastern Asia(10%), South America(5%)",,"Retailer, Engineer, Wholesaler, Brand business, Manufacturer","graphic processing, sample processing, customized on demand, light customization, sample processing, graphic processing, customized on demand",20,13
"Yiwu Shuailing Paper Products Co., Ltd.",,"Zhejiang, China ",4.6,49 reviews,≤4h,81.8%,- orders,-1,-1,,,2500,-1,7,-1,16,Yes,3,"North America(22%), South America(18%), Eastern Europe(13%)",,"Retailer, Wholesaler, Brand business","sample processing, graphic processing, customized on demand",50,2
"Cangnan Wanfu Stickers Co., Ltd.",,"Zhejiang, China ",4.6,13 reviews,≤3h,100.0%,95 orders,"US $110,000+",-1,,,1000,1570540,-1,-1,-1,Yes,1,"North America(25%), South America(25%), Western Europe(10%)",,"Retailer, Wholesaler, Brand business, Manufacturer","sample processing, graphic processing, customized on demand, sample processing, graphic processing, customized on demand",20,2
"Jiangyin Gold Kai Paper Co., Ltd.",,"Jiangsu, China ",4.6,6 reviews,≤3h,85.7%,26 orders,"US $10,000+",-1,,,7000,-1,5,-1,30,Yes,3,"Domestic Market(50%), Africa(6%), North America(5%)",,"Retailer, Engineer, Wholesaler, Brand business, For private use, Manufacturer","light customization, sample processing, graphic processing, customized on demand",-1,3
"Dratec Stationery Co., Ltd.",,"Shandong, China ",4.9,19 reviews,≤4h,93.2%,78 orders,"US $160,000+",-1,,,2200,-1,3,1870000,45,Yes,2,"North America(15%), Western Europe(10%), South Asia(10%)",,-1,"light customization, sample processing, graphic processing",-1,-1
"Shantou Dunpai Stationery Co., LTD",,"Guangdong, China ",4.4,15 reviews,≤4h,95.2%,79 orders,"US $10,000+",-1,,,3266,1400000,3,-1,25,Yes,2,"Domestic Market(40%), Southeast Asia(30%), South Asia(10%)",,"Retailer, Wholesaler, Brand business, For private use, Manufacturer","sample processing, graphic processing, customized on demand, sample processing, graphic processing, customized on demand",8,2
Jinxian County Wengang Town Xinbowen Brush Factory,,"Jiangxi Province, China ",4.7,23 reviews,≤2h,95.9%,100 orders,"US $50,000+",-1,,,3000,3594800,1,-1,24,Yes,2,"North America(25%), Domestic Market(14%), South America(10%)",,"Retailer, Engineer, Wholesaler, Brand business, For private use, Manufacturer","sample processing, graphic processing, customized on demand, sample processing, graphic processing, customized on demand",75,1
"Zhejiang Delijia Stationery Co., Ltd.",,"Zhejiang, China ",4.9,2 reviews,≤8h,100.0%,7 orders,"US $3,400,000+",-1,,,30000,14640973,-1,-1,-1,Yes,10,"North America(30%), South America(20%), Western Europe(20%)",,"Retailer, Engineer, Wholesaler, Brand business, For private use, Manufacturer","light customization, sample processing, graphic processing, customized on demand",200,11
"Huizhou Xintai Machinery Equipment Co., Ltd.",,"Guangdong, China ",5.0,8 reviews,≤5h,100.0%,52 orders,"US $6,000+",-1,,,3108,-1,1,-1,22,Yes,1,"North America(40%), Domestic Market(30%), Western Europe(15%)",,"Retailer, Engineer, Wholesaler, Brand business, For private use, Manufacturer","sample processing, graphic processing, customized on demand, sample processing, graphic processing, customized on demand",11,2
"Hefei Skyfly Enterprise Co., Ltd.",,"Anhui, China ",5.0,3 reviews,≤5h,100.0%,- orders,-1,-1,,,6940,-1,5,-1,10,Yes,5,-1,,"Retailer, Engineer, Wholesaler, Brand business, For private use, Manufacturer","light customization, sample processing, graphic processing, customized on demand, sample processing, graphic processing, customized on demand",800,2
